study,arm,seed,group,residents,founders,deaths,deaths_hunger,deaths_attack,founder,alive_end,died_day,days_alive,hungry_days,weak_days,food_end,food_mean,coins_end,health_mean,place_entropy,share_work,share_move,share_buy,share_sell,share_offer,share_give,share_pay,share_take,share_attack,share_report,share_message,share_post,share_build,share_make_tool,share_treat,share_hire,share_job_start,share_make_ask,share_will,share_title,share_group_start,share_run,share_propose,share_wait,share_invalid,days_at_Homes,days_at_Square,days_at_Fields,days_at_Woods,days_at_Workshop,days_at_Market,days_at_Clinic,days_at_Jail,days_at_Town_Hall,food_made,materials_made,food_given,food_received,food_given_to_hungry,takes,taken_from,took_amount,takes_from_sellers,attacks,attacked,lines,lines_grief,lines_equal,undelivered,msgs_received,bought_food,bought_from_merchant,bought_from_residents,coins_spent,sold,food_offered,jobs_taken,jobs_given,babies,asks,tried,convicted,proposals,stood,store_food_handed_out,store_food_received,store_food_to_self,food_spoiled,food_raised,mean_line_chars,contacts,mayor_days,offer_price_mean,food_given_same_group,takes_same_group,asks_same_group,trust,fair,stay,legit,city_fair,deserve,fair_chance,restructure,belong_names_group,trust_received,trust_received_same_group,trust_received_other_group,total_food_given,total_takes,total_attacks,total_lines,total_babies,total_asks,total_food_spoiled,total_food_raised,total_mayor_days,total_bought_food,total_food_offered,total_undelivered,food_gini_end
castes,ctl,1,rank 1,10,10,0,0,0,1,1,,200,14.5,0,394.3,179.724,20,99.992,0.1642,0.8355,0.015,0.0,0.0,0.0,0.0055,0.0,0.0,0.0,0.0,0.0,0.0035,0.0,0.0,0.0,0.0,0.0015,0.0,0.0,0.0005,0.0,0.004,0.001,0.0,0.0055,0.1,2.7,179.7,0,0,0,0,0,17.5,634,0,5.4,0,0,0,0,0,0,0,0,199.2,0,0.6,0,0,0,0,0,0,0,0,0.3,0,0,0,0,0,0.2,0.8,0,0,0,0,0,95.62,0.6,15.6,,0,0,0,6.2722,7.7862,96.7024,7.5792,7.7741,7.3626,6.7868,1.6065,0.3804,6.3231,6.2929,6.3084,54,0,0,1992,0,0,0,0,156,0,0,0,0.1132
castes,ctl,1,rank 2,10,10,0,0,0,1,1,,200,0,0,436.6,200.866,20,100,0.1678,0.918,0.014,0.0,0.0,0.0,0.0035,0.0,0.0,0.0,0.0,0.0,0.0035,0.0,0.0005,0.0,0.0,0.004,0.0,0.0,0.0005,0.0,0.002,0.0,0.0,0.0,0.3,3.1,195.2,1.1,0.3,0,0,0,0,697.8,1.8,4.6,0,0,0,0,0,0,0,0,199.2,0,0.6,0,0,0,0,0,0,0,0,0.8,0,0,0,0,0,0,0.4,0,0,0,0,0,97.88,0.7,2,,0,0,0,6.4282,7.7455,96.7799,7.6122,7.7249,7.4546,6.8483,1.5788,0.7033,6.4452,6.415,6.4529,46,0,0,1992,0,0,0,0,20,0,0,0,0.0206
castes,ctl,1,rank 3,10,10,0,0,0,1,1,,200,0,0,448.8,211.12,20,100,0.1545,0.9085,0.018,0.0,0.0,0.0,0.0025,0.0,0.0,0.0,0.0,0.0,0.0055,0.0,0.0,0.0,0.0,0.0035,0.0,0.0,0.0,0.0,0.0015,0.0,0.0,0.0,0,3.6,195.6,0.6,0,0,0,0,0.2,690.2,0.8,2.1,16.8,0,0,0,0,0,0,0,200,0,0.3,0,0,0,0,0,0,0,0,0.7,0,0,0,0,0,0,0.3,0,0,0,0,0,94.96,3.2,2,,2.1,0,0,6.5048,7.774,96.8681,7.6164,7.7597,7.3991,6.8298,1.5224,0.7414,6.412,6.4414,6.3796,21,0,0,2000,0,0,0,0,20,0,0,0,0.0402
castes,ctl,1,rank 4,10,10,0,0,0,1,1,,200,0.3,0,433,198.657,19,99.992,0.1479,0.9115,0.013,0.0005,0.0005,0.0,0.0035,0.0,0.0,0.0,0.0,0.0,0.0045,0.0,0.0,0.0,0.0,0.005,0.0,0.0,0.0,0.0,0.001,0.0,0.0,0.0,0.1,2.9,195.9,0.7,0,0.4,0,0,0,692.2,1,2.8,0,0,0,0,0,0,0,0,199.2,0,0.4,0,0,0.5,0.5,0,2,1,0,1,0,0,0,0,0,0,0.2,0,0,0,0,0,95.03,0.6,0,,0,0,0,6.243,7.6837,96.7417,7.5367,7.6784,7.3105,6.7811,1.6228,0.6747,6.4593,6.4908,6.4733,28,0,0,1992,0,0,0,0,0,5,0,0,0.0215
castes,ctl,1,rank 5,10,10,0,0,0,1,1,,200,3.1,0.8,422.4,187.434,16.2,98.987,0.2564,0.898,0.019,0.003,0.001,0.0,0.0025,0.0,0.0,0.0,0.0,0.0,0.004,0.0015,0.0,0.0,0.0,0.008,0.0,0.0,0.0,0.0,0.002,0.0005,0.0,0.0,0.5,4,192.3,1.2,0.3,1.3,0,0,0.4,679.3,1.8,1.9,0,0,0,0,0,0,0,0,199.7,0,0.4,0,0,1.1,1.1,0,4.4,0.6,0,1.6,0,0,0,0,0,0.1,0.4,0,0,0,0,0,92.49,0.5,0,,0,0,0,6.2727,7.6058,96.0655,7.4328,7.5853,7.1957,6.6569,1.7071,0.9009,6.4678,6.7157,6.3961,19,0,0,1997,0,0,0,0,0,11,0,0,0.0293
castes,ctl,1,all,50,50,0,0,0,1,1,,200,3.58,0.16,427.02,195.5602,19.04,99.7942,0.1782,0.8943,0.0158,0.0007,0.0003,0.0,0.0035,0.0,0.0,0.0,0.0,0.0,0.0042,0.0003,0.0001,0.0,0.0,0.0044,0.0,0.0,0.0002,0.0,0.0021,0.0003,0.0,0.0011,0.2,3.26,191.74,0.72,0.12,0.34,0,0,3.62,678.7,1.08,3.36,3.36,0,0,0,0,0,0,0,199.46,0,0.46,0,0,0.32,0.32,0,1.28,0.32,0,0.88,0,0,0,0,0,0.06,0.42,0,0,0,0,0,95.196,1.12,3.92,,0.42,0,0,6.3442,7.719,96.6315,7.5555,7.7045,7.3445,6.7806,1.6075,0.6801,6.4215,6.4708,6.4021,168,0,0,9973,0,0,0,0,196,16,0,0,0.047
castes,ctl,10,rank 1,10,10,0,0,0,1,1,,200,1.5,0,416.5,180.947,18.3,99.797,0.4734,0.8915,0.037,0.001,0.0005,0.0,0.0,0.0,0.0,0.0,0.0,0.0,0.01,0.0,0.002,0.0,0.0,0.0,0.0,0.0,0.0,0.0,0.001,0.0,0.0,0.0,0,7.3,185.1,6,0.8,0.5,0,0,0.3,667.8,9.4,0,0,0,0,0,0,0,0,0,200.4,0,0.4,0,0,0.8,0.8,0,3.2,1.5,0,0,0,0,0,0,0,0,0.2,0,0,0,0,0,104.8,0,0,,0,0,0,6.1701,7.744,96.6477,7.542,7.7055,7.2443,6.8436,1.6255,0.412,6.0412,6.1208,6.0017,0,0,0,2004,0,0,0,0,0,8,0,0,0.0203
castes,ctl,10,rank 2,10,10,0,0,0,1,1,,200,3,0,421.2,184.575,17.3,99.633,0.4999,0.887,0.039,0.002,0.0005,0.0,0.0,0.0005,0.0,0.0,0.0,0.0,0.009,0.0,0.0035,0.0,0.0,0.0,0.0,0.0,0.0,0.0,0.0,0.001,0.0,0.0005,0,6.7,184.3,5.7,1.2,1.4,0,0,0.7,671.8,8.4,0,0,0,0,0,0,0,0,0,199.2,0,0,0,0,0.6,0.6,0,2.4,0.7,0,0,0,0,0,0,0,0.2,0,0,0,0,0,0,106.64,0,0,,0,0,0,6.2668,7.8245,96.8133,7.6045,7.7968,7.2648,6.9196,1.5628,0.5814,5.8741,6.1115,5.8248,0,0,0,1992,0,0,0,0,0,6,0,0,0.0251
castes,ctl,10,rank 3,10,10,0,0,0,1,1,,200,1.7,0,426.7,188.771,14.1,99.716,0.4915,0.885,0.042,0.0015,0.0005,0.0,0.0,0.0005,0.0,0.0,0.0,0.0,0.0075,0.0,0.0055,0.0,0.0,0.0005,0.0,0.0,0.0,0.0,0.0,0.0,0.0,0.0,0,6.6,185.2,5.5,2,0.7,0,0,0,677.8,8.8,0,0,0,0,0,0,0,0,0,200.2,0,0.2,0,0,1.5,1.5,0,6,1.1,0,0.1,0,0,0,0,0,0,0,0,0,0,0,0,102.85,0,0,,0,0,0,6.5068,7.8747,96.85,7.6463,7.8385,7.3411,6.9132,1.508,0.8393,6.5704,6.9359,6.4834,0,0,0,2002,0,0,0,0,0,15,0,0,0.019
castes,ctl,10,rank 4,10,10,0,0,0,1,1,,200,2.3,0,411.5,177.266,20,99.616,0.4745,0.883,0.039,0.001,0.0005,0.0,0.0,0.0005,0.0,0.0,0.0,0.0,0.0095,0.0,0.0015,0.0,0.0,0.0,0.0,0.0,0.0,0.0,0.0065,0.0005,0.0,0.0,0.2,8.3,184.9,5.2,0.6,0.5,0,0,0.3,661.8,7.8,0,0,0,0,0,0,0,0,0,200.3,0,0.4,0,0,0.8,0.8,0,3.2,1.2,0,0,0.1,0,0,0,0,0.1,1.3,0,0,0,0,0,105.1,0,19.6,,0,0,0,6.4495,7.8989,96.9444,7.6678,7.8718,7.393,6.9432,1.5366,0.7468,6.2999,6.5902,6.1969,0,0,0,2003,0,0,0,0,196,8,0,0,0.0275
castes,ctl,10,rank 5,10,10,3,3,0,1,0.7,28.6667,148.3,4.9,1.2,292.1,127.222,14,93.043,0.8003,0.7177,0.1216,0.0298,0.0188,0.0,0.0,0.0,0.0,0.0,0.0,0.0,0.0124,0.0,0.0042,0.0,0.0,0.0,0.0,0.0,0.0,0.0,0.0005,0.0,0.0,0.0,0.2,6.6,130.3,7.3,0.8,3.1,0,0,0,468.5,11,0,0,0,0,0,0,0,0,0,148.7,0,0.9,0,0,2.5,2.5,0,10,4.5,0,0,0,0,0,0,0,0,0.1,0,0,0,0,0,110.15,0,0,,0,0,0,5.8089,6.7192,87.643,6.641,6.7185,6.3909,6.2371,2.7824,0.7536,6.1486,6.1056,6.1685,0,0,0,1487,0,0,0,0,0,25,0,0,0.0186
castes,ctl,10,all,50,50,3,3,0,1,0.94,28.6667,189.66,2.68,0.24,393.6,171.7562,16.74,98.361,0.5479,0.8528,0.0557,0.0071,0.0042,0.0,0.0,0.0003,0.0,0.0,0.0,0.0,0.0097,0.0,0.0033,0.0,0.0,0.0001,0.0,0.0,0.0,0.0,0.0016,0.0003,0.0,0.0001,0.08,7.1,173.96,5.94,1.08,1.24,0,0,0.26,629.54,9.08,0,0,0,0,0,0,0,0,0,189.76,0,0.38,0,0,1.24,1.24,0,4.96,1.8,0,0.02,0.02,0,0,0,0,0.06,0.32,0,0,0,0,0,105.908,0,3.92,,0,0,0,6.2404,7.6123,94.9797,7.4203,7.5862,7.1268,6.7713,1.8031,0.6666,6.1868,6.3782,6.1351,0,0,0,9488,0,0,0,0,196,62,0,0,0.0239
castes,ctl,2,rank 1,10,10,0,0,0,1,1,,200,2.4,0,421.3,184.694,6,99.984,0.4968,0.871,0.055,0.0045,0.0,0.0,0.0,0.0,0.0,0.0,0.0,0.0,0.005,0.0,0.004,0.0,0.0,0.0,0.0,0.0,0.0,0.0,0.0015,0.001,0.0,0.0,0.1,7.9,184.7,0.7,4.1,1.8,0,0,0.7,676.6,0.6,0,0,0,0,0,0,0,0,0,198.7,0,0.2,0,0,0,3.5,0,14,0,0,0,0,0,0,0,0,0.2,0.3,0,0,0,0,0,88.78,0,0,,0,0,0,5.8916,7.568,96.4377,7.3713,7.5406,7.1567,6.4738,1.6861,0.5248,5.9506,6.2373,5.8821,0,0,0,1987,0,0,0,0,0,0,0,0,0.018
castes,ctl,2,rank 2,10,10,0,0,0,1,1,,200,0.9,0,433.8,198.648,14.4,100,0.2226,0.8995,0.028,0.002,0.0,0.0,0.0,0.0,0.0,0.0,0.0,0.0,0.001,0.0,0.002,0.0,0.0,0.0,0.0,0.0005,0.0,0.0,0.0055,0.0,0.0,0.001,0.1,3.4,193.9,0.5,1.1,1,0,0,0,691,0.8,0,0,0,0,0,0,0,0,0,198.8,0,0.2,0,0,0,1.4,0,5.6,0,0,0,0,0,0,0,0,0,1.1,0,0,0,0,0,86.97,0,17.6,,0,0,0,6.144,7.806,96.771,7.5746,7.7807,7.3609,6.6612,1.504,0.5361,5.7436,6.3334,5.6243,0,0,0,1988,0,0,0,0,176,0,0,0,0.0171
castes,ctl,2,rank 3,10,10,0,0,0,1,1,,200,19.9,0,387.7,173.642,11.6,99.976,0.4309,0.8875,0.047,0.006,0.0025,0.0,0.0,0.0,0.0,0.0,0.0,0.0,0.003,0.0,0.0035,0.0,0.0,0.0,0.0,0.0,0.0,0.0,0.0005,0.0,0.0,0.0,0.1,6,168.9,20.1,2.1,2.8,0,0,0,618.1,67.3,0,0,0,0,0,0,0,0,0,198.4,0,0.2,0,0,1.4,3.8,0,15.2,6.8,0,0,0,0,0,0,0,0,0.1,0,0,0,0,0,83.98,0,2,,0,0,0,5.7612,7.5637,96.2763,7.3892,7.5624,7.144,6.5217,1.6711,0.7041,6.0115,6.1819,5.9747,0,0,0,1984,0,0,0,0,20,14,0,0,0.1175
castes,ctl,2,rank 4,10,10,0,0,0,1,1,,200,0,0,434,198.247,11.6,100,0.2613,0.8965,0.033,0.0025,0.0,0.0,0.0,0.0,0.0,0.0,0.0,0.0,0.003,0.0,0.0025,0.0,0.0,0.0,0.0,0.0,0.0,0.0,0.0,0.0,0.0,0.001,0,4.3,192.5,0,2.2,1,0,0,0,692.2,0,0,0,0,0,0,0,0,0,0,199.4,0,0.7,0,0,0,2.1,0,8.4,0,0,0,0,0,0,0,0,0,0,0,0,0,0,0,88.32,0,0,,0,0,0,5.9683,7.6826,96.4637,7.4814,7.6701,7.2826,6.6152,1.6425,0.7456,5.9407,6.0341,5.9185,0,0,0,1994,0,0,0,0,0,0,0,0,0.0128
castes,ctl,2,rank 5,10,10,0,0,0,1,1,,200,18.5,0,396.8,182.611,14.7,99.992,0.2951,0.8975,0.038,0.0045,0.002,0.0,0.0,0.0,0.0,0.0,0.0,0.0,0.0015,0.0,0.002,0.0,0.0,0.0,0.0,0.0005,0.0,0.0,0.001,0.0,0.0,0.0005,0.1,4.7,173.7,17,1.7,2.8,0,0,0,629.7,61.3,0,0,0,0,0,0,0,0,0,199.2,0,0.4,0,0,1,2.4,0,9.6,4.3,0,0,0,0,0,0,0,0,0.2,0,0,0,0,0,84.39,0,0,,0,0,0,5.9055,7.7338,96.522,7.5362,7.71,7.3592,6.6643,1.5885,0.8122,6.0571,6.0566,6.0764,0,0,0,1992,0,0,0,0,0,10,0,0,0.1144
castes,ctl,2,all,50,50,0,0,0,1,1,,200,8.34,0,414.72,187.5684,11.66,99.9904,0.3413,0.8904,0.0402,0.0039,0.0009,0.0,0.0,0.0,0.0,0.0,0.0,0.0,0.0027,0.0,0.0028,0.0,0.0,0.0,0.0,0.0002,0.0,0.0,0.0017,0.0002,0.0,0.0005,0.08,5.26,182.74,7.66,2.24,1.88,0,0,0.14,661.52,26,0,0,0,0,0,0,0,0,0,198.9,0,0.34,0,0,0.48,2.64,0,10.56,2.22,0,0,0,0,0,0,0,0.04,0.34,0,0,0,0,0,86.488,0,3.92,,0,0,0,5.9341,7.6708,96.4941,7.4705,7.6528,7.2607,6.5872,1.6184,0.6646,5.9407,6.1714,5.8952,0,0,0,9945,0,0,0,0,196,24,0,0,0.0585
castes,ctl,3,rank 1,10,10,0,0,0,1,1,,200,0,0,434.2,196.806,20,100,0.1561,0.9075,0.02,0.0,0.0,0.0,0.0,0.0,0.0,0.0,0.0,0.0,0.0065,0.0,0.0,0.0,0.0,0.0,0.0,0.0,0.0,0.0,0.002,0.0,0.0,0.0,0.1,4.1,195.5,0,0,0,0,0,0.3,691,0,0,0,0,0,0,0,0,0,0,199.8,0,2.4,0,0,0,0,0,0,0,0,0,0,0,0,0,0,0,0.4,0,0,0,0,0,101.65,0,0,,0,0,0,6.2546,7.7685,96.7353,7.5507,7.7392,7.3134,6.8271,1.6772,0.8382,6.5929,6.8862,6.5119,0,0,0,1998,0,0,0,0,0,0,0,0,0.0139
castes,ctl,3,rank 2,10,10,0,0,0,1,1,,200,0.6,0,431.4,193.895,20,100,0.2137,0.9045,0.024,0.0,0.0,0.0,0.0,0.0,0.0,0.0,0.0,0.0,0.0065,0.0,0.0,0.0,0.0,0.0,0.0,0.0005,0.0,0.0,0.001,0.001,0.0,0.0,0,4.6,193.7,0.6,0.1,0,0,0,1,687.4,0.6,0,0,0,0,0,0,0,0,0,199.5,0,2.4,0,0,0,0,0,0,0,0,0,0,0,0,0,0,0.2,0.2,0,0,0,0,0,102.97,0,0,,0,0,0,6.2787,7.8352,96.8292,7.5889,7.806,7.3197,6.84,1.6103,0.8877,6.3658,6.7956,6.2859,0,0,0,1995,0,0,0,0,0,0,0,0,0.0206
castes,ctl,3,rank 3,10,10,0,0,0,1,1,,200,0.9,0,437.4,200.162,18.2,99.858,0.1685,0.91,0.019,0.0005,0.0005,0.0,0.0,0.0,0.0,0.0,0.0,0.0,0.005,0.0,0.0005,0.0,0.0,0.0,0.0,0.0,0.0,0.0,0.001,0.0,0.0,0.0,0.2,3.2,195.3,0.5,0.2,0.6,0,0,0,693.4,0.8,0,0.1,0,0,0,0,0,0,0,198.6,0,2.8,0,0,0.5,0.5,0,2,0.2,0,0,0,0,0,0,0,0,0.2,0,0,0,0,0,100.7,0.1,0,,0,0,0,6.3807,7.9222,96.9636,7.6317,7.8605,7.4436,6.8442,1.6222,0.8591,6.1248,6.5594,6.0236,0,0,0,1986,0,0,0,0,0,5,0,0,0.0116
castes,ctl,3,rank 4,10,10,0,0,0,1,1,,200,1.3,0,420.6,188.427,18,99.933,0.2744,0.888,0.025,0.0005,0.0,0.0,0.0005,0.0,0.0,0.0,0.0,0.0,0.008,0.0,0.0005,0.0,0.0,0.0,0.0,0.0,0.0,0.0,0.006,0.001,0.0,0.0,0.1,5.5,191.6,0.9,0.5,0.3,0,0,1.1,675,1.2,0.1,0,0.1,0,0,0,0,0,0,199.4,0,2.4,0,0,0.5,0.5,0,2,0,0,0,0,0,0,0,0,0.2,1.2,0,0,0,0,0,101.79,0.1,19.6,,0,0,0,6.267,7.8286,96.6065,7.5554,7.7866,7.2903,6.8074,1.6632,0.9616,6.2926,6.662,6.2183,1,0,0,1994,0,0,0,0,196,5,0,0,0.0329
castes,ctl,3,rank 5,10,10,0,0,0,1,1,,200,0,0,436.5,198.577,20,100,0.1704,0.9125,0.021,0.0,0.0,0.0,0.0,0.0,0.0,0.0,0.0,0.0,0.0055,0.0,0.0,0.0,0.0,0.0,0.0,0.0,0.0,0.0005,0.001,0.0,0.0,0.0,0.2,4.2,195.1,0.5,0,0,0,0,0,693.8,0.6,0,0,0,0,0,0,0,0,0,200.1,0,7.3,0,0,0,0,0,0,0,0,0,0,0,0,0,0,0,0.2,0,0,0,0,0,102.57,0,0,,0,0,0,6.3663,7.7739,97.0696,7.5706,7.7484,7.3218,6.8233,1.6112,0.9604,6.1001,6.7,5.9374,0,0,0,2001,0,0,0,0,0,0,0,0,0.0088
castes,ctl,3,all,50,50,0,0,0,1,1,,200,0.56,0,432.02,195.5734,19.24,99.9582,0.1966,0.9045,0.0218,0.0002,0.0001,0.0,0.0001,0.0,0.0,0.0,0.0,0.0,0.0063,0.0,0.0002,0.0,0.0,0.0,0.0,0.0001,0.0,0.0001,0.0022,0.0004,0.0,0.0,0.12,4.32,194.24,0.5,0.16,0.18,0,0,0.48,688.12,0.64,0.02,0.02,0.02,0,0,0,0,0,0,199.48,0,3.46,0,0,0.2,0.2,0,0.8,0.04,0,0,0,0,0,0,0,0.08,0.44,0,0,0,0,0,101.936,0.04,3.92,,0,0,0,6.3095,7.8257,96.8408,7.5795,7.7881,7.3378,6.8284,1.6368,0.9014,6.2952,6.7206,6.1954,1,0,0,9974,0,0,0,0,196,10,0,0,0.0189
castes,ctl,4,rank 1,10,10,0,0,0,1,1,,200,18.7,0,347.8,152.739,18,99.872,0.3843,0.786,0.033,0.0005,0.0,0.0,0.0,0.0,0.0,0.0,0.0,0.0,0.0055,0.0,0.0025,0.0,0.0,0.0265,0.0,0.0,0.0005,0.0,0.0055,0.001,0.0,0.0065,0.1,6,168.5,4.8,1.6,0.3,0,0,18.7,590.9,10.1,0,0,0,0,0,0,0,0,0,199.3,0,0.8,0,0,0.5,0.5,0,2,0,0,5.3,0.7,0,0,0,0,0.2,1.1,0,0,0,0,0,90.57,0,15.6,,0,0,0,6.1119,7.8856,96.571,7.6171,7.8435,7.3196,6.8043,1.4992,0.47,6.3237,6.3067,6.2876,0,0,0,1993,0,0,0,0,156,5,0,0,0.2128
castes,ctl,4,rank 2,10,10,0,0,0,1,1,,200,0.7,0,434.3,196.96,20,99.94,0.2747,0.916,0.025,0.0,0.0,0.0,0.0,0.0,0.0,0.0,0.0,0.0,0.0035,0.0,0.0015,0.0,0.0,0.0,0.0,0.0,0.0,0.0,0.002,0.0,0.0,0.0,0,3.7,191.7,4,0.6,0,0,0,0,691.8,6,0,0,0,0,0,0,0,0,0,199.4,0,0.2,0,0,0,0,0,0,0,0,0,0,0,0,0,0,0,0.4,0,0,0,0,0,92.47,0,4,,0,0,0,6.2342,7.9686,96.9036,7.7419,7.9451,7.4853,6.9823,1.4445,0.5058,6.0559,6.3139,6.01,0,0,0,1994,0,0,0,0,40,0,0,0,0.023
castes,ctl,4,rank 3,10,10,0,0,0,1,1,,200,3.2,0,430.6,191.832,20,99.858,0.3988,0.9015,0.033,0.0,0.0,0.0,0.0,0.0,0.0,0.0,0.0,0.0,0.0045,0.002,0.0035,0.0,0.0,0.0,0.0,0.0,0.0,0.0,0.0015,0.0,0.0,0.0,0.5,5.2,187.7,5.2,1.4,0,0,0,0,685.4,7.5,0,0,0,0,0,0,0,0,0,200,0,0.6,0,0,0,0,0,0,0,0,0,0,0,0,0,0,0,0.3,0,0,0,0,0,91.25,0,0,,0,0,0,6.2501,7.9045,96.8843,7.7053,7.8833,7.4224,6.9919,1.4774,0.6232,6.1966,6.6003,6.1031,0,0,0,2000,0,0,0,0,0,0,0,0,0.018
castes,ctl,4,rank 4,10,10,0,0,0,1,1,,200,1.2,0,436.7,195.781,18,99.887,0.3748,0.9095,0.031,0.0005,0.0,0.0,0.0,0.0,0.0,0.0,0.0,0.0,0.0035,0.0,0.003,0.0,0.0,0.0,0.0,0.0,0.0,0.0,0.0015,0.0,0.0,0.0,0.2,5.1,189,4.2,1.3,0.2,0,0,0,693.8,5.4,0,0,0,0,0,0,0,0,0,199.4,0,0.1,0,0,0.5,0.5,0,2,0,0,0,0,0,0,0,0,0,0.3,0,0,0,0,0,93.22,0,0,,0,0,0,6.2013,7.9269,97.0136,7.704,7.8869,7.4351,6.9754,1.4809,0.6742,6.1695,6.5698,6.0855,0,0,0,1994,0,0,0,0,0,5,0,0,0.0111
castes,ctl,4,rank 5,10,10,0,0,0,1,1,,200,3.1,0,427.3,187.867,20,99.648,0.4111,0.912,0.03,0.0,0.0,0.0,0.0,0.0,0.0,0.0,0.0,0.0,0.005,0.0,0.0015,0.0,0.0,0.0,0.0,0.0,0.0,0.0,0.001,0.0,0.0,0.0,0,4.6,187.2,7.3,0.9,0,0,0,0,682.6,9,0,0,0,0,0,0,0,0,0,199.7,0,0.3,0,0,0,0,0,0,0,0,0,0,0,0,0,0,0,0.2,0,0,0,0,0,93.82,0,0,,0,0,0,6.1289,7.8795,96.9877,7.6879,7.8609,7.4227,6.945,1.4766,0.8596,6.1068,6.2113,6.1033,0,0,0,1997,0,0,0,0,0,0,0,0,0.0106
castes,ctl,4,all,50,50,0,0,0,1,1,,200,5.38,0,415.34,185.0358,19.2,99.841,0.3687,0.885,0.0304,0.0002,0.0,0.0,0.0,0.0,0.0,0.0,0.0,0.0,0.0044,0.0004,0.0024,0.0,0.0,0.0053,0.0,0.0,0.0001,0.0,0.0023,0.0002,0.0,0.0013,0.16,4.92,184.82,5.1,1.16,0.1,0,0,3.74,668.9,7.6,0,0,0,0,0,0,0,0,0,199.56,0,0.4,0,0,0.2,0.2,0,0.8,0,0,1.06,0.14,0,0,0,0,0.04,0.46,0,0,0,0,0,92.266,0,3.92,,0,0,0,6.1853,7.913,96.872,7.6912,7.8839,7.417,6.9398,1.4757,0.6266,6.1705,6.4004,6.1179,0,0,0,9978,0,0,0,0,196,10,0,0,0.0577
castes,ctl,5,rank 1,10,10,0,0,0,1,1,,200,0.9,0,432.6,196.721,18,99.88,0.2307,0.9095,0.022,0.0005,0.0,0.0,0.0,0.0,0.0,0.0,0.0,0.0,0.003,0.0,0.0005,0.0,0.0,0.0,0.0,0.0,0.0,0.0,0.003,0.0,0.0,0.0,0,4.1,193.2,2.1,0.3,0.3,0,0,0,689,2.8,0,0,0,0,0,0,0,0,0,199.2,0,0.8,0,0,0.5,0.5,0,2,0,0,0,0,0,0,0,0,0,0.6,0,0,0,0,0,87.25,0,5.6,,0,0,0,6.5058,8.0712,96.8048,7.7372,7.9956,7.4588,6.8561,1.3619,0.3244,6.4838,6.7668,6.408,0,0,0,1992,0,0,0,0,56,5,0,0,0.0181
castes,ctl,5,rank 2,10,10,0,0,0,1,1,,200,0,0,445,205.751,20,100,0.1113,0.925,0.013,0.0,0.0,0.0,0.0,0.0,0.0,0.0,0.0,0.0,0.002,0.0,0.0,0.0,0.0,0.0,0.0,0.0,0.0,0.0,0.0025,0.0,0.0,0.0,0,2.7,197,0.3,0,0,0,0,0,704.2,0.4,0,0,0,0,0,0,0,0,0,198.4,0,1.2,0,0,0,0,0,0,0,0,0,0,0,0,0,0,0,0.5,0,0,0,0,0,87.68,0,0,,0,0,0,6.6495,8.0977,97.0225,7.7911,8.0349,7.5236,6.9583,1.353,0.4491,6.5661,6.8913,6.4882,0,0,0,1984,0,0,0,0,0,0,0,0,0.0092
castes,ctl,5,rank 3,10,10,0,0,0,1,1,,200,0,0,441.9,202.357,20,100,0.13,0.9205,0.019,0.0,0.0,0.0,0.0,0.0,0.0,0.0,0.0,0.0,0.0005,0.0,0.0,0.0,0.0,0.0,0.0,0.0,0.0,0.0,0.0,0.001,0.0,0.0,0,2.4,196.5,0.3,0,0,0,0,0.8,700.6,0.4,0,0,0,0,0,0,0,0,0,199.2,0,0.6,0,0,0,0,0,0,0,0,0,0,0,0,0,0,0.2,0,0,0,0,0,0,85.66,0,0,,0,0,0,6.6183,8.1491,96.9988,7.8507,8.106,7.5888,7.021,1.313,0.5778,6.4583,6.7551,6.4105,0,0,0,1992,0,0,0,0,0,0,0,0,0.0106
castes,ctl,5,rank 4,10,10,0,0,0,1,1,,200,15.4,0,394.7,181.325,20,99.88,0.3234,0.872,0.038,0.0,0.0,0.0,0.0,0.0,0.0,0.0,0.0,0.0,0.009,0.0,0.0075,0.0,0.0,0.0005,0.0,0.0005,0.0,0.0,0.004,0.0005,0.0,0.0,0.2,7,178.9,9,3.9,0,0,0,1,632,42.1,0,0,0,0,0,0,0,0,0,196.4,0,0.6,0,0,0,0,0,0,0,0,0.1,0,0,0,0,0,0.1,0.8,0,0,0,0,0,88.14,0,14,,0,0,0,6.4294,8.0728,96.9164,7.7662,8.0206,7.4999,6.9289,1.3849,0.5957,6.6011,6.8677,6.5399,0,0,0,1964,0,0,0,0,140,0,0,0,0.1136
castes,ctl,5,rank 5,10,10,0,0,0,1,1,,200,0,0,437.5,200.623,20,100,0.1448,0.912,0.018,0.0,0.0,0.0,0.0,0.0,0.0,0.0,0.0,0.0,0.0025,0.0,0.0005,0.0,0.0,0.0,0.0,0.0,0.0,0.0,0.001,0.0,0.0,0.0,0.1,2.9,195.8,0.4,0.8,0,0,0,0,695.8,0.4,0,0,0,0,0,0,0,0,0,199.1,0,0.3,0,0,0,0,0,0,0,0,0,0,0,0,0,0,0,0.2,0,0,0,0,0,86.08,0,0,,0,0,0,6.6426,8.2042,97.1201,7.8699,8.1484,7.6064,7.0228,1.2982,0.7667,6.823,7.1995,6.7354,0,0,0,1991,0,0,0,0,0,0,0,0,0.0141
castes,ctl,5,all,50,50,0,0,0,1,1,,200,3.26,0,430.34,197.3554,19.6,99.952,0.188,0.9078,0.022,0.0001,0.0,0.0,0.0,0.0,0.0,0.0,0.0,0.0,0.0034,0.0,0.0017,0.0,0.0,0.0001,0.0,0.0001,0.0,0.0,0.0021,0.0003,0.0,0.0,0.06,3.82,192.28,2.42,1,0.06,0,0,0.36,684.32,9.22,0,0,0,0,0,0,0,0,0,198.46,0,0.7,0,0,0.1,0.1,0,0.4,0,0,0.02,0,0,0,0,0,0.06,0.42,0,0,0,0,0,86.962,0,3.92,,0,0,0,6.5691,8.119,96.9725,7.803,8.0611,7.5355,6.9574,1.3422,0.5427,6.5865,6.8961,6.5164,0,0,0,9923,0,0,0,0,196,5,0,0,0.0344
castes,ctl,6,rank 1,10,10,0,0,0,1,1,,200,22.6,0,382.4,170.612,27.5,99.925,0.3317,0.8655,0.042,0.0035,0.004,0.0,0.0,0.0,0.0,0.0,0.0,0.0,0.0035,0.0,0.0,0.0,0.0,0.001,0.0,0.0,0.0,0.0,0.004,0.0015,0.0,0.0,0,6.3,172.4,14.4,0,2.8,0,0,4.1,610.1,47.3,0,0,0,0,0,0,0,0,0,196,0.1,0.9,0,0,0.7,0.7,0,2.8,10.3,0,0.2,0,0,0,0,0,0.3,0.8,0,0,0,0,0,87.97,0,4,,0,0,0,6.327,7.6735,96.5925,7.4678,7.68,7.2326,6.7243,1.7663,0.2704,6.2766,6.4506,6.2612,0,0,0,1960,0,0,0,0,40,7,0,0,0.1312
castes,ctl,6,rank 2,10,10,0,0,0,1,1,,200,0,0,441.1,202.694,20,100,0.1138,0.918,0.015,0.0,0.0,0.0,0.0,0.0,0.0,0.0,0.0,0.0,0.002,0.0,0.0005,0.0,0.0,0.001,0.0,0.0,0.0,0.0,0.0005,0.0,0.0,0.0,0,2.2,197,0.6,0.2,0,0,0,0,699.8,0.8,0,0,0,0,0,0,0,0,0,198.8,0,0.6,0,0,0,0,0,0,0,0,0.2,0,0,0,0,0,0,0.1,0,0,0,0,0,91.24,0,0,,0,0,0,6.789,7.9718,97.0095,7.6728,7.9205,7.4941,6.8898,1.6128,0.4651,6.61,6.9839,6.5229,0,0,0,1988,0,0,0,0,0,0,0,0,0.01
castes,ctl,6,rank 3,10,10,0,0,0,1,1,,200,0,0,442.4,204.378,20,100,0.0815,0.92,0.011,0.0,0.0,0.0,0.0,0.0,0.0,0.0,0.0,0.0,0.0025,0.0,0.0,0.0,0.0,0.001,0.0,0.0,0.0005,0.0,0.0025,0.0,0.0,0.0,0.1,2,197.9,0,0,0,0,0,0,701,0,0,0,0,0,0,0,0,0,0,199.5,0,1,0,0,0,0,0,0,0,0,0.2,0,0,0,0,0,0,0.5,0,0,0,0,0,90.96,0,0,,0,0,0,6.5617,7.8125,97.0756,7.5836,7.7839,7.4206,6.8749,1.7449,0.6468,6.7514,6.8695,6.7285,0,0,0,1995,0,0,0,0,0,0,0,0,0.0122
castes,ctl,6,rank 4,10,10,0,0,0,1,1,,200,0,0,436.6,201.068,20,100,0.1064,0.912,0.01,0.0,0.0,0.0,0.0,0.0,0.0,0.0,0.0,0.0,0.004,0.0,0.0,0.0,0.0,0.0005,0.0,0.0,0.0,0.0,0.0075,0.0,0.0,0.0,0,2.9,197.1,0,0,0,0,0,0,694.6,0,0,0,0,0,0,0,0,0,0,199,0,0.5,0,0,0,0,0,0,0,0,0.1,0,0,0,0,0,0,1.5,0,0,0,0,0,93.52,0,15.6,,0,0,0,6.664,7.7155,96.6847,7.5006,7.687,7.2981,6.8187,1.8011,0.6422,6.7352,7.2016,6.6673,0,0,0,1990,0,0,0,0,156,0,0,0,0.0164
castes,ctl,6,rank 5,10,10,0,0,0,1,1,,200,0,0,448.1,207.971,20,100,0.0728,0.9275,0.01,0.0,0.0,0.0,0.0,0.0,0.0,0.0,0.0,0.0,0.0025,0.0,0.0,0.0,0.0,0.0005,0.0,0.0,0.0,0.0,0.0015,0.0,0.0,0.0,0,1.8,198.2,0,0,0,0,0,0,707,0,0,0,0,0,0,0,0,0,0,199.5,0,0.5,0,0,0,0,0,0,0,0,0.1,0,0,0,0,0,0,0.3,0,0,0,0,0,91.44,0,0,,0,0,0,6.69,7.8201,96.8085,7.5999,7.7965,7.4027,6.87,1.6696,0.7933,6.6895,6.8438,6.6536,0,0,0,1995,0,0,0,0,0,0,0,0,0.0081
castes,ctl,6,all,50,50,0,0,0,1,1,,200,4.52,0,430.12,197.3446,21.5,99.985,0.1412,0.9086,0.0176,0.0007,0.0008,0.0,0.0,0.0,0.0,0.0,0.0,0.0,0.0029,0.0,0.0001,0.0,0.0,0.0008,0.0,0.0,0.0001,0.0,0.0032,0.0003,0.0,0.0,0.02,3.04,192.52,3,0.04,0.56,0,0,0.82,682.5,9.62,0,0,0,0,0,0,0,0,0,198.56,0.02,0.7,0,0,0.14,0.14,0,0.56,2.06,0,0.16,0,0,0,0,0,0.06,0.64,0,0,0,0,0,91.026,0,3.92,,0,0,0,6.6063,7.7987,96.8342,7.5649,7.7736,7.3696,6.8355,1.7189,0.5636,6.6125,6.8699,6.5667,0,0,0,9928,0,0,0,0,196,7,0,0,0.0375
castes,ctl,7,rank 1,10,10,0,0,0,1,1,,200,1.2,0,429.9,195.367,16,99.933,0.2465,0.9025,0.0205,0.002,0.0,0.0,0.0,0.0,0.0,0.0,0.0,0.0,0.0025,0.0005,0.0,0.0,0.0,0.0,0.0,0.0,0.0005,0.0,0.007,0.001,0.0,0.0005,0.7,4.1,192.7,0.2,0.1,1.6,0,0,0.6,686.6,0.2,0,0,0,0,0,0,0,0,0,199.2,0,0.6,0,0,0.5,1,0,4,0,0,0,0,0,0,0,0,0.2,1.4,0,0,0,0,0,80.1,0,17.6,,0,0,0,6.4405,8.0506,97.0589,7.7597,8.0275,7.5086,6.9206,1.4176,0.4358,6.5644,6.9672,6.4878,0,0,0,1992,0,0,0,0,176,5,0,0,0.0231
castes,ctl,7,rank 2,10,10,0,0,0,1,1,,200,0,0,450.1,211.474,20,100,0.0766,0.931,0.011,0.0,0.0,0.0,0.0,0.0,0.0,0.0,0.0,0.0,0.0005,0.0,0.0,0.0,0.0,0.0,0.0,0.0,0.0,0.0,0.0,0.0,0.0,0.0,0,1.7,198.1,0,0,0,0,0,0.2,709.8,0,0,0,0,0,0,0,0,0,0,198.7,0,0,0,0,0,0,0,0,0,0,0,0,0,0,0,0,0,0,0,0,0,0,0,79.56,0,0,,0,0,0,6.4928,8.0622,96.9884,7.7753,8.0114,7.5412,6.9278,1.3794,0.4328,6.1727,6.4779,6.0916,0,0,0,1987,0,0,0,0,0,0,0,0,0.0076
castes,ctl,7,rank 3,10,10,0,0,0,1,1,,200,0.3,0,448.5,209.583,20,99.97,0.1112,0.931,0.012,0.0,0.0,0.0,0.0,0.0,0.0,0.0,0.0,0.0,0.0025,0.0,0.0,0.0,0.0,0.0,0.0,0.0,0.0,0.0,0.001,0.0,0.0,0.0,0.2,2.1,197,0.7,0,0,0,0,0,707.8,1,0,0,0,0,0,0,0,0,0,198.8,0,0.1,0,0,0,0,0,0,0,0,0,0,0,0,0,0,0,0.2,0,0,0,0,0,79.15,0,2,,0,0,0,6.3566,7.9844,96.7653,7.7388,7.9505,7.5089,6.925,1.4294,0.7436,6.5782,6.8037,6.5334,0,0,0,1988,0,0,0,0,20,0,0,0,0.0128
castes,ctl,7,rank 4,10,10,0,0,0,1,1,,200,0,0,451.2,211.71,20,100,0.1026,0.9315,0.014,0.0,0.0,0.0,0.0,0.0,0.0,0.0,0.0,0.0,0.0005,0.0,0.0005,0.0,0.0,0.0,0.0,0.0,0.0005,0.0,0.0,0.0005,0.0,0.0,0.1,1.5,197.4,0.4,0.2,0,0,0,0.4,711,0.6,0,0,0,0,0,0,0,0,0,198.6,0,0.2,0,0,0,0,0,0,0,0,0,0,0,0,0,0,0.1,0,0,0,0,0,0,80.43,0,0,,0,0,0,6.1898,8.0324,97.0513,7.7849,8.0009,7.5805,6.9383,1.3799,0.701,6.4944,6.8142,6.4343,0,0,0,1986,0,0,0,0,0,0,0,0,0.0114
castes,ctl,7,rank 5,10,10,0,0,0,1,1,,200,0.3,0,450,210.314,20,99.97,0.1078,0.934,0.014,0.0,0.0,0.0,0.0,0.0,0.0,0.0,0.0,0.0,0.001,0.0,0.0,0.0,0.0,0.0,0.0,0.0,0.0005,0.0,0.0,0.0,0.0,0.0,0.1,2,197.1,0.8,0,0,0,0,0,709.4,1.4,0,0,0,0,0,0,0,0,0,198.6,0,0.2,0,0,0,0,0,0,0,0,0,0,0,0,0,0,0,0,0,0,0,0,0,79.23,0,0,,0,0,0,6.4353,8.1131,96.9325,7.8104,8.0768,7.5577,6.9453,1.3381,0.8644,6.2299,6.7425,6.098,0,0,0,1986,0,0,0,0,0,0,0,0,0.0093
castes,ctl,7,all,50,50,0,0,0,1,1,,200,0.36,0,445.94,207.6896,19.2,99.9746,0.1289,0.926,0.0143,0.0004,0.0,0.0,0.0,0.0,0.0,0.0,0.0,0.0,0.0014,0.0001,0.0001,0.0,0.0,0.0,0.0,0.0,0.0003,0.0,0.0016,0.0003,0.0,0.0001,0.22,2.28,196.46,0.42,0.06,0.32,0,0,0.24,704.92,0.64,0,0,0,0,0,0,0,0,0,198.78,0,0.22,0,0,0.1,0.2,0,0.8,0,0,0,0,0,0,0,0,0.06,0.32,0,0,0,0,0,79.694,0,3.92,,0,0,0,6.383,8.0485,96.9593,7.7738,8.0134,7.5394,6.9314,1.3889,0.6355,6.4079,6.7611,6.329,0,0,0,9939,0,0,0,0,196,5,0,0,0.0159
castes,ctl,8,rank 1,10,10,0,0,0,1,1,,200,3.6,0,391.5,184.658,21.9,100,0.2565,0.874,0.019,0.0,0.0,0.0,0.0,0.0,0.0,0.0,0.0,0.0075,0.004,0.0,0.001,0.0,0.0,0.0055,0.0,0.0005,0.0,0.0,0.0005,0.0,0.0,0.01,0.1,3.7,185.3,8.7,0.3,0,0,0,1.9,643.8,16.9,0,0,0,0,0,0,0,0,0,200.3,0,0.6,0,2.7,0,0,0,0,0,0,1.1,0.1,0,0,0,0,0,0.1,0,0,0,0,0,141.79,0.2,0,,0,0,0,6.1038,6.8201,96.2709,6.6724,6.8028,6.4888,5.8659,2.4679,0.4284,5.781,6.2129,5.7014,0,0,0,2003,0,0,0,0,0,0,0,0,0.1117
castes,ctl,8,rank 2,10,10,0,0,0,1,1,,200,4,0,382.5,165.978,13.2,99.97,0.2554,0.8695,0.022,0.0,0.0005,0.0,0.0,0.0,0.0,0.0,0.0,0.0,0.005,0.0,0.0,0.0,0.0,0.004,0.0,0.0,0.0,0.0,0.0025,0.0015,0.0,0.0005,0.2,4.7,190.6,0.4,0,0.3,0,0,3.8,659.4,0.6,0,0,0,0,0,0,0,0,0,199.1,0,0.7,0,0,0,0,0,0,10,0,0.8,0,0,0,0,0,0.3,0.5,0,0,0,0,0,143.07,0,6,,0,0,0,5.851,6.6916,96.1495,6.6027,6.7078,6.453,5.8093,2.5596,0.6658,6.0357,6.1649,5.9909,0,0,0,1991,0,0,0,0,60,0,0,0,0.0787
castes,ctl,8,rank 3,10,10,0,0,0,1,1,,200,2.3,0,401.8,176.406,2.7,99.662,0.3199,0.8825,0.033,0.001,0.0,0.0,0.0,0.0,0.0,0.0,0.0,0.0,0.0055,0.0,0.001,0.0,0.0,0.0025,0.0,0.0,0.0,0.0,0.001,0.0,0.0,0.0,0,6.2,190.3,2.3,0.7,0.3,0,0,0.2,669.4,2.8,0,0,0,0,0,0,0,0,0,199.6,0.1,0.6,0,0,0.4,0.4,0,1.6,0,0,0.5,0,0,0,0,0,0,0.2,0,0,0,0,0,141.39,0,0,,0,0,0,5.7345,6.6098,96.1311,6.5308,6.6155,6.374,5.8036,2.6702,0.8312,5.9754,6.1307,5.96,0,0,0,1996,0,0,0,0,0,4,0,0,0.0363
castes,ctl,8,rank 4,10,10,0,0,0,1,1,,200,18.9,0,312.5,141.315,17.6,99.692,0.4648,0.7515,0.065,0.0025,0.0105,0.0,0.0,0.0,0.0,0.0,0.0,0.0135,0.0085,0.0,0.0005,0.0,0.0,0.0065,0.0,0.0005,0.0005,0.0,0.0045,0.001,0.0,0.0005,0.2,9.8,157.4,10.5,0.2,5.1,0,0,16.8,539.3,26.5,0,0,0,0,0,0,0,0,0,201.4,0,0.8,0,1.5,1.6,1.6,0,6.4,21.2,0,1.3,1.3,0,0,0,0,0.2,0.9,7,7,7,0,0,136.77,0.2,13.6,,0,0,0,5.5059,6.7423,95.9767,6.6168,6.7506,6.4521,5.8612,2.5968,0.7283,5.7772,5.7237,5.8006,0,0,0,2014,0,0,0,0,136,16,0,0,0.2486
castes,ctl,8,rank 5,10,10,0,0,0,1,1,,200,0.8,0,396.5,175.417,6.6,99.88,0.208,0.8865,0.025,0.001,0.0005,0.0,0.0,0.0,0.0,0.0,0.0,0.0,0.003,0.0,0.001,0.0,0.0,0.005,0.0,0.0005,0.0,0.0,0.0,0.0,0.0,0.001,0,4,193.9,1.3,0.4,0.4,0,0,0,675,1.6,0,0,0,0,0,0,0,0,0,199.1,0,1.2,0,0,0.6,0.6,0,2.4,0.5,0,1,0,0,0,0,0,0,0,0,0,0,0,0,142.87,0,0,,0,0,0,5.9435,6.6684,96.1817,6.5336,6.6688,6.4151,5.7625,2.7118,0.9063,6.3381,6.5768,6.275,0,0,0,1991,0,0,0,0,0,6,0,0,0.0511
castes,ctl,8,all,50,50,0,0,0,1,1,,200,5.92,0,376.96,168.7548,12.4,99.8408,0.3009,0.8528,0.0328,0.0009,0.0023,0.0,0.0,0.0,0.0,0.0,0.0,0.0042,0.0052,0.0,0.0007,0.0,0.0,0.0047,0.0,0.0003,0.0001,0.0,0.0017,0.0005,0.0,0.0024,0.1,5.68,183.5,4.64,0.32,1.22,0,0,4.54,637.38,9.68,0,0,0,0,0,0,0,0,0,199.9,0.02,0.78,0,0.84,0.52,0.52,0,2.08,6.34,0,0.94,0.28,0,0,0,0,0.1,0.34,1.4,1.4,1.4,0,0,141.178,0.08,3.92,,0,0,0,5.8277,6.7064,96.142,6.5913,6.7091,6.4366,5.8205,2.6013,0.712,5.9815,6.1618,5.9456,0,0,0,9995,0,0,0,0,196,26,0,0,0.1128
castes,ctl,9,rank 1,10,10,0,0,0,1,1,,200,20,0,397.2,184.39,16.6,99.94,0.2275,0.9145,0.022,0.002,0.0005,0.0,0.0,0.0,0.0,0.0,0.0,0.0,0.004,0.0,0.001,0.0,0.0,0.0,0.0,0.0,0.0,0.0,0.0005,0.0,0.0,0.0,0.2,4.1,175,19.4,0.5,0.8,0,0,0,628.5,70.1,0,0,0,0,0,0,0,0,0,199,0,0.6,0,0,1.1,1.1,0,4.4,1,0,0,0,0,0,0,0,0,0.1,0,0,0,0,0,75.93,0,2,,0,0,0,6.0347,7.8905,96.5625,7.633,7.8443,7.3838,6.7536,1.4493,0.299,6.301,6.1196,6.3339,0,0,0,1990,0,0,0,0,20,11,0,0,0.1187
castes,ctl,9,rank 2,10,10,0,0,0,1,1,,200,37.4,0,353.5,163.374,16.4,99.962,0.1978,0.9165,0.019,0.002,0.001,0.0,0.0,0.0,0.0,0.0,0.0,0.0,0.0045,0.0,0.0005,0.0,0.0,0.0,0.0,0.0,0.0,0.0,0.0,0.001,0.0,0.0,0.1,3,157,37.8,0.2,1.2,0,0,0.7,560.8,138.6,0,0,0,0,0,0,0,0,0,199.1,0,0.6,0,0,1.4,1.4,0,5.6,2,0,0,0,0,0,0,0,0.2,0,0,0,0,0,0,77.53,0,0,,0,0,0,5.9648,7.8005,96.7132,7.5531,7.7633,7.2904,6.665,1.5062,0.4335,5.9899,5.9896,6.0023,0,0,0,1991,0,0,0,0,0,14,0,0,0.2075
castes,ctl,9,rank 3,10,10,0,0,0,1,1,,200,0.2,0,443.2,206.867,20,99.992,0.1419,0.922,0.016,0.0,0.0,0.0,0.0,0.0,0.0,0.0,0.0,0.0,0.0025,0.0,0.0005,0.0,0.0,0.0,0.0,0.0,0.0,0.0,0.0,0.0,0.0,0.0,0.1,2.3,196.1,1,0.5,0,0,0,0,702.2,1.2,0,0,0,0,0,0,0,0,0,198.8,0.1,0.4,0,0,0,0,0,0,0,0,0,0,0,0,0,0,0,0,0,0,0,0,0,75.47,0,0,,0,0,0,6.2289,7.9538,96.9015,7.6902,7.9015,7.4413,6.8496,1.4316,0.6995,6.1603,6.3947,6.0938,0,0,0,1988,0,0,0,0,0,0,0,0,0.0152
castes,ctl,9,rank 4,10,10,0,0,0,1,1,,200,0.2,0,437.1,203.845,20,99.992,0.1167,0.915,0.012,0.0,0.0,0.0,0.0,0.0,0.0,0.0,0.0,0.0,0.0025,0.0,0.0,0.0,0.0,0.0,0.0,0.0,0.0005,0.0,0.005,0.0,0.0,0.0,0.1,2.4,196.8,0.7,0,0,0,0,0,695.4,0.8,0,0,0,0,0,0,0,0,0,199.2,0,0.8,0,0,0,0,0,0,0,0,0,0,0,0,0,0,0,1,0,0,0,0,0,76.68,0,17.6,,0,0,0,6.3248,8.0001,96.8664,7.7636,7.9682,7.5297,6.9124,1.3565,0.6454,6.2085,6.6231,6.1302,0,0,0,1992,0,0,0,0,176,0,0,0,0.0231
castes,ctl,9,rank 5,10,10,0,0,0,1,1,,200,0.5,0,448.6,211.379,20,99.97,0.0964,0.9285,0.012,0.0,0.0,0.0,0.0,0.0,0.0,0.0,0.0,0.0,0.0005,0.0,0.0005,0.0,0.0,0.0,0.0,0.0,0.0,0.0,0.0,0.0,0.0,0.0,0.1,1.6,197.5,0.6,0.2,0,0,0,0,707.8,1,0,0,0,0,0,0,0,0,0,198.9,0,0.5,0,0,0,0,0,0,0,0,0,0,0,0,0,0,0,0,0,0,0,0,0,74.13,0,0,,0,0,0,6.3295,7.962,96.6991,7.7136,7.9262,7.5209,6.8299,1.4219,0.8199,6.2227,6.7246,6.1077,0,0,0,1989,0,0,0,0,0,0,0,0,0.0083
castes,ctl,9,all,50,50,0,0,0,1,1,,200,11.66,0,415.92,193.971,18.6,99.9712,0.1561,0.9193,0.0162,0.0008,0.0003,0.0,0.0,0.0,0.0,0.0,0.0,0.0,0.0028,0.0,0.0005,0.0,0.0,0.0,0.0,0.0,0.0001,0.0,0.0011,0.0002,0.0,0.0,0.12,2.68,184.48,11.9,0.28,0.4,0,0,0.14,658.94,42.34,0,0,0,0,0,0,0,0,0,199,0.02,0.58,0,0,0.5,0.5,0,2,0.6,0,0,0,0,0,0,0,0.04,0.22,0,0,0,0,0,75.948,0,3.92,,0,0,0,6.1765,7.9214,96.7485,7.6707,7.8807,7.4332,6.8021,1.4331,0.5795,6.1765,6.3703,6.1336,0,0,0,9950,0,0,0,0,196,25,0,0,0.0758
castes,ctlr,1,rank 1,10,10,0,0,0,1,1,,200,0.5,0,418.2,185.534,18.1,99.88,0.2739,0.886,0.028,0.001,0.0005,0.0,0.0,0.0,0.0,0.0,0.0,0.0,0.007,0.0,0.0,0.0,0.0,0.0,0.0,0.0,0.0,0.0,0.0065,0.001,0.0,0.0005,0.2,5.8,191.8,0,0.2,1.3,0,0,0.7,673.8,0,0,0,0,0,0,0,0,0,0,199.4,0,0.7,0,0,0,0.6,0,2.4,0.5,0,0,0,0,0,0,0,0.2,1.3,0,0,0,0,0,84.84,0,17.6,,0,0,0,6.0364,7.35,96.7947,7.1137,7.275,6.9337,5.987,1.7413,0.8853,5.7162,6.2425,5.641,0,0,0,1994,0,0,0,0,176,0,0,0,0.0213
castes,ctlr,1,rank 2,10,10,0,0,0,1,1,,200,0.1,0,428.9,193.917,18.4,100,0.2431,0.9,0.028,0.0005,0.0,0.0,0.0,0.0,0.0,0.0,0.0,0.0,0.005,0.0,0.0005,0.0,0.0,0.0,0.0,0.0,0.0,0.0,0.0025,0.0,0.0,0.0,0.1,4.5,193.2,0.4,0.2,1.6,0,0,0,685.8,0.6,0,0,0,0,0,0,0,0,0,199.8,0,0.4,0,0,0,0.4,0,1.6,0,0,0,0,0,0,0,0,0,0.5,0,0,0,0,0,82.19,0,2,,0,0,0,5.9923,7.3438,96.2308,7.1246,7.2658,6.9234,6.1129,1.8037,0.4935,5.7173,5.873,5.6756,0,0,0,1998,0,0,0,0,20,0,0,0,0.0138
castes,ctlr,1,rank 3,10,10,0,0,0,1,1,,200,1.6,0,430.7,194.188,16,99.91,0.2913,0.9025,0.027,0.0015,0.0005,0.0,0.0,0.0,0.0,0.0,0.0,0.0,0.0025,0.0,0.0005,0.0,0.0,0.0,0.0,0.0,0.0,0.0,0.003,0.001,0.0,0.002,0.3,4.6,191.7,1,0.2,1.4,0,0,0.8,686.2,1.4,0,0,0,0,0,0,0,0,0,199.2,0,0.2,0,0,1.1,1.1,0,4.4,0.4,0,0,0,0,0,0,0,0.2,0.6,0,0,0,0,0,80.77,0,0,,0,0,0,5.8468,7.1274,96.0685,6.9806,7.0724,6.7987,5.9368,1.8855,0.4978,5.9303,6.2071,5.8632,0,0,0,1992,0,0,0,0,0,11,0,0,0.0075
castes,ctlr,1,rank 4,10,10,0,0,0,1,1,,200,0.3,0,435.7,198.968,20,99.97,0.1973,0.9115,0.027,0.0,0.0,0.0,0.0,0.0,0.0,0.0,0.0,0.0,0.001,0.0,0.0,0.0,0.0,0.0,0.0,0.0,0.0005,0.0,0.0005,0.0,0.0,0.0015,0.1,3.8,194.5,0.5,0,1.1,0,0,0,693,0.6,0,0,0,0,0,0,0,0,0,199.4,0,0.6,0,0,0,0,0,0,0,0,0,0,0,0,0,0,0,0.1,0,0,0,0,0,82.72,0,0,,0,0,0,5.8849,7.0659,96.0876,6.9046,6.9617,6.7889,5.77,1.9027,0.6173,6.1088,6.049,6.1079,0,0,0,1994,0,0,0,0,0,0,0,0,0.0172
castes,ctlr,1,rank 5,10,10,0,0,0,1,1,,200,18.6,0,393.1,178.253,17,99.933,0.2772,0.895,0.035,0.0035,0.002,0.0,0.0,0.0,0.0,0.0,0.0,0.0,0.0045,0.0,0.0005,0.0,0.0,0.0,0.0,0.0,0.0005,0.0,0.001,0.0,0.0,0.0015,0.1,6.1,174.3,16.7,0.4,2.4,0,0,0,624.9,58.1,0,0,0,0,0,0,0,0,0,195,0,0.4,0,0,1.2,1.7,0,6.8,3.8,0,0,0,0,0,0,0,0,0.2,0,0,0,0,0,78.38,0,0,,0,0,0,5.6733,6.5122,95.8568,6.3931,6.3967,6.2643,5.0758,2.1647,0.9041,5.9664,5.9819,5.9544,0,0,0,1950,0,0,0,0,0,12,0,0,0.116
castes,ctlr,1,all,50,50,0,0,0,1,1,,200,4.22,0,421.32,190.172,17.9,99.9386,0.2566,0.899,0.029,0.0013,0.0006,0.0,0.0,0.0,0.0,0.0,0.0,0.0,0.004,0.0,0.0003,0.0,0.0,0.0,0.0,0.0,0.0002,0.0,0.0027,0.0004,0.0,0.0011,0.16,4.96,189.1,3.72,0.2,1.56,0,0,0.3,672.74,12.14,0,0,0,0,0,0,0,0,0,198.56,0,0.46,0,0,0.46,0.76,0,3.04,0.94,0,0,0,0,0,0,0,0.08,0.54,0,0,0,0,0,81.78,0,3.92,,0,0,0,5.8867,7.0799,96.2077,6.9033,6.9943,6.7418,5.7765,1.8996,0.6796,5.8878,6.0707,5.8484,0,0,0,9928,0,0,0,0,196,23,0,0,0.0378
castes,ctlr,10,rank 1,10,10,0,0,0,1,1,,200,1.2,0,426.6,191.847,18,99.873,0.3481,0.895,0.032,0.0005,0.0,0.0,0.0,0.0,0.0,0.0,0.0,0.0,0.008,0.0,0.0015,0.0,0.0,0.0,0.0,0.0,0.0,0.0,0.0055,0.0,0.0,0.0,0.2,7,189.4,1.5,1.4,0.3,0,0,0.2,683,2,0,0,0,0,0,0,0,0,0,200.2,0,0.7,0,0,0.5,0.5,0,2,0,0,0,0,0,0,0,0,0,1.1,0,0,0,0,0,80.89,0,19.6,,0,0,0,5.9169,7.1707,96.1452,6.8601,7.0028,6.6661,5.7526,1.981,0.9724,5.6336,6.2892,5.4816,0,0,0,2002,0,0,0,0,196,5,0,0,0.0306
castes,ctlr,10,rank 2,10,10,1,1,0,1,0.9,37,183.6,3.2,0.8,387.2,174.82,14.4,97.02,0.5785,0.8292,0.0774,0.0177,0.0033,0.0,0.0,0.0,0.0,0.0,0.0,0.0,0.0068,0.0,0.0058,0.0,0.0,0.0,0.0,0.0,0.0005,0.0,0.0015,0.0,0.0,0.0,0.1,6.2,170,3.4,2.2,1.7,0,0,0,618.5,5,0,0,0,0,0,0,0,0,0,183.6,0,0.7,0,0,1.6,1.6,0,6.4,0.9,0,0,0,0,0,0,0,0,0.3,0,0,0,0,0,85.01,0,0,,0,0,0,5.5024,6.7383,92.4281,6.5813,6.6497,6.3683,5.6447,2.3376,0.7791,5.5169,5.6505,5.4787,0,0,0,1836,0,0,0,0,0,16,0,0,0.0239
castes,ctlr,10,rank 3,10,10,0,0,0,1,1,,200,0.1,0,440.8,201.23,20,100,0.2988,0.912,0.033,0.0,0.0,0.0,0.0,0.0,0.0,0.0,0.0,0.0,0.003,0.0,0.0025,0.0,0.0,0.0,0.0,0.0005,0.0,0.0,0.0,0.0005,0.0,0.0,0,4.6,191.6,1.9,1.6,0,0,0,0.3,699.8,2.4,0,0,0,0,0,0,0,0,0,199.4,0,0.4,0,0,0,0,0,0,0,0,0,0,0,0,0,0,0.1,0,0,0,0,0,0,78.41,0,0,,0,0,0,5.6451,6.9732,95.928,6.8377,6.8636,6.6122,5.8341,1.9592,0.8365,5.8206,5.8823,5.8042,0,0,0,1994,0,0,0,0,0,0,0,0,0.0181
castes,ctlr,10,rank 4,10,10,1,1,0,1,0.9,32,183.1,2.7,0.4,390.5,178.493,16,96.637,0.5019,0.8353,0.0747,0.0107,0.0065,0.0,0.0,0.0,0.0,0.0,0.0,0.0,0.0052,0.0,0.0062,0.0,0.0,0.0,0.0,0.0,0.0,0.0,0.0,0.0,0.0,0.0,0,5.1,170.7,3.6,2.3,1.4,0,0,0,621.7,5.4,0,0,0,0,0,0,0,0,0,182.7,0,0,0,0,1.2,1.3,0,5.2,1.2,0,0,0,0,0,0,0,0,0,0,0,0,0,0,83.47,0,0,,0,0,0,5.5254,6.592,92.8644,6.484,6.5152,6.3141,5.4346,2.3282,0.7524,5.4729,5.5151,5.4259,0,0,0,1827,0,0,0,0,0,12,0,0,0.0218
castes,ctlr,10,rank 5,10,10,0,0,0,1,1,,200,0.1,0,442.7,203.599,20,100,0.2533,0.9175,0.026,0.0,0.0,0.0,0.0,0.0,0.0,0.0,0.0,0.0,0.003,0.0,0.002,0.0,0.0,0.0,0.0,0.0,0.0005,0.0,0.0005,0.0,0.0,0.0,0.1,3.8,193,1.9,1.2,0,0,0,0,702.2,2.4,0,0,0,0,0,0,0,0,0,199.7,0.1,0.5,0,0,0,0,0,0,0,0,0,0,0,0,0,0,0,0.1,0,0,0,0,0,80.75,0,0,,0,0,0,5.5967,6.344,95.681,6.3112,6.2261,6.1332,5.0768,2.1917,0.9527,5.7161,5.7793,5.6885,0,0,0,1997,0,0,0,0,0,0,0,0,0.0182
castes,ctlr,10,all,50,50,2,2,0,1,0.96,34.5,193.34,1.46,0.24,417.56,189.9978,17.68,98.706,0.3961,0.8778,0.0486,0.0058,0.0019,0.0,0.0,0.0,0.0,0.0,0.0,0.0,0.0052,0.0,0.0036,0.0,0.0,0.0,0.0,0.0001,0.0002,0.0,0.0015,0.0001,0.0,0.0,0.08,5.34,182.94,2.46,1.74,0.68,0,0,0.1,665.04,3.44,0,0,0,0,0,0,0,0,0,193.12,0.02,0.46,0,0,0.66,0.68,0,2.72,0.42,0,0,0,0,0,0,0,0.02,0.3,0,0,0,0,0,81.706,0,3.92,,0,0,0,5.6373,6.7636,94.6093,6.6149,6.6515,6.4188,5.5486,2.1595,0.8586,5.632,5.8296,5.5758,0,0,0,9656,0,0,0,0,196,33,0,0,0.024
castes,ctlr,2,rank 1,10,10,0,0,0,1,1,,200,5.8,0,410.3,184.0,20,99.94,0.4075,0.8545,0.031,0.0,0.0,0.0,0.0,0.0,0.0,0.0,0.0,0.0,0.016,0.0,0.0045,0.0,0.0,0.0,0.0,0.0,0.001,0.0,0.0105,0.001,0.0,0.0,0.4,8.8,185.5,2.1,2.1,0,0,0,1.1,659.8,3.4,0,0,0,0,0,0,0,0,0,201.2,0,1,0,0.1,0,0,0,0,0,0,0,0,0,0,0,0,0.2,2.1,0,0,0,0,0,82.17,0.1,19.6,,0,0,0,5.9239,7.2522,96.5799,6.9672,7.165,6.8178,5.7887,1.903,0.8445,5.8464,6.2013,5.7147,0,0,0,2012,0,0,0,0,196,0,0,0,0.048
castes,ctlr,2,rank 2,10,10,0,0,0,1,1,,200,0.3,0,430.3,194.735,15.2,100,0.3179,0.8915,0.035,0.002,0.0,0.0,0.0,0.0,0.0,0.0,0.0,0.0,0.0015,0.0,0.003,0.0,0.0,0.0,0.0,0.0005,0.0005,0.0,0.0,0.0,0.0,0.0,0.3,4.4,190.9,0.9,2.5,1,0,0,0,687.4,1.4,0,0,0,0,0,0,0,0,0,198.4,0,0.7,0,0.1,0,1.2,0,4.8,0,0,0,0,0,0,0,0,0,0,0,0,0,0,0,81.57,0.1,0,,0,0,0,5.7051,7.1339,96.1511,6.9653,7.0586,6.8498,5.8401,1.8867,0.2576,5.8908,5.9491,5.8791,0,0,0,1984,0,0,0,0,0,0,0,0,0.0134
castes,ctlr,2,rank 3,10,10,0,0,0,1,1,,200,0.7,0,429,193.529,14,100,0.3526,0.883,0.036,0.0025,0.0,0.0,0.0,0.0,0.0,0.0,0.0,0.0,0.0035,0.0,0.0045,0.0,0.0,0.0,0.0,0.0,0.0005,0.0,0.001,0.0,0.0,0.0,0.3,5.2,189.5,0.9,3,1.1,0,0,0,686.2,1.6,0,0,0,0,0,0,0,0,0,198.9,0,1.9,0,0,0,1.5,0,6,0,0,0,0,0,0,0,0,0,0.2,0,0,0,0,0,79.58,0,0,,0,0,0,5.8016,7.0478,96.2613,6.9203,6.9926,6.8026,5.814,1.9274,0.3528,5.8106,5.9879,5.7652,0,0,0,1989,0,0,0,0,0,0,0,0,0.0178
castes,ctlr,2,rank 4,10,10,0,0,0,1,1,,200,0.6,0,430.3,193.765,12.4,99.933,0.309,0.894,0.034,0.0035,0.001,0.0,0.0,0.0,0.0,0.0,0.0,0.001,0.0025,0.0,0.002,0.0,0.0,0.0,0.0,0.0,0.0005,0.0,0.0,0.0,0.0,0.0,0.1,4.5,190.8,0.6,2.5,1.5,0,0,0,686.6,0.8,0,0,0,0,0,0,0,0,0,198.5,0,1.1,0,0,0.7,2.1,0,8.4,0.8,0,0,0,0,0,0,0,0,0,0,0,0,0,0,78.66,0.2,0,,0,0,0,5.7999,6.9077,96.051,6.7665,6.8367,6.6587,5.512,1.9414,0.459,5.5924,5.6667,5.5803,0,0,0,1985,0,0,0,0,0,7,0,0,0.0215
castes,ctlr,2,rank 5,10,10,0,0,0,1,1,,200,0.3,0,436,199.28,15.2,99.97,0.2554,0.904,0.029,0.002,0.0,0.0,0.0,0.0,0.0,0.0,0.0,0.0005,0.001,0.0,0.002,0.0,0.0,0.0,0.0,0.0,0.0,0.0,0.0,0.0,0.0,0.0,0.1,3.3,192.7,0.8,2.3,0.8,0,0,0,693.8,1.2,0,0,0,0,0,0,0,0,0,198.9,0,0.5,0,0.1,0,1.2,0,4.8,0,0,0,0,0,0,0,0,0,0,0,0,0,0,0,77.26,0.2,0,,0,0,0,5.6428,6.4108,96.0328,6.4019,6.2984,6.3275,5.0483,2.0669,0.7374,5.653,5.8935,5.5864,0,0,0,1989,0,0,0,0,0,0,0,0,0.0189
castes,ctlr,2,all,50,50,0,0,0,1,1,,200,1.54,0,427.18,193.0618,15.36,99.9686,0.3285,0.8854,0.033,0.002,0.0002,0.0,0.0,0.0,0.0,0.0,0.0,0.0003,0.0049,0.0,0.0032,0.0,0.0,0.0,0.0,0.0001,0.0005,0.0,0.0023,0.0002,0.0,0.0,0.24,5.24,189.88,1.06,2.48,0.88,0,0,0.22,682.76,1.68,0,0,0,0,0,0,0,0,0,199.18,0,1.04,0,0.06,0.14,1.2,0,4.8,0.16,0,0,0,0,0,0,0,0.04,0.46,0,0,0,0,0,79.848,0.12,3.92,,0,0,0,5.7747,6.9505,96.2152,6.8042,6.8703,6.6913,5.6006,1.9451,0.5303,5.7586,5.9397,5.7051,0,0,0,9959,0,0,0,0,196,7,0,0,0.026
castes,ctlr,3,rank 1,10,10,0,0,0,1,1,,200,0.5,0,428.3,193.768,20,99.992,0.2449,0.901,0.018,0.0,0.0,0.0,0.0,0.0,0.0,0.0,0.0,0.0,0.0025,0.0,0.0,0.0,0.0,0.0,0.0,0.0005,0.001,0.0,0.007,0.0015,0.0,0.0,0.2,4,192.8,0,0.2,0,0,0,2.8,685.8,0,0,0,0,0,0,0,0,0,0,199.2,0,0.5,0,0,0,0,0,0,0,0,0,0,0,0,0,0,0.3,1.4,0,0,0,0,0,79.34,0,19.6,,0,0,0,6.2131,7.5682,96.6729,7.1672,7.4237,6.952,5.9877,1.6951,0.8775,6.3683,7.0479,6.2388,0,0,0,1992,0,0,0,0,196,0,0,0,0.0216
castes,ctlr,3,rank 2,10,10,0,0,0,1,1,,200,0.5,0,444.7,205.57,20,99.992,0.1761,0.9225,0.017,0.0,0.0,0.0,0.0,0.0,0.0,0.0,0.0,0.0,0.002,0.0,0.0005,0.0,0.0,0.0,0.0,0.0005,0.0005,0.0,0.001,0.0,0.0,0.0,0.4,2.9,195.2,0.5,0.7,0,0,0,0.3,703.8,0.6,0,0,0,0,0,0,0,0,0,198.7,0,0.3,0,0,0,0,0,0,0,0,0,0,0,0,0,0,0,0.2,0,0,0,0,0,76.6,0,0,,0,0,0,6.0746,7.4132,96.0498,7.1065,7.3112,6.9124,5.9977,1.7948,0.427,6.2723,6.5064,6.2199,0,0,0,1987,0,0,0,0,0,0,0,0,0.0191
castes,ctlr,3,rank 3,10,10,0,0,0,1,1,,200,0,0,453.2,213.432,20,100,0.0563,0.9355,0.01,0.0,0.0,0.0,0.0,0.0,0.0,0.0,0.0,0.0,0.0005,0.0,0.0,0.0,0.0,0.0,0.0,0.0,0.0005,0.0,0.0,0.0,0.0,0.0,0.1,1.2,198.7,0,0,0,0,0,0,713.4,0,0,0,0,0,0,0,0,0,0,199.3,0,0.3,0,0,0,0,0,0,0,0,0,0,0,0,0,0,0,0,0,0,0,0,0,78.42,0,0,,0,0,0,6.0078,7.3775,96.1316,7.1226,7.287,6.9264,6.0071,1.7303,0.5178,6.0716,6.3073,6.023,0,0,0,1993,0,0,0,0,0,0,0,0,0.0071
castes,ctlr,3,rank 4,10,10,0,0,0,1,1,,200,0,0,443.4,206.632,20.2,100,0.102,0.922,0.015,0.0,0.0005,0.0,0.0,0.0,0.0,0.0,0.0,0.0,0.002,0.0,0.0,0.0,0.0,0.0,0.0,0.0,0.0,0.0,0.0,0.0,0.0,0.0005,0,2,197.3,0,0.4,0.3,0,0,0,702.6,0,0,0,0,0,0,0,0,0,0,198.7,0,0.6,0,0,0,0,0,0,0.2,0,0,0,0,0,0,0,0,0,0,0,0,0,0,75.91,0,0,,0,0,0,5.9461,7.111,95.8184,6.8789,7.0071,6.7181,5.6614,1.8708,0.6347,5.7304,5.9572,5.6845,0,0,0,1987,0,0,0,0,0,0,0,0,0.0167
castes,ctlr,3,rank 5,10,10,0,0,0,1,1,,200,0,0,449.8,209.317,20,100,0.1084,0.9325,0.014,0.0,0.0,0.0,0.0,0.0,0.0,0.0,0.0,0.0,0.0015,0.0,0.0,0.0,0.0,0.0,0.0,0.0,0.0,0.0,0.0,0.0,0.0,0.0,0,2.1,197.2,0.5,0,0.2,0,0,0,709.8,0.6,0,0,0,0,0,0,0,0,0,199.1,0,1,0,0,0,0,0,0,0,0,0,0,0,0,0,0,0,0,0,0,0,0,0,76.01,0,0,,0,0,0,5.7638,6.5273,95.8224,6.4216,6.3786,6.3012,4.9709,1.965,0.7859,5.4928,5.4612,5.4969,0,0,0,1991,0,0,0,0,0,0,0,0,0.01
castes,ctlr,3,all,50,50,0,0,0,1,1,,200,0.2,0,443.88,205.7438,20.04,99.9968,0.1375,0.9227,0.0148,0.0,0.0001,0.0,0.0,0.0,0.0,0.0,0.0,0.0,0.0017,0.0,0.0001,0.0,0.0,0.0,0.0,0.0002,0.0004,0.0,0.0016,0.0003,0.0,0.0001,0.14,2.44,196.24,0.2,0.26,0.1,0,0,0.62,703.08,0.24,0,0,0,0,0,0,0,0,0,199,0,0.54,0,0,0,0,0,0,0.04,0,0,0,0,0,0,0,0.06,0.32,0,0,0,0,0,77.256,0,3.92,,0,0,0,6.0011,7.1994,96.099,6.9394,7.0815,6.762,5.725,1.8112,0.6486,5.9871,6.256,5.9326,0,0,0,9950,0,0,0,0,196,0,0,0,0.0186
castes,ctlr,4,rank 1,10,10,0,0,0,1,1,,200,1.4,0.1,455.7,205.804,18,99.566,0.236,0.8905,0.015,0.0005,0.0,0.0,0.0,0.0,0.0,0.0,0.0,0.0,0.0065,0.0,0.0,0.0,0.0,0.0,0.0,0.0,0.0005,0.0,0.0085,0.002,0.0,0.0,0.3,5,192.9,0,0,0.3,0,0,1.5,677.3,0,0,0,0,0,0,0,0,0,0,200.4,0,1,0,0,0.5,0.5,0,2,0,0,0,0,0,0,0,0,0.4,1.7,0,0,0,0,0,89.28,0,19.6,,0,0,0,6.2378,7.3544,96.588,7.0287,7.2245,6.8259,5.8602,1.7954,0.8536,6.1265,6.6638,5.9845,0,0,0,2004,0,0,0,0,196,5,0,0,0.0318
castes,ctlr,4,rank 2,10,10,0,0,0,1,1,,200,0,0,476.1,218.415,20,100,0.1362,0.9175,0.013,0.0,0.0,0.0,0.0,0.0,0.0,0.0,0.0,0.0,0.004,0.0,0.0005,0.0,0.0,0.0,0.0,0.0,0.0,0.0,0.001,0.0,0.0,0.0,0.1,3.1,196.3,0.3,0.2,0,0,0,0,700.2,0.4,0,0,0,0,0,0,0,0,0,199.4,0,0.4,0,0,0,0,0,0,0,0,0,0,0,0,0,0,0,0.2,0,0,0,0,0,88.11,0,0,,0,0,0,6.147,7.4847,96.3302,7.2003,7.3816,6.9963,6.1611,1.738,0.4791,6.1023,6.4178,6.0427,0,0,0,1994,0,0,0,0,0,0,0,0,0.0059
castes,ctlr,4,rank 3,10,10,0,0,0,1,1,,200,2.1,0,462,207.244,18.5,99.76,0.2795,0.9025,0.027,0.001,0.001,0.0,0.0,0.0,0.0,0.0,0.0,0.0,0.002,0.0,0.001,0.0,0.0,0.0,0.0,0.0,0.0,0.0,0.0,0.0,0.0,0.0,0.2,3.7,191.5,3.3,0.7,0.6,0,0,0,683,4,0,0,0,0,0,0,0,0,0,199.7,0,0.2,0,0,0.5,1,0,4,2.5,0,0,0,0,0,0,0,0,0,0,0,0,0,0,88.4,0,0,,0,0,0,6.0355,7.3516,96.1546,7.0993,7.2545,6.9147,6.0006,1.7728,0.4396,6.33,6.3891,6.3152,0,0,0,1997,0,0,0,0,0,5,0,0,0.0277
castes,ctlr,4,rank 4,10,10,0,0,0,1,1,,200,0,0,480.4,222.19,20,100,0.0706,0.9245,0.012,0.0,0.0,0.0,0.0,0.0,0.0,0.0,0.0,0.0,0.0015,0.0,0.0,0.0,0.0,0.0,0.0,0.0,0.0,0.0,0.0,0.0,0.0,0.0,0,1.5,198.3,0,0.2,0,0,0,0,704.6,0,0,0,0,0,0,0,0,0,0,198.8,0,0.2,0,0,0,0,0,0,0,0,0,0,0,0,0,0,0,0,0,0,0,0,0,88.18,0,0,,0,0,0,6.1461,7.2462,96.143,7.0381,7.17,6.8979,5.8721,1.7876,0.4428,6.1401,6.4659,6.0826,0,0,0,1988,0,0,0,0,0,0,0,0,0.0091
castes,ctlr,4,rank 5,10,10,0,0,0,1,1,,200,0,0,470.5,216.007,20,100,0.1412,0.912,0.02,0.0,0.0,0.0,0.0,0.0,0.0,0.0,0.0,0.0,0.0005,0.0,0.0005,0.0,0.0,0.0,0.0,0.0005,0.0005,0.0,0.0,0.0,0.0,0.0,0.1,2.6,195.8,0.8,0.7,0,0,0,0,694.2,1.2,0,0,0,0,0,0,0,0,0,199.4,0,0.5,0,0,0,0,0,0,0,0,0,0,0,0,0,0,0,0,0,0,0,0,0,87.33,0,0,,0,0,0,6.1077,6.801,95.8939,6.6851,6.6914,6.6029,5.4246,1.9778,0.8494,5.9221,6.2007,5.8838,0,0,0,1994,0,0,0,0,0,0,0,0,0.0216
castes,ctlr,4,all,50,50,0,0,0,1,1,,200,0.7,0.02,468.94,213.932,19.3,99.8652,0.1727,0.9094,0.0174,0.0003,0.0002,0.0,0.0,0.0,0.0,0.0,0.0,0.0,0.0029,0.0,0.0004,0.0,0.0,0.0,0.0,0.0001,0.0002,0.0,0.0019,0.0004,0.0,0.0,0.14,3.18,194.96,0.88,0.36,0.18,0,0,0.3,691.86,1.12,0,0,0,0,0,0,0,0,0,199.54,0,0.46,0,0,0.2,0.3,0,1.2,0.5,0,0,0,0,0,0,0,0.08,0.38,0,0,0,0,0,88.26,0,3.92,,0,0,0,6.1348,7.2476,96.2219,7.0103,7.1444,6.8475,5.8637,1.8143,0.6129,6.1242,6.4275,6.0618,0,0,0,9977,0,0,0,0,196,10,0,0,0.0223
castes,ctlr,5,rank 1,10,10,0,0,0,1,1,,200,0.8,0,388.7,181.938,20,99.933,0.3324,0.8435,0.021,0.0,0.0,0.0,0.0,0.0,0.0,0.0,0.0,0.0,0.0055,0.0,0.001,0.0,0.0,0.0,0.0,0.0,0.001,0.0,0.0065,0.002,0.0,0.0,0.4,4.7,181,0.8,0.4,0,0,0,12.7,641.4,1.2,0,0,0,0,0,0,0,0,0,199.6,0,0.6,0,0,0,0,0,0,0,0,0,0,0,0,0,0,0.4,1.3,4.5,0,0,0,0,91.24,0,19.6,,0,0,0,6.4277,7.4935,96.4899,7.2821,7.4439,7.1874,6.1441,1.6472,0.5811,6.3179,6.5897,6.2321,0,0,0,1996,0,0,0,0,196,0,0,0,0.1104
castes,ctlr,5,rank 2,10,10,0,0,0,1,1,,200,0,0,444.6,206.517,20,100,0.0769,0.923,0.012,0.0,0.0,0.0,0.0,0.0,0.0,0.0,0.0,0.0,0.0015,0.0,0.0,0.0,0.0,0.0,0.0,0.0,0.0,0.0,0.0,0.0,0.0,0.0,0.1,1.8,198.1,0,0,0,0,0,0,703.4,0,0,0,0,0,0,0,0,0,0,198.7,0,0.4,0,0,0,0,0,0,0,0,0,0,0,0,0,0,0,0,0,0.1,0,0,0,93.15,0,0,,0,0,0,6.4455,7.5329,96.1582,7.3392,7.4686,7.2837,6.2532,1.6491,0.1456,6.6467,6.8655,6.5814,0,0,0,1987,0,0,0,0,0,0,0,0,0.0052
castes,ctlr,5,rank 3,10,10,0,0,0,1,1,,200,0.4,0,443.6,206.904,20,99.933,0.1076,0.924,0.012,0.0,0.0,0.0,0.0,0.0,0.0,0.0,0.0,0.0,0.0025,0.0,0.0,0.0,0.0,0.0,0.0,0.0,0.0,0.0,0.0,0.0,0.0,0.0,0.1,2,197.1,0.8,0,0,0,0,0,702.2,1,0,0,0,0,0,0,0,0,0,198.1,0,0.7,0,0,0,0,0,0,0,0,0,0,0,0,0,0,0,0,0,0,0,0,0,90.59,0,0,,0,0,0,6.3704,7.4201,96.2307,7.2534,7.3422,7.1765,6.1287,1.6344,0.2716,6.4332,6.5815,6.3986,0,0,0,1981,0,0,0,0,0,0,0,0,0.0093
castes,ctlr,5,rank 4,10,10,0,0,0,1,1,,200,0.2,0,443.7,207.164,20,100,0.1283,0.921,0.016,0.0,0.0,0.0,0.0,0.0,0.0,0.0,0.0,0.0,0.001,0.0,0.001,0.0,0.0,0.0,0.0,0.0,0.0,0.0,0.0,0.0,0.0,0.0,0,1.9,196.5,1.2,0.4,0,0,0,0,702.2,1.8,0,0,0,0,0,0,0,0,0,199,0,0.6,0,0,0,0,0,0,0,0,0,0,0,0,0,0,0,0,0,0,0,0,0,92.66,0,0,,0,0,0,6.3974,7.2415,96.0212,7.0846,7.1403,7.0421,5.924,1.7685,0.1794,6.2784,6.3996,6.2385,0,0,0,1990,0,0,0,0,0,0,0,0,0.0161
castes,ctlr,5,rank 5,10,10,0,0,0,1,1,,200,0,0,453.3,213.544,20,100,0.0603,0.929,0.01,0.0,0.0,0.0,0.0,0.0,0.0,0.0,0.0,0.0,0.001,0.0,0.0,0.0,0.0,0.0,0.0,0.0,0.0,0.0,0.0,0.0,0.0,0.0,0.1,1.3,198.6,0,0,0,0,0,0,708.2,0,0,0,0,0,0,0,0,0,0,198.7,0,0.6,0,0,0,0,0,0,0,0,0,0,0,0,0,0,0,0,0,4.4,0,0,0,92.25,0,0,,0,0,0,6.3801,6.8013,96.1405,6.7567,6.6867,6.8637,5.3675,1.8909,0.5509,6.3402,6.7692,6.2427,0,0,0,1987,0,0,0,0,0,0,0,0,0.0178
castes,ctlr,5,all,50,50,0,0,0,1,1,,200,0.28,0,434.78,203.2134,20,99.9732,0.1411,0.9081,0.0142,0.0,0.0,0.0,0.0,0.0,0.0,0.0,0.0,0.0,0.0023,0.0,0.0004,0.0,0.0,0.0,0.0,0.0,0.0002,0.0,0.0013,0.0004,0.0,0.0,0.14,2.34,194.26,0.56,0.16,0,0,0,2.54,691.48,0.8,0,0,0,0,0,0,0,0,0,198.82,0,0.58,0,0,0,0,0,0,0,0,0,0,0,0,0,0,0.08,0.26,0.9,0.9,0,0,0,91.978,0,3.92,,0,0,0,6.4042,7.2979,96.2081,7.1432,7.2163,7.1107,5.9635,1.718,0.3457,6.4033,6.6411,6.3387,0,0,0,9941,0,0,0,0,196,0,0,0,0.0347
castes,ctlr,6,rank 1,10,10,0,0,0,1,1,,200,0.4,0,432.9,196.948,20,99.933,0.1685,0.9055,0.012,0.0,0.0,0.0,0.0,0.0,0.0,0.0,0.0,0.0,0.0055,0.0,0.0,0.0,0.0,0.0,0.0,0.0,0.0,0.0,0.005,0.001,0.0,0.0,0.1,4.2,195.1,0,0,0,0,0,0.6,689.4,0,0,0,0,0,0,0,0,0,0,200.1,0,0.3,0,0,0,0,0,0,0,0,0,0,0,0,0,0,0.2,1,0,0,0,0,0,87.05,0,2,,0,0,0,6.0753,7.4058,96.512,7.0968,7.2967,6.9195,5.9962,1.8252,0.7519,5.9025,6.0861,5.8596,0,0,0,2001,0,0,0,0,20,0,0,0,0.0115
castes,ctlr,6,rank 2,10,10,0,0,0,1,1,,200,0,0,440.6,205.149,20,100,0.0886,0.9165,0.011,0.0,0.0,0.0,0.0,0.0,0.0,0.0,0.0,0.0,0.0025,0.0,0.0,0.0,0.0,0.0,0.0,0.0,0.0,0.0,0.006,0.0,0.0,0.0,0,2.3,197.7,0,0,0,0,0,0,698.2,0,0,0,0,0,0,0,0,0,0,199.2,0,0.1,0,0,0,0,0,0,0,0,0,0,0,0,0,0,0,1.2,0,0,0,0,0,86.2,0,17.6,,0,0,0,6.239,7.5189,96.4735,7.2096,7.4214,7.008,6.1438,1.7358,0.5069,6.314,6.758,6.2199,0,0,0,1992,0,0,0,0,176,0,0,0,0.0119
castes,ctlr,6,rank 3,10,10,0,0,0,1,1,,200,0,0,446.2,207.946,20,100,0.0788,0.924,0.012,0.0,0.0,0.0,0.0,0.0,0.0,0.0,0.0,0.0,0.003,0.0,0.0,0.0,0.0,0.0,0.0,0.0,0.0,0.0,0.001,0.0,0.0,0.0,0,2,198,0,0,0,0,0,0,704.2,0,0,0,0,0,0,0,0,0,0,199.8,0,0.4,0,0,0,0,0,0,0,0,0,0,0,0,0,0,0,0.2,0,0,0,0,0,84.73,0,0,,0,0,0,5.9741,7.3513,96.2375,7.0987,7.2475,6.8976,6.0201,1.7704,0.4322,6.0463,6.1551,6.0223,0,0,0,1998,0,0,0,0,0,0,0,0,0.0105
castes,ctlr,6,rank 4,10,10,0,0,0,1,1,,200,0,0,450.3,211.023,20,100,0.0517,0.9295,0.01,0.0,0.0,0.0,0.0,0.0,0.0,0.0,0.0,0.0,0.0005,0.0,0.0,0.0,0.0,0.0,0.0,0.0,0.0,0.0,0.0,0.0,0.0,0.0,0,1.2,198.8,0,0,0,0,0,0,708.6,0,0,0,0,0,0,0,0,0,0,199,0,0.2,0,0,0,0,0,0,0,0,0,0,0,0,0,0,0,0,0,0,0,0,0,86.19,0,0,,0,0,0,6.067,7.1381,96.0006,6.9519,7.0343,6.7976,5.8192,1.8424,0.4391,6.166,6.4551,6.1082,0,0,0,1990,0,0,0,0,0,0,0,0,0.0076
castes,ctlr,6,rank 5,10,10,0,0,0,1,1,,200,0.2,0,447.9,208.438,20,99.992,0.0888,0.9285,0.011,0.0,0.0,0.0,0.0,0.0,0.0,0.0,0.0,0.0,0.0015,0.0,0.0,0.0,0.0,0.0,0.0,0.0,0.0,0.0,0.0005,0.0,0.0,0.0,0.1,1.5,197.7,0.7,0,0,0,0,0,705.8,1,0,0,0,0,0,0,0,0,0,198.9,0,0,0,0,0,0,0,0,0,0,0,0,0,0,0,0,0,0.1,0,0,0,0,0,84.16,0,0,,0,0,0,6.0024,6.6359,96.0937,6.476,6.519,6.3579,5.166,2.1389,0.6741,5.9145,6.1492,5.8612,0,0,0,1989,0,0,0,0,0,0,0,0,0.014
castes,ctlr,6,all,50,50,0,0,0,1,1,,200,0.12,0,443.58,205.9008,20,99.985,0.0953,0.9208,0.0112,0.0,0.0,0.0,0.0,0.0,0.0,0.0,0.0,0.0,0.0026,0.0,0.0,0.0,0.0,0.0,0.0,0.0,0.0,0.0,0.0025,0.0002,0.0,0.0,0.04,2.24,197.46,0.14,0,0,0,0,0.12,701.24,0.2,0,0,0,0,0,0,0,0,0,199.4,0,0.2,0,0,0,0,0,0,0,0,0,0,0,0,0,0,0.04,0.5,0,0,0,0,0,85.666,0,3.92,,0,0,0,6.0716,7.21,96.2635,6.9666,7.1038,6.7961,5.8291,1.8625,0.5608,6.0687,6.3207,6.0142,0,0,0,9970,0,0,0,0,196,0,0,0,0.014
castes,ctlr,7,rank 1,10,10,0,0,0,1,1,,200,2.2,0,480.1,213.061,7.3,99.4,0.4331,0.869,0.036,0.004,0.0005,0.0,0.0,0.0,0.0,0.0,0.0,0.0,0.005,0.0,0.0025,0.0,0.0,0.0,0.0,0.0,0.001,0.0,0.0075,0.001,0.0,0.0,0.2,6.9,187,1.1,1.7,2.3,0,0,0.8,667.4,1.4,0,0,0,0,0,0,0,0,0,199.2,0,0.1,0,0,1.1,3.3,0,13.2,0.5,0,0,0,0,0,0,0,0.2,1.5,0,0,0,0,0,85.05,0,17.6,,0,0,0,5.747,7.1582,96.3856,6.912,7.0196,6.7894,5.8407,2.0021,0.8717,5.6901,6.2443,5.5318,0,0,0,1992,0,0,0,0,176,11,0,0,0.018
castes,ctlr,7,rank 2,10,10,0,0,0,1,1,,200,2.3,0,487.8,215.388,9.2,99.437,0.4363,0.8735,0.044,0.0045,0.0,0.0,0.0,0.0,0.0,0.0,0.0,0.0,0.0055,0.0,0.0035,0.0,0.0,0.0,0.0,0.0,0.0,0.0,0.0025,0.001,0.0,0.0,0.1,7.2,186.9,0.8,2.4,1.9,0,0,0.7,675.8,1,0,0,0,0,0,0,0,0,0,199,0,0.4,0,0,0.3,2.7,0,10.8,0,0,0,0,0,0,0,0,0.2,0.5,0,0,0,0,0,83.26,0,2,,0,0,0,5.4893,6.9498,95.8731,6.868,6.8769,6.714,5.899,2.0182,0.3521,5.5162,5.6623,5.476,0,0,0,1990,0,0,0,0,20,3,0,0,0.0125
castes,ctlr,7,rank 3,10,10,0,0,0,1,1,,200,0.2,0,487,215.05,7.2,100,0.47,0.8705,0.053,0.0045,0.0,0.0,0.0,0.0,0.0,0.0,0.0,0.0,0.0015,0.0,0.0055,0.0,0.0,0.0,0.0,0.0,0.0,0.0,0.0005,0.0,0.0,0.0,0.1,6.4,185.9,2.1,3.8,1.7,0,0,0,677,3.2,0,0,0,0,0,0,0,0,0,199.2,0,0.6,0,0,0,3.2,0,12.8,0,0,0,0,0,0,0,0,0,0.1,0,0,0,0,0,83.73,0,0,,0,0,0,5.536,6.9429,96.0396,6.8743,6.8623,6.7169,5.8494,1.9319,0.4013,5.5549,5.8661,5.4934,0,0,0,1992,0,0,0,0,0,0,0,0,0.0146
castes,ctlr,7,rank 4,10,10,0,0,0,1,1,,200,1.5,0,489.4,216.484,11.2,99.836,0.3866,0.8815,0.044,0.003,0.0,0.0,0.0,0.0,0.0,0.0,0.0,0.0,0.0025,0.0,0.003,0.0,0.0,0.0,0.0,0.0,0.0,0.0,0.0,0.0005,0.0,0.0,0,5.4,188.9,1.4,2.2,1.7,0,0,0.4,678.6,1.8,0,0,0,0,0,0,0,0,0,198.5,0,0.4,0,0,0,2.2,0,8.8,0,0,0,0,0,0,0,0,0.1,0,0,0,0,0,0,82.87,0,0,,0,0,0,5.4724,6.7434,96.0075,6.7058,6.6525,6.6105,5.5704,2.0102,0.4324,5.4017,5.6453,5.3572,0,0,0,1985,0,0,0,0,0,0,0,0,0.015
castes,ctlr,7,rank 5,10,10,0,0,0,1,1,,200,1,0,490.9,217.911,10.4,99.895,0.3552,0.889,0.039,0.003,0.0,0.0,0.0,0.0,0.0,0.0,0.0,0.0,0.002,0.0,0.002,0.0,0.0,0.0,0.0,0.0,0.0,0.0,0.0,0.0,0.0,0.0,0.1,4.9,189.9,1.5,1.8,1.8,0,0,0,679.8,2.2,0,0,0,0,0,0,0,0,0,199.5,0,0.4,0,0,0.5,2.4,0,9.6,0,0,0,0,0,0,0,0,0,0,0,0,0,0,0,82.58,0,0,,0,0,0,5.3149,6.1177,95.8283,6.2054,6.0151,6.1846,4.8779,2.2562,0.8015,5.4154,5.5227,5.3672,0,0,0,1995,0,0,0,0,0,5,0,0,0.0157
castes,ctlr,7,all,50,50,0,0,0,1,1,,200,1.44,0,487.04,215.5788,9.06,99.7136,0.4162,0.8767,0.0432,0.0038,0.0001,0.0,0.0,0.0,0.0,0.0,0.0,0.0,0.0033,0.0,0.0033,0.0,0.0,0.0,0.0,0.0,0.0002,0.0,0.0021,0.0005,0.0,0.0,0.1,6.16,187.72,1.38,2.38,1.88,0,0,0.38,675.72,1.92,0,0,0,0,0,0,0,0,0,199.08,0,0.38,0,0,0.38,2.76,0,11.04,0.1,0,0,0,0,0,0,0,0.1,0.42,0,0,0,0,0,83.498,0,3.92,,0,0,0,5.5119,6.7824,96.0268,6.7131,6.6853,6.6031,5.6075,2.0437,0.5718,5.5157,5.7881,5.4451,0,0,0,9954,0,0,0,0,196,19,0,0,0.0162
castes,ctlr,8,rank 1,10,10,0,0,0,1,1,,200,1.2,0,429.1,194.346,20,99.91,0.2273,0.901,0.016,0.0,0.0,0.0,0.0,0.0,0.0,0.0,0.0,0.0,0.004,0.0,0.0,0.0,0.0,0.0,0.0,0.0005,0.0005,0.0,0.008,0.0015,0.0,0.0,0.2,4.6,193.2,0,0,0,0,0,2,685.8,0,0,0,0,0,0,0,0,0,0,199.7,0,0.5,0,0.1,0,0,0,0,0,0,0,0,0,0,0,0,0.3,1.6,0,0,0,0,0,83.7,0.1,19.6,,0,0,0,5.9859,7.455,96.2338,7.1177,7.367,6.9292,5.9312,1.7563,0.8674,5.9644,6.5169,5.8753,0,0,0,1997,0,0,0,0,196,0,0,0,0.0288
castes,ctlr,8,rank 2,10,10,0,0,0,1,1,,200,0.2,0,444,204.065,20,100,0.1559,0.922,0.017,0.0,0.0,0.0,0.0,0.0,0.0,0.0,0.0,0.0,0.002,0.0,0.0005,0.0,0.0,0.0,0.0,0.0,0.0,0.0,0.0015,0.0,0.0,0.0,0,3.1,195.6,0.9,0.4,0,0,0,0,702.6,1,0,0,0,0,0,0,0,0,0,199.2,0,0.6,0,0,0,0,0,0,0,0,0,0,0,0,0,0,0,0.3,0,0,0,0,0,82.63,0,0,,0,0,0,5.9995,7.4484,96.1618,7.1808,7.3642,7.014,6.0634,1.7185,0.3729,6.115,6.4002,6.0528,0,0,0,1992,0,0,0,0,0,0,0,0,0.015
castes,ctlr,8,rank 3,10,10,0,0,0,1,1,,200,0.9,0,437.4,198.695,17.6,100,0.215,0.907,0.023,0.001,0.0,0.0,0.0,0.0,0.0,0.0,0.0,0.001,0.0035,0.0,0.001,0.0,0.0,0.0,0.0,0.0,0.0,0.0,0.0015,0.0,0.0,0.0,0.4,3.8,193.8,0,1.1,0.6,0,0,0.3,694.6,0,0,0,0,0,0,0,0,0,0,200,0,0.1,0,0,0,0.6,0,2.4,0,0,0,0,0,0,0,0,0,0.3,0,0,0,0,0,81.44,0.2,0,,0,0,0,5.9574,7.3332,95.8458,7.1022,7.2559,6.9506,5.9769,1.7746,0.5103,5.8389,6.1917,5.7581,0,0,0,2000,0,0,0,0,0,0,0,0,0.0146
castes,ctlr,8,rank 4,10,10,0,0,0,1,1,,200,0.6,0,415.4,184.832,15.6,100,0.4003,0.8745,0.04,0.002,0.0,0.0,0.0,0.0,0.0,0.0,0.0,0.0,0.004,0.0,0.006,0.0,0.0,0.0,0.0,0.001,0.0,0.0,0.0005,0.0,0.0,0.0,0.1,5.5,183.5,5.8,4.3,0.8,0,0,0,670.2,13.3,0,0,0,0,0,0,0,0,0,196.4,0,0.2,0,0.1,0,1.1,0,4.4,0,0,0,0,0,0,0,0,0,0.1,0,0,0,0,0,79.13,0.1,0,,0,0,0,5.8451,7.1074,95.9105,6.8893,7.0255,6.7255,5.6661,1.8601,0.449,5.6455,5.7308,5.6311,0,0,0,1964,0,0,0,0,0,0,0,0,0.0627
castes,ctlr,8,rank 5,10,10,0,0,0,1,1,,200,0.8,0,439.7,200.474,20,99.94,0.18,0.9215,0.015,0.0,0.0,0.0,0.0,0.0,0.0,0.0,0.0,0.0,0.0015,0.0,0.0,0.0,0.0,0.0,0.0,0.001,0.0005,0.0,0.0005,0.0,0.0,0.0,0.3,2.5,195,1.9,0.3,0,0,0,0,697.8,2.2,0,0,0,0,0,0,0,0,0,199.1,0,0.3,0,0,0,0,0,0,0,0,0,0,0,0,0,0,0,0.1,0,0,0,0,0,80.34,0,0,,0,0,0,5.8837,6.7826,95.7149,6.6472,6.6848,6.5744,5.2812,1.9523,0.7231,6.1634,6.3548,6.1207,0,0,0,1991,0,0,0,0,0,0,0,0,0.013
castes,ctlr,8,all,50,50,0,0,0,1,1,,200,0.74,0,433.12,196.4824,18.64,99.97,0.2357,0.9052,0.0222,0.0006,0.0,0.0,0.0,0.0,0.0,0.0,0.0,0.0002,0.003,0.0,0.0015,0.0,0.0,0.0,0.0,0.0005,0.0002,0.0,0.0024,0.0003,0.0,0.0,0.2,3.9,192.22,1.72,1.22,0.28,0,0,0.46,690.2,3.3,0,0,0,0,0,0,0,0,0,198.88,0,0.34,0,0.04,0,0.34,0,1.36,0,0,0,0,0,0,0,0,0.06,0.48,0,0,0,0,0,81.448,0.08,3.92,,0,0,0,5.9343,7.2253,95.9734,6.9874,7.1395,6.8387,5.7838,1.8124,0.5845,5.9454,6.2365,5.8876,0,0,0,9944,0,0,0,0,196,0,0,0,0.0287
castes,ctlr,9,rank 1,10,10,0,0,0,1,1,,200,3.2,0,427.8,191.672,12.8,100,0.4111,0.8815,0.039,0.003,0.0,0.0,0.0,0.0,0.0,0.0,0.0,0.0,0.0045,0.0,0.0035,0.0,0.0,0.0,0.0,0.0,0.0005,0.0,0.003,0.0005,0.0,0.0,0.2,7.4,187.4,0.4,3,1.2,0,0,0.4,683,0.6,0,0,0,0,0,0,0,0,0,199.7,0,0.2,0,0,0,1.8,0,7.2,0,0,0,0,0,0,0,0,0.1,0.6,0,0,0,0,0,87.28,0,0,,0,0,0,6.0242,7.2256,96.5073,7.0635,7.1485,6.9671,5.9092,1.7704,0.6619,5.9743,6.5739,5.8244,0,0,0,1997,0,0,0,0,0,0,0,0,0.0074
castes,ctlr,9,rank 2,10,10,0,0,0,1,1,,200,1.2,0,437.2,199.117,16,100,0.2907,0.9085,0.033,0.0005,0.0005,0.0,0.0,0.0005,0.0,0.0,0.0,0.0,0.002,0.0,0.002,0.0,0.0,0.0,0.0,0.0,0.0,0.0,0.0015,0.0,0.0,0.0,0,4.4,191.7,1.2,1.5,1.2,0,0,0,696.2,1.8,0,0,0,0,0,0,0,0,0,199.1,0,0.2,0,0,0,0.5,0,2,1,0,0,0,0,0,0,0,0,0.3,0,0,0,0,0,85.82,0,0,,0,0,0,6.119,7.3624,96.6889,7.2107,7.2956,7.1022,6.1224,1.6779,0.2095,6.1063,6.4398,6.012,0,0,0,1991,0,0,0,0,0,0,0,0,0.0154
castes,ctlr,9,rank 3,10,10,0,0,0,1,1,,200,0.6,0,429.7,192.595,17.4,100,0.3571,0.891,0.041,0.002,0.0,0.0,0.0,0.0,0.0,0.0,0.0,0.0,0.003,0.0,0.0025,0.0,0.0,0.0,0.0,0.0,0.0005,0.0,0.004,0.0005,0.0,0.0005,0.2,5.7,189.7,0.3,2.2,1.4,0,0,0.5,687,0.4,0,0,0,0,0,0,0,0,0,199.2,0,0.3,0,0,0,1.4,0,5.6,0,0,0,0,0,0,0,0,0.1,0.8,0,0,0,0,0,85.74,0,12,,0,0,0,6.0332,7.191,96.512,7.0674,7.1439,6.9068,5.9982,1.7792,0.3329,6.0347,6.1395,6.0189,0,0,0,1992,0,0,0,0,120,0,0,0,0.0118
castes,ctlr,9,rank 4,10,10,0,0,0,1,1,,200,1.4,0,423.9,187.517,11.6,100,0.4659,0.876,0.054,0.0025,0.0,0.0,0.0,0.0,0.0,0.0,0.0,0.0,0.0035,0.0,0.0045,0.0,0.0,0.0,0.0,0.0,0.0,0.0,0.0005,0.0,0.0,0.0,0.1,6.9,184.9,1.6,5.4,1.1,0,0,0,679.8,2,0,0,0,0,0,0,0,0,0,199,0,0.1,0,0,0,2.1,0,8.4,0,0,0,0,0,0,0,0,0,0.1,0,0,0,0,0,86.99,0,0,,0,0,0,5.8165,6.9725,96.1514,6.8921,6.8944,6.7987,5.6822,1.8065,0.3107,5.9947,6.2016,5.9316,0,0,0,1990,0,0,0,0,0,0,0,0,0.033
castes,ctlr,9,rank 5,10,10,0,0,0,1,1,,200,1,0,424.4,189.279,14.8,100,0.398,0.883,0.046,0.0025,0.0,0.0,0.0,0.0,0.0,0.0,0.0,0.0,0.0025,0.0,0.003,0.0,0.0,0.0,0.0,0.0005,0.0,0.0,0.0025,0.0,0.0,0.001,0.2,5.9,188,0.9,3.8,1.2,0,0,0,681,1.2,0,0,0,0,0,0,0,0,0,199.4,0,0.3,0,0,0,1.3,0,5.2,0,0,0,0,0,0,0,0,0,0.5,0,0,0,0,0,85.4,0,7.6,,0,0,0,5.8355,6.5605,96.192,6.5651,6.4857,6.5037,5.2121,1.9408,0.6191,5.704,5.7925,5.699,0,0,0,1994,0,0,0,0,76,0,0,0,0.0194
castes,ctlr,9,all,50,50,0,0,0,1,1,,200,1.48,0,428.6,192.036,14.52,100,0.3846,0.888,0.0426,0.0021,0.0001,0.0,0.0,0.0001,0.0,0.0,0.0,0.0,0.0031,0.0,0.0031,0.0,0.0,0.0,0.0,0.0001,0.0002,0.0,0.0023,0.0002,0.0,0.0003,0.14,6.06,188.34,0.88,3.18,1.22,0,0,0.18,685.4,1.2,0,0,0,0,0,0,0,0,0,199.28,0,0.22,0,0,0,1.42,0,5.68,0.2,0,0,0,0,0,0,0,0.04,0.46,0,0,0,0,0,86.246,0,3.92,,0,0,0,5.9657,7.0624,96.4103,6.9598,6.9936,6.8557,5.7848,1.795,0.4268,5.9628,6.23,5.8972,0,0,0,9964,0,0,0,0,196,0,0,0,0.0197
castes,exp,1,rank 1,10,10,0,0,0,1,1,,200,0,0,439,200.668,20,100,0.1845,0.9165,0.013,0.0,0.0,0.0,0.0,0.0,0.0,0.0,0.0,0.001,0.003,0.0,0.0,0.0,0.0,0.0,0.0,0.0,0.0005,0.0,0.0055,0.001,0.0,0.0,0.4,4,194.8,0,0,0,0,0,0.8,698.2,0,0,0,0,0,0,0,0,0,0,199.6,0,0.8,0,0.2,0,0,0,0,0,0,0,0,0,0,0,0,0.2,1.1,0,0,0,0,0,91.55,0.2,5.6,,0,0,0,5.9698,6.4485,96.1075,6.3322,6.2893,6.2344,4.9846,2.1805,0.9247,5.5242,6.6208,5.3096,0,0,0,1996,0,0,0,0,56,0,0,0,0.0069
castes,exp,1,rank 2,10,10,0,0,0,1,1,,200,14,0,400.9,186.482,20,100,0.1896,0.919,0.016,0.0,0.0,0.0,0.0,0.0,0.0,0.0,0.0,0.0,0.0025,0.0,0.0,0.0,0.0,0.0,0.0,0.0,0.0,0.0,0.006,0.0,0.0,0.0,0,3.4,179.9,16.5,0,0,0,0,0.2,640.1,56.7,0,0,0,0,0,0,0,0,0,197.8,0,0.2,0,0,0,0,0,0,0,0,0,0,0,0,0,0,0,1.2,0,0,0,0,0,92.3,0,14,,0,0,0,5.8139,6.5165,96.0559,6.4051,6.3733,6.3439,5.1559,2.2531,0.7827,5.6742,5.7968,5.6479,0,0,0,1978,0,0,0,0,140,0,0,0,0.1101
castes,exp,1,rank 3,10,10,0,0,0,1,1,,200,0,0,441.9,202.94,20,100,0.1295,0.9205,0.016,0.0,0.0,0.0,0.0,0.0,0.0,0.0,0.0,0.0,0.0015,0.0,0.0,0.0,0.0,0.0,0.0,0.0,0.0,0.0,0.0015,0.0,0.0,0.0,0.1,2.7,196.6,0.2,0,0.4,0,0,0,701,0.2,0,0,0,0,0,0,0,0,0,199.4,0,0.2,0,0,0,0,0,0,0,0,0,0,0,0,0,0,0,0.3,0,0,0,0,0,93.26,0,0,,0,0,0,5.8678,6.6069,95.9593,6.555,6.4505,6.5535,5.3073,2.0913,0.465,5.7988,6.0302,5.7314,0,0,0,1994,0,0,0,0,0,0,0,0,0.0123
castes,exp,1,rank 4,10,10,0,0,0,1,1,,200,0,0,448.1,207.623,20,100,0.0918,0.9285,0.013,0.0,0.0,0.0,0.0,0.0,0.0,0.0,0.0,0.0,0.003,0.0,0.0,0.0,0.0,0.0,0.0,0.0,0.0,0.0,0.0005,0.0,0.0,0.0,0,2,197.6,0,0,0.4,0,0,0,707.8,0,0,0,0,0,0,0,0,0,0,199,0,0.3,0,0,0,0,0,0,0,0,0,0,0,0,0,0,0,0.1,0,0,0,0,0,92.48,0,0,,0,0,0,5.7574,6.1343,95.7963,6.1384,5.965,6.2006,4.7535,2.3652,0.445,5.9953,6.3291,5.9389,0,0,0,1990,0,0,0,0,0,0,0,0,0.0108
castes,exp,1,rank 5,10,10,0,0,0,1,1,,200,0.8,0,446.3,206.551,19.2,99.872,0.132,0.9275,0.013,0.0005,0.0,0.0,0.0,0.0,0.0,0.0,0.0,0.0,0.003,0.0,0.0,0.0,0.0,0.0,0.0,0.0,0.0,0.0,0.0,0.0005,0.0,0.0,0.2,2.1,196.5,0.7,0,0.2,0,0,0.3,705,1,0,0,0,0,0,0,0,0,0,198.9,0,1.2,0,0,0.2,0.2,0,0.8,0,0,0,0,0,0,0,0,0.1,0,0,0,0,0,0,89.04,0,0,,0,0,0,5.5071,4.4492,95.4527,4.3432,4.2617,4.9226,3.0798,4.8919,0.8826,5.8876,6.4464,5.7586,0,0,0,1989,0,0,0,0,0,2,0,0,0.0156
castes,exp,1,all,50,50,0,0,0,1,1,,200,2.96,0,435.24,200.8528,19.84,99.9744,0.1455,0.9224,0.0142,0.0001,0.0,0.0,0.0,0.0,0.0,0.0,0.0,0.0002,0.0026,0.0,0.0,0.0,0.0,0.0,0.0,0.0,0.0001,0.0,0.0027,0.0003,0.0,0.0,0.14,2.84,193.08,3.48,0,0.2,0,0,0.26,690.42,11.58,0,0,0,0,0,0,0,0,0,198.94,0,0.54,0,0.04,0.04,0.04,0,0.16,0,0,0,0,0,0,0,0,0.06,0.54,0,0,0,0,0,91.726,0.04,3.92,,0,0,0,5.7832,6.0311,95.8743,5.9548,5.868,6.051,4.6562,2.7564,0.7,5.776,6.2447,5.6773,0,0,0,9947,0,0,0,0,196,2,0,0,0.0328
castes,exp,10,rank 1,10,10,0,0,0,1,1,,200,0,0,433,197.805,20,100,0.1666,0.9075,0.014,0.0,0.0,0.0,0.0,0.0,0.0,0.0,0.0,0.0,0.0065,0.0,0.0,0.0,0.0,0.0,0.0,0.0,0.0,0.0,0.008,0.0,0.0,0.0,0.1,4.7,195,0,0.2,0,0,0,0,691,0,0,0,0,0,0,0,0,0,0,200.4,0,0.6,0,0,0,0,0,0,0,0,0,0,0,0,0,0,0,1.6,0,0,0,0,0,82.66,0,19.6,,0,0,0,5.9775,6.6354,96.3331,6.4513,6.4669,6.3326,5.0348,2.0286,0.9211,5.9298,6.5981,5.7799,0,0,0,2004,0,0,0,0,196,0,0,0,0.0193
castes,exp,10,rank 2,10,10,0,0,0,1,1,,200,0.9,0,436.5,198.476,20,99.94,0.2373,0.913,0.023,0.0,0.0,0.0,0.0,0.0,0.0,0.0,0.0,0.0,0.002,0.0,0.001,0.0,0.0,0.0,0.0,0.0005,0.0,0.0,0.001,0.001,0.0,0.0,0,3.6,193.2,2.1,0.6,0,0,0,0.5,694.2,2.6,0,0,0,0,0,0,0,0,0,199.7,0,0.5,0,0,0,0,0,0,0,0,0,0,0,0,0,0,0.2,0.2,0,0,0,0,0,83.84,0,0,,0,0,0,5.68,6.6361,95.857,6.4915,6.4797,6.2877,5.1741,1.9754,0.8712,5.4944,5.6907,5.4644,0,0,0,1997,0,0,0,0,0,0,0,0,0.0099
castes,exp,10,rank 3,10,10,0,0,0,1,1,,200,0.5,0,428.9,192.074,19.2,100,0.3484,0.8955,0.036,0.0005,0.0,0.0,0.0,0.0,0.0,0.0,0.0,0.0,0.0055,0.0,0.003,0.0,0.0,0.0,0.0,0.0,0.0,0.0,0.001,0.0,0.0,0.0,0,5.8,189.1,2.4,2.5,0.2,0,0,0,685.8,3.8,0,0,0,0,0,0,0,0,0,200,0,0.3,0,0,0,0.2,0,0.8,0,0,0,0,0,0,0,0,0,0.2,0,0,0,0,0,80.87,0,0,,0,0,0,5.8163,6.8309,95.9751,6.7068,6.7022,6.5833,5.5055,1.9635,0.5793,5.8584,6.0737,5.8049,0,0,0,2000,0,0,0,0,0,0,0,0,0.0227
castes,exp,10,rank 4,10,10,0,0,0,1,1,,200,0.1,0,436.2,198.239,18.8,100,0.265,0.9055,0.03,0.0005,0.0,0.0,0.0,0.0,0.0,0.0,0.0,0.0,0.0015,0.0,0.0025,0.0,0.0,0.0,0.0,0.0,0.0,0.0,0.0005,0.0,0.0,0.0,0.1,4,192.1,1.7,1.9,0.2,0,0,0,694.2,2.6,0,0,0,0,0,0,0,0,0,199.2,0,0.2,0,0,0,0.3,0,1.2,0,0,0,0,0,0,0,0,0,0.1,0,0,0,0,0,78.57,0,0,,0,0,0,5.8075,6.3668,96.0583,6.2881,6.2271,6.219,4.9289,2.2226,0.5009,5.8001,6.1014,5.7431,0,0,0,1992,0,0,0,0,0,0,0,0,0.0218
castes,exp,10,rank 5,10,10,0,0,0,1,1,,200,0.1,0,449.3,209.532,20,100,0.0961,0.9285,0.014,0.0,0.0,0.0,0.0,0.0,0.0,0.0,0.0,0.0,0.0,0.0,0.0005,0.0,0.0,0.0,0.0,0.0005,0.0,0.0,0.0,0.0,0.0,0.0,0.1,1.6,197.5,0.4,0.4,0,0,0,0,708.6,0.6,0,0,0,0,0,0,0,0,0,199.4,0,0.2,0,0,0,0,0,0,0,0,0,0,0,0,0,0,0,0,0,0,0,0,0,78.63,0,0,,0,0,0,5.6153,5.0093,95.9791,4.966,4.8195,5.3029,3.5429,3.8019,0.8458,5.8581,6.4165,5.7356,0,0,0,1994,0,0,0,0,0,0,0,0,0.0116
castes,exp,10,all,50,50,0,0,0,1,1,,200,0.32,0,436.78,199.2252,19.6,99.988,0.2227,0.91,0.0234,0.0002,0.0,0.0,0.0,0.0,0.0,0.0,0.0,0.0,0.0031,0.0,0.0014,0.0,0.0,0.0,0.0,0.0002,0.0,0.0,0.0021,0.0002,0.0,0.0,0.06,3.94,193.38,1.32,1.12,0.08,0,0,0.1,694.76,1.92,0,0,0,0,0,0,0,0,0,199.74,0,0.36,0,0,0,0.1,0,0.4,0,0,0,0,0,0,0,0,0.04,0.42,0,0,0,0,0,80.914,0,3.92,,0,0,0,5.7793,6.2957,96.0405,6.1807,6.1391,6.1451,4.8372,2.3984,0.7437,5.7882,6.1761,5.7056,0,0,0,9987,0,0,0,0,196,0,0,0,0.02
castes,exp,2,rank 1,10,10,0,0,0,1,1,,200,42.7,0,301.6,138.468,20,100,0.5427,0.8265,0.038,0.0,0.0,0.0,0.0,0.0,0.0,0.0,0.0,0.0,0.0055,0.0,0.0035,0.0,0.0,0.0,0.0,0.0,0.0005,0.0,0.006,0.001,0.0,0.009,0.2,6.7,140.8,36.2,2.1,0,0,0,14,498.7,130,0,0,0,0,0,0,0,0,0,198.9,0,0.4,0,0,0,0,0,0,0,0,0,0,0,0,0,0,0.2,1.2,0,0,0,0,0,109.5,0,13.6,,0,0,0,5.6311,6.8196,95.958,6.4997,6.6393,6.3462,5.1493,2.1361,0.8993,5.8667,6.1816,5.7771,0,0,0,1989,0,0,0,0,136,0,0,0,0.3107
castes,exp,2,rank 2,10,10,0,0,0,1,1,,200,29.5,0,319.5,146.925,20,100,0.4316,0.888,0.033,0.0,0.0,0.0,0.0,0.0,0.0,0.0,0.0,0.0,0.003,0.0,0.0035,0.0,0.0,0.0145,0.0,0.0,0.0,0.0,0.003,0.0,0.0,0.0005,0,5.3,156.2,36.7,1.8,0,0,0,0,543.8,134.4,0,0,0,0,0,0,0,0,0,199.3,0,0.5,0,0,0,0,0,0,0,0,2.9,0,0,0,0,0,0,0.6,0,0,0,0,0,111.42,0,0,,0,0,0,5.6237,6.679,95.8192,6.5107,6.5424,6.3598,5.2696,2.1288,0.7072,5.485,5.7392,5.4478,0,0,0,1993,0,0,0,0,0,0,0,0,0.2671
castes,exp,2,rank 3,10,10,0,0,0,1,1,,200,29.5,0,321.5,149.457,20,100,0.4484,0.876,0.041,0.0,0.0,0.0,0.0,0.0,0.0,0.0,0.0,0.0,0.004,0.0,0.0055,0.0,0.0,0.0185,0.0,0.0,0.0,0.0,0.002,0.0005,0.0,0.003,0,5.3,155.9,36.1,2.3,0,0,0,0.4,546.4,130.2,0,0,0,0,0,0,0,0,0,198.7,0,0.4,0,0,0,0,0,0,0,0,3.7,0,0,0,0,0,0.1,0.4,0,0,0,0,0,108.98,0,6,,0,0,0,5.7678,6.8248,95.8003,6.6277,6.7032,6.4802,5.4058,2.0782,0.3501,5.7209,6.1165,5.62,0,0,0,1987,0,0,0,0,60,0,0,0,0.2727
castes,exp,2,rank 4,10,10,0,0,0,1,1,,200,28.7,0,355.7,164.542,18,100,0.3435,0.913,0.031,0.0005,0.0005,0.0,0.0,0.0,0.0,0.0,0.0,0.0,0.002,0.0,0.002,0.0,0.0,0.0,0.0,0.0,0.0,0.0,0.001,0.0,0.0,0.0005,0.1,4.2,160.2,33.1,2.1,0.3,0,0,0,576.1,120.6,0,0,0,0,0,0,0,0,0,197.9,0,0.8,0,0,0,1,0,4,2,0,0,0,0,0,0,0,0,0.2,0,0,0,0,0,108.33,0,0,,0,0,0,5.6934,6.3,95.9564,6.2174,6.1422,6.2508,4.8257,2.3491,0.3648,5.5034,5.657,5.4856,0,0,0,1979,0,0,0,0,0,0,0,0,0.2158
castes,exp,2,rank 5,10,10,0,0,0,1,1,,200,1.2,0,448.2,209.135,18,100,0.1567,0.9285,0.016,0.0005,0.0,0.0,0.0,0.0,0.0,0.0,0.0,0.0,0.0025,0.002,0.0005,0.0,0.0,0.0,0.0,0.0005,0.0,0.0,0.0,0.0,0.0,0.0,0.6,2.4,195.5,0.8,0.5,0.2,0,0,0,707,1.4,0,0,0,0,0,0,0,0,0,199,0,0.8,0,0,0,0.5,0,2,0,0,0,0,0,0,0,0,0,0,0,0,0,0,0,115.37,0,0,,0,0,0,5.4757,4.7748,95.7007,4.6623,4.6172,5.1943,3.3789,4.5416,0.8772,5.6092,6.1101,5.4848,0,0,0,1990,0,0,0,0,0,0,0,0,0.0214
castes,exp,2,all,50,50,0,0,0,1,1,,200,26.32,0,349.3,161.7054,19.2,100,0.3846,0.8864,0.0318,0.0002,0.0001,0.0,0.0,0.0,0.0,0.0,0.0,0.0,0.0034,0.0004,0.003,0.0,0.0,0.0066,0.0,0.0001,0.0001,0.0,0.0024,0.0003,0.0,0.0026,0.18,4.78,161.72,28.58,1.76,0.1,0,0,2.88,574.4,103.32,0,0,0,0,0,0,0,0,0,198.76,0,0.58,0,0,0,0.3,0,1.2,0.4,0,1.32,0,0,0,0,0,0.06,0.48,0,0,0,0,0,110.72,0,3.92,,0,0,0,5.6383,6.2796,95.8469,6.1036,6.1289,6.1263,4.8059,2.6468,0.6397,5.637,5.9671,5.5631,0,0,0,9938,0,0,0,0,196,0,0,0,0.2222
castes,exp,3,rank 1,10,10,0,0,0,1,1,,200,48.8,0,264.6,102.187,19,99.76,0.8467,0.8575,0.045,0.0,0.0,0.0,0.0,0.0005,0.0,0.0,0.0,0.0005,0.0085,0.0,0.007,0.0,0.0,0.003,0.001,0.0,0.0,0.0005,0.0025,0.0015,0.0,0.0,0.2,8.7,130.5,56.5,3,0,0,0,1.1,452.8,205.3,0,0,0,0,0,0,0,0,0,200,0,0.1,0,0.1,0,0,0,0,0,0,0.6,0,0,0.2,0,0,0.3,0.5,0,0,0,0,0,99.02,0.1,3.6,,0,0,0.1,5.5572,6.6342,96.1302,6.4318,6.5248,6.1973,5.1966,2.1911,0.84,5.4971,6.0368,5.4058,0,0,0,2000,0,2,0,0,36,0,0,0,0.3156
castes,exp,3,rank 2,10,10,0,0,0,1,1,,200,76.5,0,215.4,87.818,16.1,99.745,0.8077,0.8475,0.057,0.0025,0.0005,0.0,0.0,0.0,0.0,0.0,0.0,0.0,0.007,0.0,0.009,0.0,0.0,0.002,0.0,0.0,0.0,0.0,0.003,0.0005,0.0,0.0,0,9.3,104.9,79.2,3.2,1.2,0,0,2.2,365.7,295.9,0,0,0,0,0,0,0,0,0,198.9,0,0.1,0,0,0.6,1.1,0,4.4,0.5,0,0.4,0,0,0,0,0,0.1,0.6,0,0,0,0,0,97.8,0,6,,0,0,0,5.4499,6.5285,95.6271,6.3707,6.4332,6.135,5.1769,2.2622,0.8724,5.3375,5.4344,5.3106,0,0,0,1989,0,0,0,0,60,6,0,0,0.4713
castes,exp,3,rank 3,10,10,0,0,0,1,1,,200,36,0,307.1,138.404,15.8,99.849,0.5276,0.805,0.0375,0.004,0.0005,0.0,0.0,0.0,0.0,0.0,0.0,0.0005,0.005,0.0,0.002,0.0,0.0,0.0175,0.0,0.0,0.0,0.0,0.003,0.0,0.0,0.002,0,7,149.3,26.9,1.6,2.3,0,0,12.9,517.7,92.4,0,0,0,0,0,0,0,0,0,199.2,0,0.3,0,0.1,1.3,1.3,0,5.2,0.6,0,3.5,0.8,0,0,0,0,0,0.6,0,0,0,0,0,96.12,0.1,10,,0,0,0,5.4156,6.6775,95.9086,6.561,6.5806,6.3981,5.4205,2.155,0.6138,5.4907,5.7191,5.494,0,0,0,1992,0,0,0,0,100,13,0,0,0.2509
castes,exp,3,rank 4,10,10,0,0,0,1,1,,200,36.1,0,292.7,122.659,18,99.843,0.6133,0.8705,0.044,0.0005,0.0,0.0,0.0,0.0,0.0,0.0,0.0,0.0,0.0045,0.0,0.0025,0.0,0.0,0.01,0.0,0.0,0.0,0.0,0.0005,0.0005,0.0,0.0005,0.2,6.8,145.1,45,1.5,0.9,0,0,0.5,501.9,155.8,0,0,0,0,0,0,0,0,0,198.7,0,0.3,0,0,0,0.5,0,2,0,0,2,0,0,0,0,0,0.1,0.1,0,0,0,0,0,95.72,0,0,,0,0,0,5.46,6.0909,95.5386,6.0766,5.9782,6.0071,4.805,2.4839,0.8107,5.4281,5.4589,5.4242,0,0,0,1987,0,0,0,0,0,0,0,0,0.2688
castes,exp,3,rank 5,10,10,0,0,0,1,1,,200,40,0,290.7,136.488,12.6,99.865,0.4924,0.8855,0.039,0.002,0.0,0.0,0.0,0.0,0.0,0.0,0.0,0.0,0.004,0.0,0.0045,0.0,0.0,0.0095,0.0,0.0,0.0,0.0,0.0,0.0,0.0,0.0,0.1,5.1,140.9,50.6,2.2,1.1,0,0,0,497.4,182.7,0,0,0,0,0,0,0,0,0,198.5,0,0.4,0,0,0,2,0,8,0,0,1.9,0,0,0,0,0,0,0,0,0,0,0,0,94.08,0,0,,0,0,0,5.0242,4.4089,95.4443,4.3343,4.2934,4.8178,3.1212,4.8953,0.9801,5.0718,5.2517,5.0306,0,0,0,1985,0,0,0,0,0,0,0,0,0.318
castes,exp,3,all,50,50,0,0,0,1,1,,200,47.48,0,274.1,117.5112,16.3,99.8124,0.6575,0.8532,0.0445,0.0018,0.0002,0.0,0.0,0.0001,0.0,0.0,0.0,0.0002,0.0058,0.0,0.005,0.0,0.0,0.0084,0.0002,0.0,0.0,0.0001,0.0018,0.0005,0.0,0.0005,0.1,7.38,134.14,51.64,2.3,1.1,0,0,3.34,467.1,186.42,0,0,0,0,0,0,0,0,0,199.06,0,0.24,0,0.04,0.38,0.98,0,3.92,0.22,0,1.68,0.16,0,0.04,0,0,0.1,0.36,0,0,0,0,0,96.548,0.04,3.92,,0,0,0.02,5.3814,6.068,95.7298,5.9549,5.962,5.9111,4.744,2.7975,0.8234,5.365,5.5802,5.333,0,0,0,9953,0,2,0,0,196,19,0,0,0.3327
castes,exp,4,rank 1,10,10,0,0,0,1,1,,200,19.9,0,386.5,175.794,19,99.769,0.2151,0.8975,0.018,0.0005,0.0005,0.0,0.0,0.0,0.0,0.0,0.0,0.0,0.0035,0.0,0.0,0.0,0.0,0.0,0.0,0.001,0.0005,0.0,0.0045,0.0015,0.0,0.0,0.2,4.3,175,18.6,0,0.3,0,0,1.6,617.3,65.7,0,0,0,0,0,0,0,0,0,196.6,0,0.5,0,0,0.5,0.5,0,2,1,0,0,0,0,0,0,0,0.3,0.9,0,0,0,0,0,72.33,0,8,,0,0,0,6.0056,6.7995,96.0622,6.5269,6.6237,6.4043,5.1675,2.0875,0.9378,5.9929,6.5296,5.8475,0,0,0,1966,0,0,0,0,80,5,0,0,0.1194
castes,exp,4,rank 2,10,10,0,0,0,1,1,,200,0.6,0,423.3,192.917,18,99.962,0.19,0.891,0.02,0.0005,0.0,0.0,0.0,0.0,0.0,0.0,0.0,0.0,0.002,0.0,0.001,0.0,0.0,0.0,0.0,0.0,0.001,0.0,0.0015,0.001,0.0,0.0,0.1,2.7,194.6,1,0.6,0.2,0,0,0.8,679.8,1,0,0,0,0,0,0,0,0,0,198.7,0,0,0,0,0,0.5,0,2,0,0,0,0,0,0,0,0,0.2,0.3,0,0,0,0,0,72.55,0,1.6,,0,0,0,5.8294,6.9316,96.3037,6.6879,6.7658,6.5121,5.4455,1.9715,0.8388,5.8818,6.1423,5.8349,0,0,0,1987,0,0,0,0,16,0,0,0,0.0218
castes,exp,4,rank 3,10,10,0,0,0,1,1,,200,0.3,0,425.5,196.001,18,100,0.146,0.894,0.015,0.0005,0.0,0.0,0.0,0.0,0.0,0.0,0.0,0.0005,0.0045,0.0,0.0005,0.0,0.0,0.0,0.0,0.0,0.001,0.0,0.0065,0.0,0.0,0.0,0.3,3.4,195.8,0,0.3,0.2,0,0,0,682.2,0,0,0,0,0,0,0,0,0,0,199.7,0,0.9,0,0.1,0,0.5,0,2,0,0,0,0,0,0,0,0,0,1.3,0,0,0,0,0,71.48,0.2,10,,0,0,0,5.9119,6.9707,95.9002,6.7988,6.8078,6.7221,5.6094,1.9446,0.5414,5.9024,5.796,5.8681,0,0,0,1997,0,0,0,0,100,0,0,0,0.0313
castes,exp,4,rank 4,10,10,0,0,0,1,1,,200,0,0,444.8,206.855,20,100,0.1201,0.922,0.016,0.0,0.0,0.0,0.0,0.0,0.0,0.0,0.0,0.0,0.0015,0.0,0.0005,0.0,0.0,0.0,0.0,0.0,0.0,0.0,0.0,0.0,0.0,0.0,0.2,2,196.9,0.3,0.6,0,0,0,0,703.8,0.4,0,0,0,0,0,0,0,0,0,199.3,0,0.1,0,0,0,0,0,0,0,0,0,0,0,0,0,0,0,0,0,0,0,0,0,65.86,0,0,,0,0,0,5.8562,6.3399,96.0268,6.2301,6.1425,6.1987,4.8285,2.249,0.4902,5.8836,5.9973,5.8615,0,0,0,1993,0,0,0,0,0,0,0,0,0.0138
castes,exp,4,rank 5,10,10,0,0,0,1,1,,200,0.2,0,444.4,205.677,19.2,99.992,0.1244,0.925,0.014,0.0005,0.0005,0.0,0.0,0.0,0.0,0.0,0.0,0.0,0.002,0.0,0.0,0.0,0.0,0.0,0.0,0.0,0.0,0.0,0.0,0.0,0.0,0.0,0,2.1,196.6,0.8,0.2,0.3,0,0,0,702.6,1.2,0,0,0,0,0,0,0,0,0,198.8,0,0.4,0,0,0.5,0.5,0,2,1.2,0,0,0,0,0,0,0,0,0,0,0,0,0,0,62.9,0,0,,0,0,0,5.4653,4.6451,95.5807,4.5643,4.4786,4.9914,3.2498,4.4623,0.8874,5.3125,5.5704,5.2408,0,0,0,1988,0,0,0,0,0,5,0,0,0.0161
castes,exp,4,all,50,50,0,0,0,1,1,,200,4.2,0,424.9,195.4488,18.84,99.9446,0.1591,0.9059,0.0166,0.0004,0.0002,0.0,0.0,0.0,0.0,0.0,0.0,0.0001,0.0027,0.0,0.0004,0.0,0.0,0.0,0.0,0.0002,0.0005,0.0,0.0025,0.0005,0.0,0.0,0.16,2.9,191.78,4.14,0.34,0.2,0,0,0.48,677.14,13.66,0,0,0,0,0,0,0,0,0,198.62,0,0.38,0,0.02,0.2,0.4,0,1.6,0.44,0,0,0,0,0,0,0,0.1,0.5,0,0,0,0,0,69.024,0.04,3.92,,0,0,0,5.8137,6.3374,95.9747,6.1616,6.1637,6.1657,4.8601,2.543,0.7391,5.7946,6.0071,5.7306,0,0,0,9931,0,0,0,0,196,10,0,0,0.044
castes,exp,5,rank 1,10,10,0,0,0,1,1,,200,4,0,416.7,184.08,15.9,99.857,0.4536,0.87,0.044,0.002,0.0005,0.0,0.0,0.0,0.0,0.0,0.0,0.0,0.004,0.0,0.0035,0.0,0.0,0.0,0.0,0.0005,0.0,0.0,0.0065,0.0005,0.0,0.0,0,6.9,186.1,1.8,3.5,1.2,0,0,0.5,669.8,2.6,0,0,0,0,0,0,0,0,0,198.9,0,0.2,0,0,0.2,1.1,0,4.4,0.3,0,0,0,0,0,0,0,0.1,1.3,0,0,0,0,0,93.2,0,11.6,,0,0,0,5.8,6.6002,96.4561,6.4163,6.4698,6.2565,5.1216,2.1831,0.8499,5.6836,6.2452,5.5437,0,0,0,1989,0,0,0,0,116,2,0,0,0.0246
castes,exp,5,rank 2,10,10,0,0,0,1,1,,200,6.8,0,411.7,179.038,17.6,99.679,0.5581,0.8625,0.052,0.001,0.0,0.0,0.0,0.0,0.0,0.0,0.0,0.0,0.005,0.0,0.0045,0.0,0.0,0.0,0.0,0.0,0.0,0.0,0.0035,0.001,0.0,0.0,0,8.8,182.4,3.7,4,0.4,0,0,0.7,661.4,6.2,0,0,0,0,0,0,0,0,0,199.6,0,0.2,0,0,0,0.6,0,2.4,0,0,0,0,0,0,0,0,0.2,0.7,0,0,0,0,0,91.69,0,0,,0,0,0,5.6069,6.5722,96.3629,6.4642,6.4243,6.2801,5.2857,2.1334,0.7786,5.7785,5.9938,5.7283,0,0,0,1996,0,0,0,0,0,0,0,0,0.0198
castes,exp,5,rank 3,10,10,0,0,0,1,1,,200,3.4,0,423.5,186.712,16.8,99.76,0.4964,0.88,0.048,0.001,0.0,0.0,0.0,0.0,0.0,0.0,0.0,0.0,0.003,0.0,0.0045,0.0,0.0,0.0,0.0,0.001,0.0,0.0,0.0025,0.0,0.0,0.0,0.1,7.1,185,3.3,3.7,0.4,0,0,0.4,677.4,4.8,0,0,0,0,0,0,0,0,0,199,0,0.3,0,0,0.5,0.8,0,3.2,0,0,0,0,0,0,0,0,0,0.5,0,0,0,0,0,94.09,0,0,,0,0,0,5.6362,6.695,96.21,6.5912,6.5337,6.4613,5.4366,2.0667,0.4273,5.5906,5.6479,5.5716,0,0,0,1990,0,0,0,0,0,5,0,0,0.0067
castes,exp,5,rank 4,10,10,0,0,0,1,1,,200,2.8,0,423.9,187.723,17.6,99.857,0.4459,0.8835,0.046,0.001,0.0,0.0,0.0,0.0,0.0,0.0,0.0,0.0,0.0045,0.0,0.004,0.0,0.0,0.0,0.0,0.001,0.0,0.0,0.0035,0.0005,0.0,0.0,0,6.3,186.8,2.9,3.2,0.4,0,0,0.4,679,4.4,0,0,0,0,0,0,0,0,0,198.9,0,0.3,0,0,0,0.6,0,2.4,0,0,0,0,0,0,0,0,0.1,0.7,0,0,0,0,0,91.83,0,8,,0,0,0,5.5853,6.079,96.0376,6.035,5.9022,5.9896,4.7138,2.4653,0.4505,5.5863,5.6966,5.5536,0,0,0,1989,0,0,0,0,80,0,0,0,0.0149
castes,exp,5,rank 5,10,10,0,0,0,1,1,,200,1.4,0,429.9,193.6,16.4,99.962,0.3972,0.89,0.042,0.0015,0.0,0.0,0.0,0.0,0.0,0.0,0.0,0.0,0.005,0.0,0.004,0.0,0.0,0.0,0.0,0.001,0.0,0.0,0.0,0.0,0.0,0.0,0,5.7,188.4,2.1,2.9,0.6,0,0,0.3,687,3,0,0,0,0,0,0,0,0,0,199.1,0,0.1,0,0,0,0.9,0,3.6,0,0,0,0,0,0,0,0,0,0,0,0,0,0,0,88.54,0,0,,0,0,0,5.4463,4.6406,95.9179,4.6174,4.5026,5.0372,3.3455,4.4157,0.8229,5.5288,5.9661,5.436,0,0,0,1991,0,0,0,0,0,0,0,0,0.0094
castes,exp,5,all,50,50,0,0,0,1,1,,200,3.68,0,421.14,186.2306,16.86,99.823,0.4702,0.8772,0.0464,0.0013,0.0001,0.0,0.0,0.0,0.0,0.0,0.0,0.0,0.0043,0.0,0.0041,0.0,0.0,0.0,0.0,0.0007,0.0,0.0,0.0032,0.0004,0.0,0.0,0.02,6.96,185.74,2.76,3.46,0.6,0,0,0.46,674.92,4.2,0,0,0,0,0,0,0,0,0,199.1,0,0.22,0,0,0.14,0.8,0,3.2,0.06,0,0,0,0,0,0,0,0.08,0.64,0,0,0,0,0,91.87,0,3.92,,0,0,0,5.6149,6.1174,96.1969,6.0248,5.9665,6.0049,4.7806,2.6528,0.6658,5.6336,5.9099,5.5666,0,0,0,9955,0,0,0,0,196,7,0,0,0.0175
castes,exp,6,rank 1,10,10,0,0,0,1,1,,200,0,0,498.6,230.476,20,100,0.1338,0.9045,0.011,0.0,0.0,0.0,0.0,0.0,0.0,0.0,0.0,0.0,0.0055,0.0,0.0,0.0,0.0,0.0,0.0,0.0015,0.0,0.0,0.0075,0.0,0.0,0.0005,0,3.9,196.1,0,0,0,0,0,0,688.6,0,0,0,0,0,0,0,0,0,0,200.5,0,0.4,0,0,0,0,0,0,0,0,0,0,0,0,0,0,0,1.5,0,0,0,0,0,96.3,0,19.6,,0,0,0,6.2148,6.5439,96.505,6.4582,6.4345,6.3743,5.3597,2.3357,0.7703,6.1621,6.9807,6.0123,0,0,0,2005,0,0,0,0,196,0,0,0,0.0206
castes,exp,6,rank 2,10,10,0,0,0,1,1,,200,0,0,509,237.492,20,100,0.1545,0.9175,0.018,0.0,0.0,0.0,0.0,0.0,0.0,0.0,0.0,0.0,0.0045,0.0,0.0,0.0,0.0,0.0,0.0,0.0,0.0,0.0,0.0025,0.0,0.0,0.0,0.1,3.7,195.6,0,0,0.6,0,0,0,699,0,0,0,0,0,0,0,0,0,0,199.7,0,0.7,0,0,0,0,0,0,0,0,0,0,0,0,0,0,0,0.5,0,0,0,0,0,97.45,0,0,,0,0,0,6.0253,6.4758,96.6037,6.5347,6.3746,6.4166,5.557,2.2107,0.7867,5.9445,6.1617,5.8868,0,0,0,1997,0,0,0,0,0,0,0,0,0.0109
castes,exp,6,rank 3,10,10,0,0,0,1,1,,200,0,0,516.6,245.197,20,100,0.0752,0.927,0.01,0.0,0.0,0.0,0.0,0.0,0.0,0.0,0.0,0.0,0.0015,0.0,0.0,0.0,0.0,0.0,0.0,0.0,0.0,0.0,0.001,0.0,0.0,0.0,0.2,1.6,198.2,0,0,0,0,0,0,706.6,0,0,0,0,0,0,0,0,0,0,199.6,0,0.6,0,0,0,0,0,0,0,0,0,0,0,0,0,0,0,0.2,0,0,0,0,0,96.75,0,0,,0,0,0,6.1659,6.8464,96.6007,6.8333,6.7101,6.7637,5.8319,1.9727,0.2741,5.9397,6.1792,5.8789,0,0,0,1996,0,0,0,0,0,0,0,0,0.0067
castes,exp,6,rank 4,10,10,0,0,0,1,1,,200,0,0,516.6,243.441,20,100,0.096,0.928,0.013,0.0,0.0,0.0,0.0,0.0,0.0,0.0,0.0,0.0,0.003,0.0,0.0,0.0,0.0,0.0,0.0,0.001,0.0,0.0,0.0,0.0,0.0,0.0,0,2,197.5,0.3,0,0.2,0,0,0,706.6,0.4,0,0,0,0,0,0,0,0,0,199.2,0,0.5,0,0,0,0,0,0,0,0,0,0,0,0,0,0,0,0,0,0,0,0,0,94.53,0,0,,0,0,0,6.0096,6.131,96.3602,6.2234,5.9975,6.2362,5.1201,2.4607,0.3848,6.2577,6.3245,6.237,0,0,0,1992,0,0,0,0,0,0,0,0,0.0152
castes,exp,6,rank 5,10,10,0,0,0,1,1,,200,0.2,0,518.3,243.724,20,99.992,0.1144,0.931,0.014,0.0,0.0,0.0,0.0,0.0,0.0,0.0,0.0,0.0,0.002,0.0,0.0,0.0,0.0,0.0,0.0,0.0015,0.0,0.0,0.0,0.0,0.0,0.0,0.2,2,197,0.6,0,0.2,0,0,0,708.2,0.8,0,0,0,0,0,0,0,0,0,198.6,0.2,0.6,0,0,0,0,0,0,0,0,0,0,0,0,0,0,0,0,0,0,0,0,0,90.16,0,0,,0,0,0,5.8217,4.5707,96.1576,4.5635,4.4149,5.0658,3.4393,4.6655,0.8286,5.8123,6.4202,5.6641,0,0,0,1986,0,0,0,0,0,0,0,0,0.0105
castes,exp,6,all,50,50,0,0,0,1,1,,200,0.04,0,511.82,240.066,20,99.9984,0.1148,0.9216,0.0132,0.0,0.0,0.0,0.0,0.0,0.0,0.0,0.0,0.0,0.0033,0.0,0.0,0.0,0.0,0.0,0.0,0.0008,0.0,0.0,0.0022,0.0,0.0,0.0001,0.1,2.64,196.88,0.18,0,0.2,0,0,0,701.8,0.24,0,0,0,0,0,0,0,0,0,199.52,0.04,0.56,0,0,0,0,0,0,0,0,0,0,0,0,0,0,0,0.44,0,0,0,0,0,95.038,0,3.92,,0,0,0,6.0475,6.1136,96.4454,6.1226,5.9863,6.1713,5.0616,2.7291,0.6089,6.0233,6.4133,5.9358,0,0,0,9976,0,0,0,0,196,0,0,0,0.0152
castes,exp,7,rank 1,10,10,0,0,0,1,1,,200,0.2,0,426.2,190.942,20,100,0.2353,0.897,0.017,0.0,0.0,0.0,0.0,0.0,0.0,0.0,0.0,0.0005,0.007,0.0,0.0,0.0,0.0,0.0,0.0,0.0,0.0,0.0,0.004,0.0015,0.0,0.0,0,5.2,193,0,0,0,0,0,1.8,682.6,0,0,0,0,0,0,0,0,0,0,199.9,0,0,0,0,0,0,0,0,0,0,0,0,0,0,0,0,0.3,0.8,0,0,0,0,0,93.81,0.1,2,,0,0,0,6.2549,6.7157,96.2666,6.4415,6.5458,6.2878,5.221,2.2891,0.9006,5.8673,6.5029,5.7006,0,0,0,1999,0,0,0,0,20,0,0,0,0.0118
castes,exp,7,rank 2,10,10,0,0,0,1,1,,200,0.6,0,428.4,194.311,20,100,0.1943,0.8995,0.016,0.0,0.0,0.0,0.0,0.0,0.0,0.0,0.0,0.0,0.0055,0.0,0.0,0.0,0.0,0.0,0.0005,0.0,0.0,0.0,0.0045,0.0005,0.0,0.0,0.5,4.2,194.3,0,0,0,0,0,1,684.6,0,0,0,0,0,0,0,0,0,0,199.7,0.1,0.2,0,0,0,0,0,0,0,0,0,0,0,0.1,0,0,0.1,0.9,0,0,0,0,0,95.07,0,0,,0,0,0.1,5.8516,6.7981,96.1527,6.6055,6.665,6.362,5.5673,2.1717,0.8071,5.7393,6.0876,5.6339,0,0,0,1997,0,1,0,0,0,0,0,0,0.0174
castes,exp,7,rank 3,10,10,0,0,0,1,1,,200,0.9,0,427,194.543,20,99.97,0.1696,0.8975,0.02,0.0,0.0,0.0,0.0,0.0,0.0,0.0,0.0,0.0,0.004,0.0,0.0,0.0,0.0,0.0,0.0,0.0,0.0005,0.0,0.0055,0.001,0.0,0.0,0.2,3.8,195,0,0,0,0,0,1,683,0,0,0,0,0,0,0,0,0,0,199.6,0,0.3,0,0.1,0,0,0,0,0,0,0,0,0,0,0,0,0.2,1.1,0,0,0,0,0,92.85,0.1,17.6,,0,0,0,5.9361,6.7768,95.9634,6.6564,6.6602,6.4839,5.6274,2.1455,0.5307,6.0917,6.3777,6.0453,0,0,0,1996,0,0,0,0,176,0,0,0,0.0375
castes,exp,7,rank 4,10,10,0,0,0,1,1,,200,0.3,0,441.9,204.448,18,100,0.1283,0.9165,0.016,0.0005,0.0,0.0,0.0,0.0,0.0,0.0,0.0,0.0,0.0025,0.0,0.0005,0.0,0.0,0.0,0.0,0.0,0.0,0.0,0.0,0.0,0.0,0.0,0,2.4,196.5,0.7,0.2,0.2,0,0,0,698.2,1,0,0,0,0,0,0,0,0,0,198.8,0,0.2,0,0,0.5,0.5,0,2,0,0,0,0,0,0,0,0,0,0,0,0,0,0,0,89.94,0,0,,0,0,0,5.6249,6.3513,95.961,6.2418,6.2161,6.1827,4.9628,2.3948,0.463,5.9723,6.2416,5.9323,0,0,0,1988,0,0,0,0,0,5,0,0,0.0113
castes,exp,7,rank 5,10,10,0,0,0,1,1,,200,0,0,448.1,210.743,20,100,0.0659,0.9255,0.01,0.0,0.0,0.0,0.0,0.0,0.0,0.0,0.0,0.0,0.0005,0.0,0.0,0.0,0.0,0.0,0.0005,0.0,0.0,0.0,0.0,0.0,0.0,0.0,0.1,1.5,198.4,0,0,0,0,0,0,705.4,0,0,0,0,0,0,0,0,0,0,198.7,0,0.4,0,0,0,0,0,0,0,0,0,0,0,0.1,0,0,0,0,0,0,0,0,0,87.88,0,0,,0,0,0.1,5.6181,4.9194,95.7984,4.8714,4.7897,5.2277,3.51,4.0417,0.8772,5.5771,6.2747,5.3913,0,0,0,1987,0,1,0,0,0,0,0,0,0.0068
castes,exp,7,all,50,50,0,0,0,1,1,,200,0.4,0,434.32,198.9974,19.6,99.994,0.1587,0.9072,0.0158,0.0001,0.0,0.0,0.0,0.0,0.0,0.0,0.0,0.0001,0.0039,0.0,0.0001,0.0,0.0,0.0,0.0002,0.0,0.0001,0.0,0.0028,0.0006,0.0,0.0,0.16,3.42,195.44,0.14,0.04,0.04,0,0,0.76,690.76,0.2,0,0,0,0,0,0,0,0,0,199.34,0.02,0.22,0,0.02,0.1,0.1,0,0.4,0,0,0,0,0,0.04,0,0,0.12,0.56,0,0,0,0,0,91.91,0.04,3.92,,0,0,0.04,5.8571,6.3123,96.0284,6.1633,6.1754,6.1088,4.9777,2.6086,0.7157,5.8495,6.2969,5.7407,0,0,0,9967,0,2,0,0,196,5,0,0,0.0216
castes,exp,8,rank 1,10,10,0,0,0,1,1,,200,15.4,0,313.8,151.724,20.4,100,0.5067,0.8355,0.0255,0.0005,0.0005,0.0,0.0,0.0,0.0,0.0,0.0,0.002,0.0335,0.0,0.01,0.0,0.0,0.0095,0.0,0.0,0.0,0.0,0.004,0.002,0.0,0.0,0,12.3,167.3,12.9,4.9,0.4,0,0,2.2,585.9,57.9,0,0,0,0,0,0,0,0,0,203.6,0,0.6,0,0.1,0.5,0.5,0,2,1.8,0,1.9,0,0,0,0,0,0.4,0.8,0,0,0,0,0,120.86,0.3,3.6,,0,0,0,6.0614,6.3706,96.2085,6.185,6.2596,6.1163,4.7111,2.3473,0.8171,5.6896,6.4685,5.5515,0,0,0,2036,0,0,0,0,36,5,0,0,0.2073
castes,exp,8,rank 2,10,10,0,0,0,1,1,,200,33.6,0,315.8,142.748,18,100,0.3252,0.799,0.021,0.0,0.0,0.0,0.001,0.0,0.0,0.0,0.0,0.001,0.006,0.0,0.0,0.0,0.0,0.0065,0.0,0.0005,0.0,0.0,0.006,0.001,0.0,0.012,0.2,6.1,158.3,14.6,0,0,0,0,20.8,558.8,44.9,0,0,0,0,0,0,0,0,0,198.7,0,0.9,0,0.4,0,0,0,0,0,0,1.3,0.3,0,0,0,0,0.2,1.2,4.3,4.3,4.3,0,0,116.67,0.6,16,,0,0,0,5.8585,6.4679,96.0318,6.3168,6.3587,6.2175,4.941,2.2504,0.7409,6.1009,6.4266,6.0424,0,0,0,1987,0,0,0,0,160,0,0,0,0.2113
castes,exp,8,rank 3,10,10,0,0,0,1,1,,200,0.9,0,399.4,181.648,20,100,0.1567,0.913,0.014,0.0,0.0,0.0,0.0,0.0,0.0,0.0,0.0,0.0,0.003,0.0,0.0005,0.0,0.0,0.0035,0.0,0.0,0.0,0.0,0.002,0.0,0.0,0.0,0.1,3.2,195.6,0.3,0.6,0,0,0,0.2,696.6,0.4,0,0,0,0,0,0,0,0,0,199.8,0,0.9,0,0,0,0,0,0,0,0,0.7,0,0,0,0,0,0,0.4,0,0,0,0,0,122.16,0,0,,0,0,0,6.0068,6.6831,96.1898,6.5099,6.5486,6.427,5.1846,2.1206,0.3708,5.9229,6.0512,5.8806,0,0,0,1998,0,0,0,0,0,0,0,0,0.0161
castes,exp,8,rank 4,10,10,0,0,0,1,1,,200,0.9,0,403.1,184.002,18,100,0.1565,0.92,0.016,0.0005,0.0,0.0,0.0,0.0,0.0,0.0,0.0,0.0,0.0035,0.0,0.0005,0.0,0.0,0.004,0.0,0.0005,0.0,0.0,0.0,0.0,0.0,0.0,0.2,3,195.7,0.6,0.3,0.2,0,0,0,701,1,0,0,0,0,0,0,0,0,0,199.1,0.1,1.4,0,0.1,0,0.5,0,2,0,0,0.8,0,0,0,0,0,0,0,0,0,0,0,0,119.06,0.1,0,,0,0,0,5.8497,6.059,95.9996,6.0571,5.941,6.0804,4.5629,2.3561,0.3937,5.9136,6.2093,5.8532,0,0,0,1991,0,0,0,0,0,0,0,0,0.0205
castes,exp,8,rank 5,10,10,0,0,0,1,1,,200,0.4,0,407.4,189.28,21.4,100,0.0951,0.931,0.012,0.0,0.0,0.0,0.0,0.0,0.0,0.0,0.0,0.0,0.001,0.0,0.0,0.0,0.0,0.003,0.0,0.0,0.0,0.0,0.0,0.0,0.0,0.0005,0,1.7,197.4,0.9,0,0,0,0,0,707.4,1.2,0,0,0,0,0,0,0,0,0,199.1,0,2.6,0,0,0,0,0,0,0,0,0.6,0,0,0,0,0,0,0,0,0,0,0,0,116.46,0,0,,0,0,0,5.6576,4.4661,95.8536,4.4746,4.4062,4.9899,3.1284,4.6264,0.8154,6.0254,6.3947,5.9476,0,0,0,1991,0,0,0,0,0,0,0,0,0.0238
castes,exp,8,all,50,50,0,0,0,1,1,,200,10.24,0,367.9,169.8804,19.56,100,0.248,0.8797,0.0177,0.0002,0.0001,0.0,0.0002,0.0,0.0,0.0,0.0,0.0006,0.0094,0.0,0.0022,0.0,0.0,0.0053,0.0,0.0002,0.0,0.0,0.0024,0.0006,0.0,0.0025,0.1,5.26,182.86,5.86,1.16,0.12,0,0,4.64,649.94,21.08,0,0,0,0,0,0,0,0,0,200.06,0.02,1.28,0,0.12,0.1,0.2,0,0.8,0.36,0,1.06,0.06,0,0,0,0,0.12,0.48,0.86,0.86,0.86,0,0,119.042,0.2,3.92,,0,0,0,5.8868,6.0093,96.0567,5.9087,5.9028,5.9662,4.5056,2.7402,0.6276,5.9305,6.3101,5.8551,0,0,0,10003,0,0,0,0,196,5,0,0,0.0992
castes,exp,9,rank 1,10,10,0,0,0,1,1,,200,1,0,433.9,199.049,18.4,99.97,0.212,0.908,0.014,0.002,0.0,0.0,0.0,0.0,0.0,0.0,0.0,0.0,0.004,0.0,0.0,0.0,0.0,0.0,0.0,0.0,0.0,0.0,0.0085,0.0015,0.0,0.0,0.1,4.1,193.8,0,0,0.5,0,0,1.5,691.4,0,0,0,0,0,0,0,0,0,0,199.1,0,0.6,0,0,0.4,0.4,0,1.6,0,0,0,0,0,0,0,0,0.3,1.7,0,0,0,0,0,91.44,0,19.6,,0,0,0,6.1211,6.6178,96.274,6.5549,6.5057,6.4871,5.2412,2.0145,0.96,6.1276,6.9988,5.8782,0,0,0,1991,0,0,0,0,196,4,0,0,0.0209
castes,exp,9,rank 2,10,10,0,0,0,1,1,,200,1,0,428.8,195.509,16.3,99.97,0.2797,0.8995,0.03,0.0015,0.001,0.0,0.0,0.0,0.0,0.0,0.0,0.0,0.003,0.0,0.0015,0.0,0.0,0.0,0.0,0.0,0.0005,0.0,0.001,0.0,0.0,0.0,0.1,4,191.9,1.8,1.4,0.8,0,0,0,686.2,2.2,0,0,0,0,0,0,0,0,0,198.8,0,0,0,0,0.5,1.3,0,5.2,1.5,0,0,0,0,0,0,0,0,0.2,0,0,0,0,0,90.31,0,0,,0,0,0,5.9887,6.6729,96.0807,6.7096,6.5968,6.6501,5.5133,1.9218,0.8283,5.7423,6.1206,5.668,0,0,0,1988,0,0,0,0,0,5,0,0,0.0205
castes,exp,9,rank 3,10,10,0,0,0,1,1,,200,0.3,0,441.6,206.479,18.5,100,0.1519,0.9175,0.017,0.0005,0.0005,0.0,0.0,0.0,0.0,0.0,0.0,0.0,0.002,0.0,0.0005,0.0,0.0,0.0,0.0,0.0,0.0,0.0,0.001,0.0,0.0,0.0,0.1,2.9,195.7,0.4,0.5,0.4,0,0,0,700.2,0.4,0,0,0,0,0,0,0,0,0,199.7,0,0.6,0,0,0,0.5,0,2,0.5,0,0,0,0,0,0,0,0,0.2,0,0,0,0,0,91.35,0,0,,0,0,0,6.0762,6.7212,95.9659,6.7646,6.6224,6.7332,5.6064,1.9026,0.4561,5.805,6.0212,5.7677,0,0,0,1997,0,0,0,0,0,0,0,0,0.0177
castes,exp,9,rank 4,11,10,0,0,0,0.9091,1,,199.9091,0.2727,0,446.5455,209.14,18.1818,99.9727,0.0977,0.9273,0.0109,0.0,0.0,0.0,0.0,0.0,0.0,0.0,0.0,0.0,0.0014,0.0,0.0,0.0,0.0,0.0,0.0005,0.0014,0.0,0.0,0.0,0.0,0.0,0.0,0.3636,1.8182,197.4545,0,0,0,0,0,0.2727,706.4545,0,0,0,0,0,0,0,0,0,0,198.6364,0,0.1818,0,0,0,0,0,0,0,0,0,0,0.1818,0.0909,0,0,0,0,0,0,0,0,0,98.5364,0,0,,0,0,0.0909,6.3105,6.2122,95.831,6.3737,6.1045,6.4376,5.0164,2.0633,0.6698,6.4496,7.0139,6.1714,0,0,0,2185,2,1,0,0,0,0,0,0,0.01
castes,exp,9,rank 5,10,10,0,0,0,1,1,,200,16.3,0,401.6,188.268,16.2,99.94,0.2099,0.898,0.032,0.0055,0.0045,0.0,0.0,0.0,0.0,0.0,0.0,0.0,0.002,0.0,0.0,0.0,0.0,0.0,0.0,0.0005,0.0,0.0,0.0,0.0,0.0,0.0,0.1,3.7,177.5,15.1,0,3.6,0,0,0,634.1,48.3,0,0,0,0,0,0,0,0,0,197.4,0,0.5,0,0,4.5,4.5,0,18,14.2,0,0,0,0,0,0,0,0,0,0,0,0,0,0,93.15,0,0,,0,0,0,5.3329,4.3044,95.5067,4.3962,4.2098,5.014,3.0809,4.7201,0.9372,5.4563,5.6285,5.4327,0,0,0,1974,0,0,0,0,0,45,0,0,0.1147
castes,exp,9,all,51,50,0,0,0,0.9804,1,,199.9804,3.7059,0,430.8039,199.8743,17.5294,99.9706,0.1884,0.9104,0.0206,0.0019,0.0012,0.0,0.0,0.0,0.0,0.0,0.0,0.0,0.0025,0.0,0.0004,0.0,0.0,0.0,0.0001,0.0004,0.0001,0.0,0.0021,0.0003,0.0,0.0,0.1569,3.2745,191.3922,3.3922,0.3725,1.0392,0,0,0.3529,684.1176,9.9804,0,0,0,0,0,0,0,0,0,198.7255,0,0.3725,0,0,1.0588,1.3137,0,5.2549,3.1765,0,0,0,0.0392,0.0196,0,0,0.0588,0.4118,0,0,0,0,0,93.0667,0,3.8431,,0,0,0.0196,5.9726,6.1078,95.9297,6.164,6.0097,6.2678,4.8941,2.5154,0.7683,5.9266,6.3695,5.7912,0,0,0,10135,2,1,0,0,196,54,0,0,0.0387
castes,inf,1,rank 1,10,10,0,0,0,1,1,,200,0,0,439.1,200.761,20,100,0.1492,0.916,0.011,0.0,0.0,0.0,0.0,0.0,0.0,0.0,0.0,0.0,0.005,0.0,0.0,0.0,0.0,0.0,0.0,0.0,0.0,0.0,0.004,0.0,0.0,0.0,0.1,4.2,195.7,0,0,0,0,0,0,697.8,0,0,0,0,0,0,0,0,0,0,199.9,0,1.2,0,0,0,0,0,0,0,0,0,0,0,0,0,0,0,0.8,0,0,0,0,0,103.67,0,0,,0,0,0,6.411,6.9338,96.3542,6.7786,6.8087,6.6558,5.7095,2.0597,0.5371,6.1922,6.7898,6.0295,0,0,0,1999,0,0,0,0,0,0,0,0,0.0123
castes,inf,1,rank 2,10,10,0,0,0,1,1,,200,3.6,0,426.3,188.743,18.9,99.873,0.3436,0.895,0.026,0.0,0.0,0.0,0.0,0.0005,0.0,0.0,0.0,0.0,0.004,0.0,0.002,0.0,0.0,0.0015,0.0,0.0,0.0005,0.0,0.0035,0.001,0.0,0.0,0.2,4.9,189,3,0.8,0.2,0,0,1.9,680.6,4.2,0,0,0,0,0,0,0,0,0,199.1,0,0.7,0,0,0,0,0,0,0,0,0.3,0.3,0,0,0,0,0.2,0.7,0.2,0.2,0.2,0,0,100.97,0,2,,0,0,0,6.0755,6.8732,96.6223,6.7628,6.8016,6.6403,5.7183,2.1091,0.6859,5.9868,6.1921,5.9238,0,0,0,1991,0,0,0,0,20,0,0,0,0.0268
castes,inf,1,rank 3,10,10,0,0,0,1,1,,200,0.3,0,438.5,203.209,20.1,100,0.1575,0.9105,0.017,0.0,0.0,0.0,0.0,0.0,0.0,0.0,0.0,0.0,0.003,0.0,0.0015,0.0,0.0,0.0005,0.0,0.0,0.0,0.0,0.001,0.0,0.0,0.0,0,2.8,195.5,0.9,0.8,0,0,0,0,696.6,1.4,0,0,0,0,0,0,0,0,0,199,0,0.8,0,0,0,0,0,0,0,0,0.1,0,0,0,0,0,0,0.2,0,0,0,0,0,102.44,0,0,,0,0,0,6.1807,7.0064,96.2598,6.8926,6.9282,6.7526,5.9287,2.039,0.4002,6.4428,6.634,6.4088,0,0,0,1990,0,0,0,0,0,0,0,0,0.0137
castes,inf,1,rank 4,10,10,0,0,0,1,1,,200,0,0,441.2,204.627,20,100,0.0936,0.9185,0.011,0.0,0.0,0.0,0.0,0.0,0.0,0.0,0.0,0.0,0.0025,0.0,0.0,0.0,0.0,0.0005,0.0,0.0,0.0,0.0,0.001,0.0,0.0,0.0,0.3,2,197.7,0,0,0,0,0,0,699.8,0,0,0,0,0,0,0,0,0,0,199.1,0,0.4,0,0,0,0,0,0,0,0,0.1,0,0,0,0,0,0,0.2,0,0,0,0,0,101.28,0,0,,0,0,0,6.3527,6.8456,96.2438,6.7676,6.7823,6.6842,5.6628,2.0597,0.399,6.3884,6.5526,6.3403,0,0,0,1991,0,0,0,0,0,0,0,0,0.0079
castes,inf,1,rank 5,10,10,0,0,0,1,1,,200,0.5,0,431.7,196.986,21,100,0.2084,0.908,0.019,0.0,0.0,0.0,0.0,0.0,0.0,0.0,0.0,0.0,0.001,0.0,0.0005,0.0,0.0,0.0005,0.0,0.0,0.0,0.0,0.0045,0.001,0.0,0.0,0.3,2.8,194,1.4,0.3,0.4,0,0,0.8,689.4,2,0,0,0,0,0,0,0,0,0,198.8,0,1.6,0,0,0,0,0,0,0,0,0.1,0,0,0,0,0,0.2,0.9,0,0,0,0,0,100.05,0,17.6,,0,0,0,6.1939,6.3855,96.0995,6.347,6.2994,6.2433,5.1979,2.3528,0.6872,6.5092,6.926,6.4372,0,0,0,1988,0,0,0,0,176,0,0,0,0.0317
castes,inf,1,all,50,50,0,0,0,1,1,,200,0.88,0,435.36,198.8652,20,99.9746,0.1905,0.9096,0.0168,0.0,0.0,0.0,0.0,0.0001,0.0,0.0,0.0,0.0,0.0031,0.0,0.0008,0.0,0.0,0.0006,0.0,0.0,0.0001,0.0,0.0028,0.0004,0.0,0.0,0.18,3.34,194.38,1.06,0.38,0.12,0,0,0.54,692.84,1.52,0,0,0,0,0,0,0,0,0,199.18,0,0.94,0,0,0,0,0,0,0,0,0.12,0.06,0,0,0,0,0.08,0.56,0.04,0.04,0.04,0,0,101.682,0,3.92,,0,0,0,6.2428,6.8089,96.3159,6.7097,6.724,6.5952,5.6434,2.1241,0.5419,6.3039,6.6189,6.2279,0,0,0,9959,0,0,0,0,196,0,0,0,0.0205
castes,inf,10,rank 1,10,10,0,0,0,1,1,,200,19.3,0,317.7,144.731,18,99.866,0.1613,0.891,0.016,0.0005,0.0,0.0,0.0,0.0,0.0,0.0,0.0,0.0,0.005,0.0,0.0,0.0,0.0,0.0005,0.0,0.0,0.0,0.0,0.001,0.0,0.0,0.0,0,3.1,176.5,19.8,0,0.4,0,0,0.2,607.7,68.7,0,0,0,0,0,0,0,0,0,199.3,0.1,0.5,0,0,0.5,0.5,0,2,0,0,0.1,0,0,0,0,0,0,0.2,0,0,0,0,0,105.2,0,0,,0,0,0,6.3632,6.7555,96.4057,6.7155,6.6854,6.4333,5.95,2.2059,0.4088,6.2546,6.6596,6.1252,0,0,0,1993,0,0,0,0,0,5,0,0,0.1118
castes,inf,10,rank 2,10,10,0,0,0,1,1,,200,35.8,0,274,122.355,19.4,99.85,0.3034,0.8,0.023,0.0005,0.0005,0.0,0.0,0.0,0.0,0.0,0.0,0.0005,0.005,0.0,0.0,0.0,0.0,0.002,0.0,0.0005,0.0,0.0,0.009,0.003,0.0,0.0005,0.3,4.3,156.1,20.2,0,0.5,0,0,18.6,534.2,69.7,0,0,0,0,0,0,0,0,0,199,0,0.9,0,0,0.5,0.5,0,2,1.4,0,0.4,0,0,0,0,0,0.6,1.8,0,0,0,0,0,105.1,0.1,19.6,,0,0,0,6.2878,6.8202,96.5996,6.7328,6.7481,6.5056,5.884,2.2062,0.5634,6.0204,6.1514,5.9922,0,0,0,1990,0,0,0,0,196,5,0,0,0.2261
castes,inf,10,rank 3,10,10,0,0,0,1,1,,200,37.1,0,281.3,128.043,16.4,99.836,0.2534,0.8745,0.027,0.002,0.001,0.0,0.0,0.0,0.0,0.0,0.0,0.0,0.0055,0.0,0.0025,0.0,0.0,0.0075,0.0,0.0015,0.0,0.0,0.0005,0.0,0.0,0.001,0.1,5.2,157.1,35.4,1.4,0.8,0,0,0,542.8,130.8,0,0,0,0,0,0,0,0,0,199.8,0,0.4,0,0,1.6,1.6,0,6.4,2.8,0,1.5,0,0,0,0,0,0,0.1,0,0,0,0,0,100.17,0,0,,0,0,0,6.203,6.8422,96.2157,6.8412,6.7848,6.6355,6.0652,2.1203,0.398,6.2785,6.32,6.2847,0,0,0,1998,0,0,0,0,0,16,0,0,0.2118
castes,inf,10,rank 4,10,10,0,0,0,1,1,,200,0.5,0,350.7,159.117,19.2,99.933,0.137,0.8915,0.014,0.0005,0.0005,0.0,0.0,0.0,0.0,0.0,0.0,0.0,0.0035,0.0,0.0,0.0,0.0,0.0065,0.0,0.0,0.0,0.0,0.0015,0.0,0.0,0.0005,0.1,2.5,196.2,0.9,0,0.3,0,0,0,675.8,1.2,0,0,0,0,0,0,0,0,0,199.5,0.1,0.6,0,0,0.5,0.5,0,2,1.2,0,1.3,0,0,0,0,0,0,0.3,0,0,0,0,0,107.22,0,0,,0,0,0,6.4205,6.7081,96.5342,6.6839,6.6222,6.5478,5.8243,2.2586,0.3656,6.4906,6.7002,6.4053,0,0,0,1995,0,0,0,0,0,5,0,0,0.0193
castes,inf,10,rank 5,10,10,0,0,0,1,1,,200,1.8,0,330.6,152.898,17.2,99.836,0.2372,0.8725,0.018,0.001,0.0005,0.0,0.0,0.0,0.0,0.0,0.0,0.0,0.002,0.0,0.001,0.0,0.0,0.0185,0.001,0.0005,0.0,0.0,0.0005,0.0,0.0,0.001,0.3,3,193,2.7,0.5,0.5,0,0,0,659.4,3.8,0,0,0,0,0,0,0,0,0,198.7,0,0.4,0,0.1,1,1,0,4,1.2,0,3.7,0,0,0.2,0,0,0,0.1,0,0,0,0,0,105.99,0.1,0,,0,0,0.1,6.083,6.1411,96.1219,6.2464,6.0936,6.1364,5.2968,2.5413,0.5538,6.3398,6.3244,6.3349,0,0,0,1987,0,2,0,0,0,10,0,0,0.0662
castes,inf,10,all,50,50,0,0,0,1,1,,200,18.9,0,310.86,141.4288,18.04,99.8642,0.2185,0.8659,0.0196,0.0009,0.0005,0.0,0.0,0.0,0.0,0.0,0.0,0.0001,0.0042,0.0,0.0007,0.0,0.0,0.007,0.0002,0.0005,0.0,0.0,0.0025,0.0006,0.0,0.0006,0.16,3.62,175.78,15.8,0.38,0.5,0,0,3.76,603.98,54.84,0,0,0,0,0,0,0,0,0,199.26,0.04,0.56,0,0.02,0.82,0.82,0,3.28,1.32,0,1.4,0,0,0.04,0,0,0.12,0.5,0,0,0,0,0,104.736,0.04,3.92,,0,0,0.02,6.2715,6.6534,96.3754,6.644,6.5868,6.4517,5.8041,2.2665,0.4579,6.2768,6.4311,6.2285,0,0,0,9963,0,2,0,0,196,41,0,0,0.1287
castes,inf,2,rank 1,10,10,1,1,0,1,0.9,113,191.2,59.9,1.5,209.1,82.069,25.9,95.581,1.0362,0.7835,0.0807,0.0145,0.0225,0.0,0.0,0.0,0.0,0.0,0.0,0.0,0.0106,0.0,0.0049,0.0,0.0,0.0,0.0,0.0005,0.0,0.0,0.002,0.001,0.0,0.0,0.1,10.9,103.6,61.1,4.1,9.7,0,0,1.7,363.6,201.2,0,0,0,0,0,0,0,0,0,189.8,0,0.3,0,0,6.4,7.1,0,28.4,36.3,0,0,0,0,0,0,0,0.2,0.4,0,0,0,0,0,103.62,0,2,,0,0,0,5.3296,6.2949,94.6807,6.2126,6.2585,5.9953,5.192,2.5958,0.6655,5.3299,5.4008,5.315,0,0,0,1898,0,0,0,0,20,64,0,0,0.3976
castes,inf,2,rank 2,10,10,0,0,0,1,1,,200,81.4,0,175.5,65.975,10,96.541,0.9972,0.8125,0.084,0.0065,0.003,0.0,0.0,0.0,0.0,0.0,0.0,0.0005,0.013,0.0,0.0065,0.0,0.0,0.0,0.0,0.0,0.0,0.0,0.0055,0.0,0.0,0.0005,0.1,13.2,86.5,91.4,5,3.5,0,0,0.3,312.5,306.6,0,0,0,0,0,0,0,0,0,199,0,0.5,0,0.1,4.3,5.8,0,23.2,13.2,0,0,0,0,0,0,0,0,1.1,0,0,0,0,0,104.45,0.2,17.6,,0,0,0,5.2852,6.3739,95.3071,6.3274,6.3468,6.102,5.2273,2.3659,0.7753,5.2547,5.4404,5.2427,0,0,0,1990,0,0,0,0,176,43,0,0,0.5243
castes,inf,2,rank 3,10,10,1,1,0,1,0.9,126,192.5,19.2,1.6,317.8,134.788,11.2,96.676,0.7877,0.8255,0.0826,0.0028,0.0,0.0,0.0,0.0,0.0,0.0,0.0,0.0,0.0085,0.0,0.0083,0.0,0.0,0.0,0.0,0.0,0.0,0.0,0.0005,0.0,0.0,0.002,0.1,11.1,145.1,28.2,6.3,1,0,0,0.7,534.4,87.7,0,0,0,0,0,0,0,0,0,190.8,0,0.5,0,0,0,2.2,0,8.8,0,0,0,0,0,0,0,0,0,0.1,0,0,0,0,0,102.87,0.1,0,,0,0,0,5.49,6.723,95.5739,6.6443,6.6786,6.4251,5.6673,2.1934,0.4049,5.3036,5.6133,5.2215,0,0,0,1908,0,0,0,0,0,0,0,0,0.1392
castes,inf,2,rank 4,10,10,0,0,0,1,1,,200,22.3,0,307.6,120.267,27.6,99.168,0.9902,0.7995,0.095,0.0075,0.0055,0.0,0.001,0.0,0.0,0.0,0.0,0.002,0.01,0.0,0.008,0.0,0.0,0.0,0.0005,0.0,0.0,0.0,0.0,0.0,0.0,0.0,0.2,13.3,147.3,27,8.2,4,0,0,0,539.5,81.2,0,0,0,0,0,0,0,0,0,198,0,0.4,0,0.4,3.4,5.1,0,20.4,28,0,0,0,0,0.1,0,0,0,0,0,0,0,0,0,98.51,0.5,0,,0,0,0.1,5.4977,6.514,95.6503,6.4616,6.4252,6.2931,5.3756,2.2471,0.5273,5.3597,5.3374,5.3222,0,0,0,1980,0,1,0,0,0,34,0,0,0.1873
castes,inf,2,rank 5,10,10,0,0,0,1,1,,200,86.5,0.2,159.3,69.791,20.8,95.234,0.8137,0.846,0.071,0.008,0.002,0.0,0.0,0.0,0.0,0.0,0.0,0.0,0.005,0.0,0.007,0.0,0.0,0.0,0.0,0.0,0.0,0.0,0.0005,0.0,0.0,0.0025,0,9.5,81.8,101.4,3.8,3.5,0,0,0,295.8,357,0,0,0,0,0,0,0,0,0,199.1,0,1.1,0,0,1.3,5.5,0,22,22.8,0,0,0,0,0,0,0,0,0.1,0,0,0,0,0,103.16,0,0,,0,0,0,5.0231,5.5961,94.5902,5.6274,5.5548,5.632,4.4395,3.1168,0.8271,5.1169,5.0077,5.1483,0,0,0,1991,0,0,0,0,0,13,0,0,0.6077
castes,inf,2,all,50,50,2,2,0,1,0.96,119.5,196.74,53.86,0.66,233.86,94.578,19.1,96.64,0.925,0.8134,0.0827,0.0079,0.0066,0.0,0.0002,0.0,0.0,0.0,0.0,0.0005,0.0094,0.0,0.0069,0.0,0.0,0.0,0.0001,0.0001,0.0,0.0,0.0017,0.0002,0.0,0.001,0.1,11.6,112.86,61.82,5.48,4.34,0,0,0.54,409.16,206.74,0,0,0,0,0,0,0,0,0,195.34,0,0.56,0,0.1,3.08,5.14,0,20.56,20.06,0,0,0,0,0.02,0,0,0.04,0.34,0,0,0,0,0,102.522,0.16,3.92,,0,0,0.02,5.3251,6.3004,95.1604,6.2547,6.2528,6.0895,5.1803,2.5038,0.64,5.273,5.3599,5.2499,0,0,0,9767,0,1,0,0,196,154,0,0,0.3833
castes,inf,3,rank 1,10,10,0,0,0,1,1,,200,15.8,0,366,168.844,18.2,99.85,0.4165,0.808,0.033,0.0015,0.0015,0.0,0.0,0.0,0.0,0.0,0.0,0.0,0.01,0.0,0.0025,0.0,0.0,0.01,0.0,0.0,0.0,0.0,0.008,0.002,0.0,0.0005,0,7.8,178,0.4,1.5,3,0,0,9.3,612.6,0.4,0,0,0,0,0,0,0,0,0,198.9,0,0.2,0,0,0.2,2.3,0,9.2,7.4,0,2,0,0,0,0,0,0.4,1.6,0,0,0,0,0,111.56,0,17.6,,0,0,0,5.6682,6.6551,96.214,6.6061,6.6097,6.4683,5.7806,2.4339,0.7097,5.9391,6.2003,5.8995,0,0,0,1989,0,0,0,0,176,2,0,0,0.13
castes,inf,3,rank 2,10,10,0,0,0,1,1,,200,2.3,0,409.9,186.655,21.6,100,0.2416,0.8785,0.022,0.0,0.0005,0.0,0.0,0.0,0.0,0.0,0.0,0.0,0.005,0.0,0.001,0.0,0.0,0.008,0.0,0.0,0.0,0.0,0.006,0.0,0.0,0.0,0.1,4.5,192.6,0.6,0.6,0.2,0,0,1.4,669.8,1,0,0,0,0,0,0,0,0,0,199.2,0,0.5,0,0,0,0,0,0,1.6,0,1.6,0,0,0,0,0,0,1.2,0,0,0,0,0,106.6,0,2,,0,0,0,5.6984,6.5314,96.266,6.5311,6.4517,6.4372,5.8095,2.5741,0.7284,5.5937,5.6541,5.5651,0,0,0,1992,0,0,0,0,20,0,0,0,0.0395
castes,inf,3,rank 3,10,10,0,0,0,1,1,,200,0.6,0,419.2,192.655,22,99.812,0.1776,0.891,0.017,0.0,0.0005,0.0,0.0,0.0,0.0,0.0,0.0,0.0,0.0075,0.0,0.0005,0.0,0.0,0.0035,0.0,0.0,0.0,0.0,0.002,0.0,0.0,0.0005,0.1,3.9,194.8,0.3,0.5,0.4,0,0,0,679,0.4,0,0,0,0,0,0,0,0,0,198.8,0,0.4,0,0,0,0,0,0,2,0,0.7,0,0,0,0,0,0,0.4,0,0,0,0,0,108.91,0,0,,0,0,0,5.6419,6.5752,95.9433,6.6035,6.5363,6.5104,5.7788,2.4111,0.5897,5.4728,5.5338,5.456,0,0,0,1988,0,0,0,0,0,0,0,0,0.0276
castes,inf,3,rank 4,10,10,0,0,0,1,1,,200,0,0,419.8,196.713,21.5,100,0.1116,0.8965,0.014,0.0,0.0005,0.0,0.0,0.0,0.0,0.0,0.0,0.0,0.0025,0.0,0.0,0.0,0.0,0.0075,0.0,0.0,0.0,0.0,0.0015,0.0,0.0,0.0005,0.1,2.6,197,0,0,0.3,0,0,0,682.2,0,0,0,0,0,0,0,0,0,0,199,0,0.3,0,0,0,0,0,0,1.5,0,1.5,0,0,0,0,0,0,0.3,0,0,0,0,0,106.68,0,0,,0,0,0,5.6486,6.3634,96.0465,6.4501,6.3387,6.4841,5.5952,2.6168,0.5448,5.7116,6.0063,5.6446,0,0,0,1990,0,0,0,0,0,0,0,0,0.0291
castes,inf,3,rank 5,10,10,0,0,0,1,1,,200,0,0,429.2,199.354,20,100,0.0819,0.905,0.012,0.0,0.0,0.0,0.0,0.0,0.0,0.0,0.0,0.0,0.0025,0.0,0.0,0.0,0.0,0.004,0.0,0.0,0.0,0.0,0.0025,0.0,0.0,0.0,0,2.1,197.9,0,0,0,0,0,0,689,0,0,0,0,0,0,0,0,0,0,198.4,0,0.4,0,0,0,0,0,0,0,0,0.8,0,0,0,0,0,0,0.5,0,0,0,0,0,105.32,0,0,,0,0,0,5.4908,5.8594,95.9151,6.0345,5.809,6.1055,5.0988,2.875,0.7249,5.4237,5.7608,5.361,0,0,0,1984,0,0,0,0,0,0,0,0,0.0147
castes,inf,3,all,50,50,0,0,0,1,1,,200,3.74,0,408.82,188.8442,20.66,99.9324,0.2058,0.8758,0.0196,0.0003,0.0006,0.0,0.0,0.0,0.0,0.0,0.0,0.0,0.0055,0.0,0.0008,0.0,0.0,0.0066,0.0,0.0,0.0,0.0,0.004,0.0004,0.0,0.0003,0.06,4.18,192.06,0.26,0.52,0.78,0,0,2.14,666.52,0.36,0,0,0,0,0,0,0,0,0,198.86,0,0.36,0,0,0.04,0.46,0,1.84,2.5,0,1.32,0,0,0,0,0,0.08,0.8,0,0,0,0,0,107.814,0,3.92,,0,0,0,5.6296,6.3969,96.077,6.4451,6.3491,6.4011,5.6126,2.5822,0.6595,5.6282,5.8311,5.5852,0,0,0,9943,0,0,0,0,196,2,0,0,0.0505
castes,inf,4,rank 1,10,10,0,0,0,1,1,,200,0.3,0,468.6,214.229,20,99.97,0.1981,0.909,0.016,0.0,0.0,0.0,0.0,0.0,0.0,0.0,0.0,0.0,0.004,0.0,0.0,0.0,0.0,0.0,0.0,0.0,0.0,0.0,0.007,0.0015,0.0,0.0,0.1,3.5,194.3,0,0,0,0,0,2.1,692.2,0,0,0,0,0,0,0,0,0,0,198.9,0,0.4,0,0,0,0,0,0,0,0,0,0,0,0,0,0,0.3,1.4,0,0,0,0,0,98.59,0,19.6,,0,0,0,6.3104,7.4329,96.6999,7.171,7.2942,6.9548,6.1319,1.6971,0.5088,6.3629,6.6918,6.2811,0,0,0,1989,0,0,0,0,196,0,0,0,0.0271
castes,inf,4,rank 2,10,10,0,0,0,1,1,,200,0,0,474.7,220.051,20,100,0.1508,0.917,0.013,0.0,0.0,0.0,0.0,0.0,0.0,0.0,0.0,0.0,0.0035,0.0,0.0,0.0,0.0,0.0,0.0,0.0,0.0,0.0,0.0025,0.0,0.0,0.0,0,3.5,195.7,0,0,0,0,0,0.8,698.6,0,0,0,0,0,0,0,0,0,0,199.2,0,0.5,0,0,0,0,0,0,0,0,0,0,0,0,0,0,0,0.5,0,0,0,0,0,99.75,0,0,,0,0,0,6.2634,7.4736,96.934,7.2591,7.3561,7.0214,6.3286,1.6698,0.5272,6.0237,6.2959,5.9791,0,0,0,1992,0,0,0,0,0,0,0,0,0.0106
castes,inf,4,rank 3,10,10,0,0,0,1,1,,200,1.8,0,471.9,217.527,18,99.933,0.1835,0.914,0.02,0.0005,0.0,0.0,0.0,0.0,0.0,0.0,0.0,0.0,0.0025,0.002,0.0,0.0,0.0,0.0,0.0,0.0005,0.0,0.0,0.0,0.0,0.0,0.0,0.8,2.9,194.5,1.3,0.3,0.2,0,0,0,693.4,1.4,0,0,0,0,0,0,0,0,0,199,0,0.3,0,0,0.5,0.5,0,2,0,0,0,0,0,0,0,0,0,0,0,0,0,0,0,99.19,0,0,,0,0,0,6.1003,7.4748,96.7297,7.2755,7.3729,7.08,6.3155,1.666,0.3478,6.3617,6.585,6.3249,0,0,0,1990,0,0,0,0,0,5,0,0,0.0232
castes,inf,4,rank 4,10,10,0,0,0,1,1,,200,0.3,0,482.2,223.952,20,99.97,0.1075,0.9295,0.012,0.0,0.0,0.0,0.0,0.0,0.0,0.0,0.0,0.0,0.0015,0.0,0.0,0.0,0.0,0.0,0.0005,0.0,0.0,0.0,0.0,0.0,0.0,0.0,0.1,1.7,197.1,1.1,0,0,0,0,0,706.2,1.2,0,0,0,0,0,0,0,0,0,198.9,0,0.5,0,0,0,0,0,0,0,0,0,0,0,0.1,0,0,0,0,0,0,0,0,0,97.91,0,0,,0,0,0.1,6.1542,7.2903,96.5992,7.0721,7.1757,6.8884,5.9577,1.7332,0.2946,6.2653,6.5123,6.2079,0,0,0,1989,0,1,0,0,0,0,0,0,0.0092
castes,inf,4,rank 5,10,10,0,0,0,1,1,,200,0,0,485,227.203,20,100,0.0702,0.9305,0.011,0.0,0.0,0.0,0.0,0.0,0.0,0.0,0.0,0.0,0.0015,0.0,0.0,0.0,0.0,0.0,0.0,0.0,0.0,0.0,0.0,0.0,0.0,0.0,0.1,1.6,198.3,0,0,0,0,0,0,709.4,0,0,0,0,0,0,0,0,0,0,198.7,0,0.3,0,0,0,0,0,0,0,0,0,0,0,0,0,0,0,0,0,0,0,0,0,96.44,0,0,,0,0,0,6.038,6.7458,96.4317,6.6242,6.5812,6.4944,5.4954,2.0749,0.5299,5.8275,5.8692,5.8005,0,0,0,1987,0,0,0,0,0,0,0,0,0.008
castes,inf,4,all,50,50,0,0,0,1,1,,200,0.48,0,476.48,220.5924,19.6,99.9746,0.142,0.92,0.0144,0.0001,0.0,0.0,0.0,0.0,0.0,0.0,0.0,0.0,0.0026,0.0004,0.0,0.0,0.0,0.0,0.0001,0.0001,0.0,0.0,0.0019,0.0003,0.0,0.0,0.22,2.64,195.98,0.48,0.06,0.04,0,0,0.58,699.96,0.52,0,0,0,0,0,0,0,0,0,198.94,0,0.4,0,0,0.1,0.1,0,0.4,0,0,0,0,0,0.02,0,0,0.06,0.38,0,0,0,0,0,98.376,0,3.92,,0,0,0.02,6.1733,7.2835,96.6789,7.0804,7.156,6.8878,6.0458,1.7682,0.4417,6.1682,6.3908,6.1187,0,0,0,9947,0,1,0,0,196,5,0,0,0.0175
castes,inf,5,rank 1,10,10,0,0,0,1,1,,200,0.2,0,462.9,205.997,20,99.992,0.275,0.901,0.028,0.0,0.0,0.0,0.0,0.0,0.0,0.0,0.0,0.0,0.0045,0.0,0.0,0.0,0.0,0.0,0.0,0.0,0.0,0.0,0.0025,0.001,0.0,0.0,0.1,5.2,192,0,0,2.2,0,0,0.5,685.8,0,0,0,0,0,0,0,0,0,0,199.2,0,0.7,0,0,0,0,0,0,0,0,0,0,0,0,0,0,0.2,0.5,0,0,0,0,0,87.01,0,8,,0,0,0,5.8082,7.2218,96.5239,7.1474,7.1674,6.9399,6.282,1.8,0.5466,5.8529,6.0076,5.7919,0,0,0,1992,0,0,0,0,80,0,0,0,0.0091
castes,inf,5,rank 2,10,10,0,0,0,1,1,,200,1.4,0,459.8,204.555,16,99.684,0.3496,0.895,0.031,0.0015,0.0005,0.0,0.0,0.0,0.0,0.0,0.0,0.0,0.0045,0.0,0.001,0.0,0.0,0.0,0.0,0.0,0.0,0.0,0.0055,0.0005,0.0,0.0,0,5.7,189.7,1.5,0.5,2.3,0,0,0.3,680.6,2.2,0,0,0,0,0,0,0,0,0,199.2,0,0.6,0,0,1.2,1.2,0,4.8,0.8,0,0,0,0,0,0,0,0.1,1.1,0,0,0,0,0,83.23,0,11.6,,0,0,0,5.8745,7.2795,96.5183,7.1762,7.1944,6.9333,6.3764,1.7996,0.6392,5.9457,6.2397,5.8703,0,0,0,1992,0,0,0,0,116,12,0,0,0.018
castes,inf,5,rank 3,10,10,0,0,0,1,1,,200,0,0,466.8,208.784,20,100,0.2597,0.9065,0.031,0.0,0.0,0.0,0.0,0.0,0.0,0.0,0.0,0.0,0.002,0.0,0.0,0.0,0.0,0.0,0.0,0.0,0.0,0.0,0.0005,0.0,0.0,0.0,0.1,4.5,192.7,0,0,2.7,0,0,0,690.2,0,0,0,0,0,0,0,0,0,0,198.1,0,0.5,0,0,0,0,0,0,0,0,0,0,0,0,0,0,0,0.1,0,0,0,0,0,87.08,0,0,,0,0,0,5.8841,7.3593,96.681,7.2471,7.2938,7.057,6.4012,1.7641,0.4747,5.7236,6.1007,5.6532,0,0,0,1981,0,0,0,0,0,0,0,0,0.0126
castes,inf,5,rank 4,10,10,0,0,0,1,1,,200,0.4,0,465.9,209.821,20,99.933,0.2714,0.904,0.03,0.0,0.0,0.0,0.0005,0.0,0.0,0.0,0.0,0.0,0.0015,0.0,0.0005,0.0,0.0,0.0,0.0,0.0005,0.0,0.0,0.001,0.0,0.0,0.0,0.1,4.5,192.4,0.5,0.3,2.2,0,0,0,689,0.6,0,0,0,0,0,0,0,0,0,198.4,0,0.7,0,0,0,0,0,0,0,0,0,0,0,0,0,0,0,0.2,0,0,0,0,0,84.94,0.1,0,,0,0,0,5.8565,7.1609,96.4116,7.0487,7.0812,6.8907,6.1126,1.8901,0.4389,5.744,5.8593,5.735,0,0,0,1984,0,0,0,0,0,0,0,0,0.0109
castes,inf,5,rank 5,10,10,0,0,0,1,1,,200,0.3,0,468.7,211.712,20,99.992,0.2827,0.9055,0.031,0.0,0.0,0.0,0.0,0.0,0.0,0.0,0.0,0.0,0.0035,0.0,0.001,0.0,0.0,0.0,0.0,0.0,0.0,0.0,0.0,0.0,0.0,0.0,0,4.8,192,0.5,0.9,1.8,0,0,0,692.2,0.6,0,0,0,0,0,0,0,0,0,198.7,0,0.5,0,0,0,0,0,0,0,0,0,0,0,0,0,0,0,0,0,0,0,0,0,84.35,0.1,0,,0,0,0,5.7334,6.66,96.0666,6.7014,6.5564,6.5894,5.6731,2.0136,0.6837,5.8202,6.3657,5.7602,0,0,0,1987,0,0,0,0,0,0,0,0,0.0051
castes,inf,5,all,50,50,0,0,0,1,1,,200,0.46,0,464.82,208.1738,19.2,99.9202,0.2877,0.9024,0.0302,0.0003,0.0001,0.0,0.0001,0.0,0.0,0.0,0.0,0.0,0.0032,0.0,0.0005,0.0,0.0,0.0,0.0,0.0001,0.0,0.0,0.0019,0.0003,0.0,0.0,0.06,4.94,191.76,0.5,0.34,2.24,0,0,0.16,687.56,0.68,0,0,0,0,0,0,0,0,0,198.72,0,0.6,0,0,0.24,0.24,0,0.96,0.16,0,0,0,0,0,0,0,0.06,0.38,0,0,0,0,0,85.322,0.04,3.92,,0,0,0,5.8313,7.1363,96.4403,7.0642,7.0586,6.8821,6.1691,1.8535,0.5566,5.8173,6.1146,5.7621,0,0,0,9936,0,0,0,0,196,12,0,0,0.0123
castes,inf,6,rank 1,10,10,0,0,0,1,1,,200,0.7,0,434.1,196.984,20,99.992,0.2057,0.9135,0.015,0.0,0.0,0.0,0.0,0.0,0.0,0.0,0.0,0.0,0.006,0.0,0.0,0.0,0.0,0.0,0.0,0.0,0.0,0.0,0.0025,0.0,0.0,0.0,0,4.6,193.9,1.4,0.1,0,0,0,0,691.4,2.2,0,0,0,0,0,0,0,0,0,199.8,0.2,1.5,0,0,0,0,0,0,0,0,0,0,0,0,0,0,0,0.5,0,0,0,0,0,109.53,0,0,,0,0,0,6.1442,7.4301,96.8204,7.2048,7.3486,6.984,6.2159,1.7291,0.3439,6.2966,6.5206,6.2611,0,0,0,1998,0,0,0,0,0,0,0,0,0.0174
castes,inf,6,rank 2,10,10,0,0,0,1,1,,200,0,0,435.6,201.438,20,100,0.1254,0.91,0.013,0.0,0.0,0.0,0.0,0.0,0.0,0.0,0.0,0.0,0.005,0.0,0.0,0.0,0.0,0.0,0.0,0.0,0.0,0.0,0.007,0.0,0.0,0.0,0,3.3,196.5,0,0.2,0,0,0,0,693,0,0,0,0,0,0,0,0,0,0,200.3,0.3,0.2,0,0,0,0,0,0,0,0,0,0,0,0,0,0,0,1.4,0,0,0,0,0,109.41,0,17.6,,0,0,0,6.424,7.4357,96.856,7.2682,7.3735,7.0239,6.3647,1.6889,0.6509,6.1136,6.655,5.9851,0,0,0,2003,0,0,0,0,176,0,0,0,0.0226
castes,inf,6,rank 3,10,10,0,0,0,1,1,,200,0,0,441.8,203.384,18,100,0.1588,0.92,0.017,0.0005,0.0,0.0,0.0,0.0,0.0,0.0,0.0,0.0,0.0045,0.0,0.0,0.0,0.0,0.0,0.0,0.0,0.0,0.0,0.0,0.001,0.0,0.0,0,3,195.6,0.5,0,0.2,0,0,0.7,699.8,0.6,0,0,0,0,0,0,0,0,0,199.2,0,0.6,0,0,0,0.5,0,2,0,0,0,0,0,0,0,0,0.2,0,0,0,0,0,0,108.49,0,0,,0,0,0,6.2113,7.4088,96.5705,7.1895,7.3053,6.9746,6.2008,1.7221,0.3875,6.0881,6.1065,6.0858,0,0,0,1992,0,0,0,0,0,0,0,0,0.015
castes,inf,6,rank 4,10,10,0,0,0,1,1,,200,0.5,0,441.7,204.645,20.7,100,0.1259,0.919,0.017,0.0015,0.0015,0.0,0.0,0.0,0.0,0.0,0.0,0.0,0.0015,0.0,0.0005,0.0,0.0,0.0,0.0,0.0,0.0,0.0,0.0,0.0,0.0,0.0,0,2.1,196.2,0,0.7,1,0,0,0,702.2,0,0,0,0,0,0,0,0,0,0,199.2,0,0.2,0,0,0.3,0.6,0,2.4,3.1,0,0,0,0,0,0,0,0,0,0,0,0,0,0,104.99,0,0,,0,0,0,6.1358,7.3168,96.6422,7.1577,7.2377,7.0023,6.1193,1.7283,0.2426,6.4031,6.5517,6.3711,0,0,0,1992,0,0,0,0,0,3,0,0,0.0261
castes,inf,6,rank 5,10,10,0,0,0,1,1,,200,0.1,0,446.7,207.408,20,100,0.1182,0.925,0.013,0.0,0.0,0.0,0.0,0.0,0.0,0.0,0.0,0.0,0.002,0.0,0.0,0.0,0.0,0.0,0.0,0.0,0.0,0.0,0.0005,0.0005,0.0,0.0,0.3,2.1,196.9,0,0,0,0,0,0.7,705,0,0,0,0,0,0,0,0,0,0,199.3,0,0.7,0,0,0,0,0,0,0,0,0,0,0,0,0,0,0.1,0.1,0,0,0,0,0,104.85,0,2,,0,0,0,6.1286,6.9428,96.5159,6.8493,6.8535,6.7136,5.7397,1.9096,0.5234,6.1506,6.5349,6.0541,0,0,0,1993,0,0,0,0,20,0,0,0,0.0119
castes,inf,6,all,50,50,0,0,0,1,1,,200,0.26,0,439.98,202.7718,19.74,99.9984,0.1468,0.9175,0.015,0.0004,0.0003,0.0,0.0,0.0,0.0,0.0,0.0,0.0,0.0038,0.0,0.0001,0.0,0.0,0.0,0.0,0.0,0.0,0.0,0.002,0.0003,0.0,0.0,0.06,3.02,195.82,0.38,0.2,0.24,0,0,0.28,698.28,0.56,0,0,0,0,0,0,0,0,0,199.56,0.1,0.64,0,0,0.06,0.22,0,0.88,0.62,0,0,0,0,0,0,0,0.06,0.4,0,0,0,0,0,107.454,0,3.92,,0,0,0,6.2088,7.3068,96.681,7.1339,7.2237,6.9397,6.1281,1.7556,0.4297,6.2104,6.4737,6.1514,0,0,0,9978,0,0,0,0,196,3,0,0,0.0213
castes,inf,7,rank 1,10,10,0,0,0,1,1,,200,0.5,0,429,192.053,20,100,0.4164,0.8925,0.04,0.0,0.0,0.0,0.0,0.0,0.0,0.0,0.0,0.0,0.0045,0.0,0.0045,0.0,0.0,0.0,0.0,0.0,0.0,0.0,0.004,0.0,0.0,0.0,0,6.3,187.9,3.5,2.3,0,0,0,0,687,5,0,0,0,0,0,0,0,0,0,199.9,0,0.5,0,0,0,0,0,0,0,0,0,0,0,0,0,0,0,0.8,0,0,0,0,0,100.88,0,0,,0,0,0,5.8723,7.3515,97.2469,7.1604,7.2546,6.8765,6.3239,1.8128,0.5314,5.7378,6.4979,5.5892,0,0,0,1999,0,0,0,0,0,0,0,0,0.0078
castes,inf,7,rank 2,10,10,0,0,0,1,1,,200,1.2,0,430.9,192.81,20,100,0.3961,0.894,0.042,0.0,0.0,0.0,0.0,0.0,0.0,0.0,0.0,0.0,0.0055,0.0,0.0045,0.0,0.0,0.0,0.0,0.0,0.0,0.0,0.002,0.0,0.0,0.0,0,5.8,188.5,3.7,2,0,0,0,0,688.2,5,0,0,0,0,0,0,0,0,0,198.9,0,0.5,0,0,0,0,0,0,0,0,0,0,0,0,0,0,0,0.4,0,0,0,0,0,96.6,0,2,,0,0,0,5.7671,7.2117,97.0068,7.0857,7.1242,6.8133,6.2419,1.837,0.6845,5.6805,5.9696,5.6024,0,0,0,1989,0,0,0,0,20,0,0,0,0.0109
castes,inf,7,rank 3,10,10,0,0,0,1,1,,200,1.3,0,433.3,196.331,18.2,100,0.4,0.894,0.042,0.0005,0.0005,0.0,0.0,0.0,0.0,0.0,0.0,0.0,0.0045,0.0,0.005,0.0,0.0,0.0,0.0,0.0,0.0,0.0,0.0035,0.0,0.0,0.0,0,5.4,188.5,3.8,2,0.3,0,0,0,689.8,5.2,0,0,0,0,0,0,0,0,0,199.9,0,0.1,0,0,0.6,0.6,0,2.4,0.6,0,0,0,0,0,0,0,0,0.7,0,0,0,0,0,98.94,0,9.6,,0,0,0,5.8464,7.2785,96.9206,7.1202,7.1844,6.8435,6.2701,1.8168,0.4571,5.8179,6.0309,5.7592,0,0,0,1999,0,0,0,0,96,6,0,0,0.0116
castes,inf,7,rank 4,10,10,0,0,0,1,1,,200,0.2,0,430.8,194.134,18,100,0.4351,0.89,0.046,0.0005,0.0,0.0,0.0,0.0,0.0,0.0,0.0,0.0,0.004,0.0,0.0055,0.0,0.0,0.0,0.0,0.0005,0.0,0.0,0.001,0.0,0.0,0.0,0.1,5.5,187.4,3.7,3.1,0.2,0,0,0,689,5,0,0,0,0,0,0,0,0,0,198.7,0,0.1,0,0,0,0.5,0,2,0,0,0,0,0,0,0,0,0,0.2,0,0,0,0,0,97.21,0,0,,0,0,0,5.5734,6.9653,96.6726,6.8843,6.8822,6.6087,5.953,1.9073,0.4103,5.8235,6.0439,5.7954,0,0,0,1987,0,0,0,0,0,0,0,0,0.0088
castes,inf,7,rank 5,10,10,0,0,0,1,1,,200,0.6,0,428.9,191.806,16.8,100,0.4106,0.8925,0.043,0.001,0.0005,0.0,0.0,0.0,0.0,0.0,0.0,0.0,0.002,0.0,0.004,0.0,0.0,0.0,0.0,0.0,0.0,0.0,0.0025,0.001,0.0,0.0,0,4.9,188.3,3.3,2.4,0.6,0,0,0.5,685.8,4.6,0,0,0,0,0,0,0,0,0,199.2,0.1,0.8,0,0,0.5,1,0,4,0.8,0,0,0,0,0,0,0,0.2,0.5,0,0,0,0,0,94.73,0,8,,0,0,0,5.6342,6.4697,96.5404,6.4575,6.3066,6.2437,5.4348,2.1549,0.7845,5.6194,6.0661,5.5048,0,0,0,1992,0,0,0,0,80,5,0,0,0.0179
castes,inf,7,all,50,50,0,0,0,1,1,,200,0.76,0,430.58,193.4268,18.6,100,0.4116,0.8926,0.0426,0.0004,0.0002,0.0,0.0,0.0,0.0,0.0,0.0,0.0,0.0041,0.0,0.0047,0.0,0.0,0.0,0.0,0.0001,0.0,0.0,0.0026,0.0002,0.0,0.0,0.02,5.58,188.12,3.6,2.36,0.22,0,0,0.1,687.96,4.96,0,0,0,0,0,0,0,0,0,199.32,0.02,0.4,0,0,0.22,0.42,0,1.68,0.28,0,0,0,0,0,0,0,0.04,0.52,0,0,0,0,0,97.672,0,3.92,,0,0,0,5.7387,7.0553,96.8775,6.9416,6.9504,6.6771,6.0447,1.9058,0.5736,5.7358,6.1217,5.6502,0,0,0,9966,0,0,0,0,196,11,0,0,0.0124
castes,inf,8,rank 1,10,10,0,0,0,1,1,,200,0,0,430.7,197.731,20,100,0.1466,0.904,0.013,0.0,0.0,0.0,0.0,0.0,0.0,0.0,0.0,0.0,0.0055,0.0,0.0,0.0,0.0,0.0005,0.0,0.0,0.0,0.0,0.0075,0.0,0.0,0.0,0.1,4.1,195.8,0,0,0,0,0,0,688.2,0,0,0,0,0,0,0,0,0,0,199.5,0,0.4,0,0,0,0,0,0,0,0,0.1,0,0,0,0,0,0,1.5,0,0,0,0,0,94.23,0,13.6,,0,0,0,6.0008,6.3772,96.3647,6.3493,6.3409,6.4333,5.2992,2.6766,0.4953,5.7099,6.0281,5.6212,0,0,0,1995,0,0,0,0,136,0,0,0,0.0154
castes,inf,8,rank 2,10,10,0,0,0,1,1,,200,3,0,404.3,176.828,18,99.933,0.306,0.857,0.024,0.0,0.0,0.0,0.0,0.0,0.0,0.0,0.0,0.0,0.0045,0.0,0.0005,0.0,0.0,0.003,0.0,0.0,0.0,0.0,0.0035,0.002,0.0,0.001,0,3.9,186.2,0.7,0.2,0,0,0,9,651,0.8,0,0,0,0,0,0,0,0,0,198.4,0,0.3,0,0,0,0,0,0,0,0,0.6,0.7,0,0,0,0,0.4,0.7,0,0,0,0,0,93.03,0,4,,0,0,0,5.7928,6.096,96.3157,6.1347,6.0551,6.1856,5.1588,2.8608,0.552,5.82,5.783,5.8027,0,0,0,1984,0,0,0,0,40,0,0,0,0.0609
castes,inf,8,rank 3,10,10,0,0,0,1,1,,200,0,0,435.7,200.935,20.8,100,0.0848,0.9155,0.014,0.0,0.0,0.0,0.0,0.0,0.0,0.0,0.0,0.0,0.0035,0.0,0.0,0.0,0.0,0.0025,0.0,0.0005,0.0,0.0,0.0,0.0,0.0,0.0005,0,2.2,197.8,0,0,0,0,0,0,697.4,0,0,0,0,0,0,0,0,0,0,199.8,0,0.8,0,0,0,0,0,0,0,0,0.5,0,0,0,0,0,0,0,0,0,0,0,0,93.2,0,0,,0,0,0,5.8547,6.3764,96.419,6.4112,6.3544,6.4211,5.419,2.5496,0.5164,5.854,6.1501,5.7801,0,0,0,1998,0,0,0,0,0,0,0,0,0.0193
castes,inf,8,rank 4,10,10,0,0,0,1,1,,200,0.2,0,427.9,195.332,21.1,100,0.1507,0.9095,0.015,0.0,0.0,0.0,0.0,0.0,0.0,0.0,0.0,0.0,0.001,0.0,0.0,0.0,0.0,0.0065,0.0,0.0,0.0,0.0,0.001,0.0005,0.0,0.001,0.4,2.3,196,0.6,0,0,0,0,0.7,691,0.8,0,0,0,0,0,0,0,0,0,198.6,0,0.3,0,0,0,0,0,0,0,0,1.3,0,0,0,0,0,0.1,0.2,0,0,0,0,0,92.12,0,2,,0,0,0,5.7974,6.0535,96.2451,6.1015,6.0042,6.1836,5.0609,2.8425,0.4568,5.9427,6.1536,5.9207,0,0,0,1986,0,0,0,0,20,0,0,0,0.0327
castes,inf,8,rank 5,10,10,0,0,0,1,1,,200,0,0,430.6,196.265,20,100,0.1218,0.907,0.016,0.0,0.0,0.0,0.0,0.0,0.0,0.0,0.0,0.0,0.003,0.0,0.0,0.0,0.0,0.004,0.0,0.0,0.0,0.0,0.0,0.0005,0.0,0.0,0,2.6,196.7,0,0,0,0,0,0.7,690.6,0,0,0,0,0,0,0,0,0,0,199.1,0,0.2,0,0,0,0,0,0,0,0,0.8,0,0,0,0,0,0.1,0,0,0,0,0,0,90.91,0,0,,0,0,0,5.7314,5.4843,96.2168,5.6132,5.4588,5.8214,4.5523,3.3793,0.6429,5.9066,6.057,5.8696,0,0,0,1991,0,0,0,0,0,0,0,0,0.0185
castes,inf,8,all,50,50,0,0,0,1,1,,200,0.64,0,425.84,193.4182,19.98,99.9866,0.162,0.8986,0.0164,0.0,0.0,0.0,0.0,0.0,0.0,0.0,0.0,0.0,0.0035,0.0,0.0001,0.0,0.0,0.0033,0.0,0.0001,0.0,0.0,0.0024,0.0006,0.0,0.0005,0.1,3.02,194.5,0.26,0.04,0,0,0,2.08,683.64,0.32,0,0,0,0,0,0,0,0,0,199.08,0,0.4,0,0,0,0,0,0,0,0,0.66,0.14,0,0,0,0,0.12,0.48,0,0,0,0,0,92.698,0,3.92,,0,0,0,5.8354,6.0775,96.3123,6.122,6.0427,6.209,5.098,2.8618,0.5327,5.8466,6.0344,5.7989,0,0,0,9954,0,0,0,0,196,0,0,0,0.0317
castes,inf,9,rank 1,10,10,0,0,0,1,1,,200,0,0,446.7,207.316,20,100,0.1031,0.9265,0.011,0.0,0.0,0.0,0.0,0.0,0.0,0.0,0.0,0.0,0.0025,0.0,0.0,0.0,0.0,0.0,0.0,0.0,0.0,0.0,0.002,0.0,0.0,0.0,0.1,2.4,197.3,0.2,0,0,0,0,0,705.8,0.2,0,0,0,0,0,0,0,0,0,198.9,0,0.2,0,0,0,0,0,0,0,0,0,0,0,0,0,0,0,0.4,0,0,0,0,0,114.13,0,0,,0,0,0,6.161,7.3419,96.6901,7.1459,7.2388,6.9498,6.2181,1.8224,0.3854,6.2205,6.6546,6.1228,0,0,0,1989,0,0,0,0,0,0,0,0,0.009
castes,inf,9,rank 2,10,10,0,0,0,1,1,,200,0.3,0,438.7,200.361,18,99.97,0.1775,0.9145,0.017,0.0005,0.0,0.0,0.0,0.0,0.0,0.0,0.0,0.0,0.005,0.0,0.0,0.0,0.0,0.0,0.0,0.0,0.0,0.0,0.005,0.001,0.0,0.0,0,4.1,194.8,0,0,0.2,0,0,0.9,696.6,0,0,0,0,0,0,0,0,0,0,199.9,0,0.6,0,0,0.5,0.5,0,2,0,0,0,0,0,0,0,0,0.2,1,0,0,0,0,0,113.12,0,2,,0,0,0,6.0776,7.3,96.6122,7.1081,7.1644,6.923,6.1992,1.8535,0.4979,5.9542,6.0315,5.9461,0,0,0,1999,0,0,0,0,20,5,0,0,0.0135
castes,inf,9,rank 3,10,10,0,0,0,1,1,,200,0,0,443.1,206.345,20,100,0.0994,0.921,0.011,0.0,0.0,0.0,0.0,0.0,0.0,0.0,0.0,0.0,0.004,0.0,0.0,0.0,0.0,0.0,0.0,0.0,0.0,0.0,0.0055,0.0,0.0,0.0,0.1,2.5,197.4,0,0,0,0,0,0,701.8,0,0,0,0,0,0,0,0,0,0,198.6,0,0.2,0,0,0,0,0,0,0,0,0,0,0,0,0,0,0,1.1,0,0,0,0,0,111.44,0,17.6,,0,0,0,6.2193,7.3145,96.3834,7.1392,7.1944,6.9534,6.282,1.8723,0.4212,6.2016,6.5652,6.1205,0,0,0,1986,0,0,0,0,176,0,0,0,0.0134
castes,inf,9,rank 4,10,10,0,0,0,1,1,,200,0,0,450.4,210.36,20,100,0.0897,0.9315,0.011,0.0,0.0,0.0,0.0,0.0,0.0,0.0,0.0,0.0,0.0025,0.0,0.0,0.0,0.0,0.0,0.0,0.0,0.0,0.0,0.0015,0.0,0.0,0.0,0,2.1,197.7,0.2,0,0,0,0,0,709.8,0.2,0,0,0,0,0,0,0,0,0,199.2,0,0.3,0,0,0,0,0,0,0,0,0,0,0,0,0,0,0,0.3,0,0,0,0,0,112.07,0,0,,0,0,0,6.1771,7.1813,96.5512,7.037,7.0855,6.8708,6.0759,1.8838,0.2707,6.193,6.5077,6.1287,0,0,0,1992,0,0,0,0,0,0,0,0,0.0089
castes,inf,9,rank 5,10,10,0,0,0,1,1,,200,0,0,449.3,208.358,20,100,0.1149,0.928,0.013,0.0,0.0,0.0,0.0,0.0,0.0,0.0,0.0,0.0,0.0035,0.0,0.0005,0.0,0.0,0.0,0.0,0.0,0.0,0.0,0.0005,0.0,0.0,0.0,0.1,2.4,197,0.3,0.2,0,0,0,0,708.6,0.4,0,0,0,0,0,0,0,0,0,199.2,0,0.8,0,0,0,0,0,0,0,0,0,0,0,0,0,0,0,0.1,0,0,0,0,0,107.89,0,0,,0,0,0,5.7815,6.5555,96.0465,6.5204,6.4107,6.423,5.4545,2.207,0.5937,5.8544,5.7961,5.8569,0,0,0,1992,0,0,0,0,0,0,0,0,0.0071
castes,inf,9,all,50,50,0,0,0,1,1,,200,0.06,0,445.64,206.548,19.6,99.994,0.1169,0.9243,0.0126,0.0001,0.0,0.0,0.0,0.0,0.0,0.0,0.0,0.0,0.0035,0.0,0.0001,0.0,0.0,0.0,0.0,0.0,0.0,0.0,0.0029,0.0002,0.0,0.0,0.06,2.7,196.84,0.14,0.04,0.04,0,0,0.18,704.52,0.16,0,0,0,0,0,0,0,0,0,199.16,0,0.42,0,0,0.1,0.1,0,0.4,0,0,0,0,0,0,0,0,0.04,0.58,0,0,0,0,0,111.73,0,3.92,,0,0,0,6.0833,7.1386,96.4567,6.9901,7.0188,6.824,6.0459,1.9278,0.4338,6.0847,6.311,6.035,0,0,0,9958,0,0,0,0,196,5,0,0,0.0117
silent,shapes,1,all,24,24,0,0,0,1,1,,200,0.2917,0,530.875,237.6921,20,99.99,0.4335,0.934,0.0467,0.0,0.0,0.0,0.0,0.0,0.0,0.0,0.0,0.0,0.0063,0.0,0.0056,0.0,0.0,0.0,0.0,0.0008,0.0004,0.0,0.0,0.0,0.0,0.0,0.1667,5.9167,185.9583,4.0417,3.5833,0.3333,0,0,0,720.75,7.7083,0,0,0,0,0,0,0,0,0,190.5417,0,0,0,0,0,0,0,0,0,0,0,0,0,0,0,0,0,0,0,0,0,0,0,1.6792,0,0,,0,0,0,5.0256,7.3702,97.6406,,,,,,0,5.0261,5.0261,,0,0,0,4573,0,0,0,0,0,0,0,0,0.0304
silent,shapes,10,all,24,24,1,1,0,1,0.9583,20,192.4583,0.7917,0.125,499.125,220.6346,19.1667,99.0067,0.5679,0.9019,0.0592,0.0,0.0022,0.0,0.0,0.0,0.0,0.0,0.0,0.0,0.0088,0.0,0.0071,0.0,0.0,0.0,0.0,0.0002,0.0032,0.0,0.0,0.0,0.0,0.0,0.25,6.875,174.5417,6.0833,3.9167,0.7917,0,0,0,681.125,13.7917,0,0,0,0,0,0,0,0,0,180.2917,0,0,0,0,0,0,0,0,0.6667,0,0,0,0,0,0,0,0,0,0,0,0,0,0,1.6333,0,0,,0,0,0,5.123,7.3023,96.7177,,,,,,0,5.1277,5.1277,,0,0,0,4327,0,0,0,0,0,0,0,0,0.0434
silent,shapes,2,all,24,24,1,1,0,1,0.9583,20,192.4583,0.9167,0.125,510.375,229.8408,19.1667,98.9508,0.4811,0.9095,0.0569,0.0,0.0,0.0,0.0,0.0,0.0,0.0,0.0,0.0,0.008,0.0,0.0068,0.0,0.0,0.0,0.0002,0.0,0.0026,0.0,0.0,0.0,0.0,0.0,0.2083,5.75,179.25,3.6667,3.25,0.3333,0,0,0,692.2083,6.875,0,0,0,0,0,0,0,0,0,141.1667,0,0,0,0,0,0,0,0,0,0,0,0,0,0.0417,0,0,0,0,0,0,0,0,0,2.0708,0,0,,0,0,0.0417,4.9673,7.1646,97.3519,,,,,,0,4.9458,4.9458,,0,0,0,3388,0,1,0,0,0,0,0,0,0.0251
silent,shapes,3,all,24,24,4,4,0,1,0.8333,84.25,180.5417,2,0.5,439.75,199.6704,16.6667,98.7542,0.6954,0.8716,0.0738,0.0,0.0024,0.0,0.0,0.0,0.0,0.0,0.0,0.0,0.0144,0.0,0.0075,0.0,0.0,0.0,0.0,0.0002,0.0002,0.0,0.0,0.0,0.0,0.0,0.0833,6.7917,159.25,9.0833,2.8333,2.5,0,0,0,610.0833,24.1667,0,0,0,0,0,0,0,0,0,121.6667,0,0,0,0,0,0,0,0,3.375,0,0,0,0,0,0,0,0,0,0,0,0,0,0,3.5375,0,0,,0,0,0,4.9728,7.1564,96.2903,,,,,,0,4.981,4.981,,0,0,0,2920,0,0,0,0,0,0,0,0,0.0282
silent,shapes,4,all,24,24,1,1,0,1,0.9583,32,192.9583,1.7083,0.4167,505.75,223.9904,19.1667,99.0821,0.5478,0.9039,0.0562,0.0,0.0,0.0,0.0,0.0,0.0,0.0,0.0,0.0,0.011,0.0,0.0104,0.0,0.0,0.0,0.0,0.0002,0.0008,0.0,0.0,0.0,0.0,0.0,0.25,7,176.625,4.4583,4,0.625,0,0,0,687.5833,8.25,0,0,0,0,0,0,0,0,0,139.5,0,0,0,0,0,0,0,0,0,0,0,0,0,0,0,0,0,0,0,0,0,0,0,11.9875,0,0,,0,0,0,4.9685,7.035,96.8904,,,,,,0,4.9484,4.9484,,0,0,0,3348,0,0,0,0,0,0,0,0,0.0306
silent,shapes,6,all,24,24,3,3,0,1,0.875,36.3333,179.4167,1.5833,0.375,467.125,211.58,16.6667,98.3554,0.6325,0.8603,0.0754,0.0002,0.002,0.0,0.0,0.0,0.0,0.0,0.0,0.0,0.0113,0.0,0.006,0.0,0.0,0.0,0.0,0.0002,0.001,0.0,0.0,0.0,0.0,0.0,0.2083,5.875,164.25,4.125,3.2917,1.6667,0,0,0,635.0833,6.8333,0,0,0,0,0,0,0,0,0,121.375,0,0,0,0,0.2083,0.2083,0,0.8333,0.75,0,0,0,0,0,0,0,0,0,0,0,0,0,0,2.95,0,0,,0,0,0,4.8973,7.1537,96.2423,,,,,,0,4.8928,4.8928,,0,0,0,2913,0,0,0,0,0,5,0,0,0.0229
silent,shapes,7,all,24,24,2,2,0,1,0.9167,25,185.3333,1.0417,0.25,484.375,217.115,18.4167,98.4188,0.6022,0.8732,0.0757,0.0,0.0002,0.0,0.0,0.0,0.0,0.0,0.0,0.0,0.0103,0.0,0.0042,0.0,0.0,0.0,0.0,0.0,0.001,0.0002,0.0,0.0,0.0,0.0,0.2083,6,170.6667,3.875,3.375,1.2083,0,0,0,658.8333,5.9167,0,0,0,0,0,0,0,0,0,164.375,0,0,0,0,0,0,0,0,0.0833,0,0,0,0,0,0,0,0,0,0,0,0,0,0,3.3,0,0,,0,0,0,4.9503,7.3537,96.526,,,,,,0,4.951,4.951,,0,0,0,3945,0,0,0,0,0,0,0,0,0.0318
silent,shapes,8,all,24,24,5,5,0,1,0.7917,31.4,164.6667,2.5,0.625,419.2083,189.2258,16,96.6988,0.7412,0.7908,0.0987,0.0,0.0034,0.0,0.0,0.0,0.0,0.0,0.0,0.0,0.0167,0.0,0.0056,0.0,0.0,0.0,0.0,0.0002,0.002,0.0,0.0,0.0,0.0,0.0,0.4167,5.75,149.625,3.125,2.9583,2.7917,0,0,0,572.0833,5.9167,0,0,0,0,0,0,0,0,0,94.875,0,0,0,0,0,0,0,0,0.4167,0,0,0,0,0,0,0,0,0,0,0,0,0,0,12.2958,0,0,,0,0,0,4.9646,7.1195,95.6066,,,,,,0,4.9753,4.9753,,0,0,0,2277,0,0,0,0,0,0,0,0,0.033
silent,shapes,9,all,24,24,3,3,0,1,0.875,30.6667,178.7083,1.6667,0.375,464.7917,209.095,17.5,97.9254,0.613,0.8668,0.0742,0.0,0.0033,0.0,0.0,0.0,0.0,0.0,0.0,0.0002,0.0108,0.0004,0.0047,0.0,0.0,0.0,0.0,0.0004,0.0037,0.0,0.0,0.0,0.0,0.0002,0.2917,5.4583,164.5,4.3333,2.8333,1.2917,0,0,0,632.2083,7.3333,0,0,0,0,0,0,0,0,0,108.5833,0,0,0.0417,0,0,0,0,0,1.0417,0,0,0,0,0,0,0,0,0,0,0,0,0,0,12.2375,0,0,,0,0,0,4.9297,7.1022,96.2731,,,,,,0,4.9681,4.9681,,0,0,0,2606,0,0,0,0,0,0,0,1,0.0323
silent,silent,1,all,24,24,4,4,0,1,0.8333,33.5,172.0833,2.2917,0.5,441.75,198.8946,16.6667,97.4533,0.7039,0.8332,0.0921,0.0,0.0,0.0,0.0,0.0,0.0,0.0,0.0,0.0,0.0197,0.0042,0.0055,0.0,0.0,0.0,0.0,0.0008,0.002,0.0,0.0,0.0,0.0,0.0,0.375,6.9583,157.375,3.2083,2.8333,1.3333,0,0,0,602,4.6667,0,0,0,0,0,0,0,0,0,0,0,0,2.375,0,0,0,0,0,0,0,0,0,0,0,0,0,0,0,0,0,0,0,0,,0,0,,0,0,0,4.9867,6.9315,95.8399,,,,,,0,4.9989,4.9989,,0,0,0,0,0,0,0,0,0,0,0,57,0.0307
silent,silent,10,all,24,24,3,3,0,1,0.875,32,178.875,2.0417,0.375,449.4583,197.1329,17.5,98.1296,0.697,0.8393,0.0799,0.0,0.0013,0.0,0.0,0.0,0.0,0.0,0.0,0.0,0.0269,0.0,0.0033,0.0,0.0,0.0,0.0,0.0008,0.0004,0.0,0.0,0.0,0.0,0.0,0.125,8.125,161.4167,3.75,3.4583,2,0,0,0,616.7917,6.625,0,0,0,0,0,0,0,0,0,0,0,0,2.8333,0,0,0,0,0,0.2083,0,0,0,0,0,0,0,0,0,0,0,0,0,0,,0,0,,0,0,0,5.0428,7.0279,95.9657,,,,,,0,5.0414,5.0414,,0,0,0,0,0,0,0,0,0,0,0,68,0.0415
silent,silent,2,all,24,24,4,4,0,1,0.8333,30.5,171.5833,2.125,0.5,433.125,192.1108,16.6667,97.2262,0.7682,0.8212,0.1016,0.0,0.0012,0.0,0.0,0.0,0.0,0.0,0.0,0.0002,0.0233,0.0,0.0078,0.0,0.0,0.0,0.0,0.0004,0.0004,0.0,0.0,0.0,0.0,0.0002,0.2083,7.7917,154.2917,4,3.8333,1.4583,0,0,0,592.9167,5.9167,0,0,0,0,0,0,0,0,0,0,0,0,2.4167,0,0,0,0,0,0.375,0,0,0,0,0,0,0,0,0,0,0,0,0,0,,0,0,,0,0,0,5.0235,7.2322,96.8986,,,,,,0,5.0291,5.0291,,0,0,0,0,0,0,0,0,0,0,0,58,0.0269
silent,silent,3,all,24,24,7,7,0,1,0.7083,34.2857,151.375,3.2083,0.875,373,167.5425,14.1667,95.6208,0.9307,0.7386,0.1285,0.0,0.0035,0.0,0.0,0.0,0.0,0.0,0.0,0.0002,0.0392,0.0,0.0071,0.0,0.0,0.0,0.0,0.0,0.0038,0.0,0.0,0.0,0.0,0.0,0.2083,8.1667,134.0417,2.9167,3.4167,2.625,0,0,0,511.7083,4.0833,0,0,0,0,0,0,0,0,0,0,0,0,3.3333,0,0,0,0,0,0.625,0,0,0,0,0,0,0,0,0,0,0,0,0,0,,0,0,,0,0,0,5.0067,7.0871,95.2181,,,,,,0,5.0093,5.0093,,0,0,0,0,0,0,0,0,0,0,0,80,0.0242
silent,silent,4,all,24,24,3,3,0,1,0.875,28,178.375,1.5,0.375,452.5417,196.5304,17.5,97.8962,0.7559,0.837,0.0838,0.0,0.0,0.0,0.0,0.0,0.0,0.0,0.0,0.0002,0.0204,0.0,0.0139,0.0,0.0,0.0,0.0,0.0008,0.0015,0.0,0.0,0.0,0.0,0.0,0.125,8.2083,158.7917,5.7083,4.25,1.2917,0,0,0,619.7083,12.1667,0,0,0,0,0,0,0,0,0,0,0,0,3.0833,0,0,0,0,0,0,0,0,0,0,0,0,0,0,0,0,0,0,0,0,,0,0,,0,0,0,5.0535,7.0081,96.2695,,,,,,0,5.0543,5.0543,,0,0,0,0,0,0,0,0,0,0,0,74,0.0368
silent,silent,6,all,24,24,4,4,0,1,0.8333,33.75,172.125,2.2083,0.5,440.375,198.2392,17.5833,97.3933,0.6596,0.819,0.0889,0.0,0.0009,0.0,0.0,0.0,0.0,0.0,0.0,0.0,0.0333,0.0,0.0048,0.0,0.0,0.0,0.0,0.0011,0.003,0.0,0.0,0.0,0.0,0.0,0.25,7,157.875,2.375,2.5,2.125,0,0,0,600.7083,3.4167,0,0,0,0,0,0,0,0,0,0,0,0,2.6667,0,0,0,0,0,0.0833,0,0,0,0,0,0,0,0,0,0,0,0,0,0,,0,0,,0,0,0,5.0104,6.9633,96.2702,,,,,,0,5.0123,5.0123,,0,0,0,0,0,0,0,0,0,0,0,64,0.035
silent,silent,7,all,24,24,1,1,0,1,0.9583,38,193.2083,1.0833,0.125,507.3333,227.8817,19.4583,99.3621,0.4754,0.9117,0.0521,0.0,0.0013,0.0,0.0,0.0,0.0,0.0,0.0,0.0,0.0135,0.0023,0.0046,0.0,0.0,0.0,0.0011,0.0004,0.0015,0.0,0.0,0.0,0.0,0.0,0.3333,7.0417,179.2917,3.375,2.5417,0.625,0,0,0,689.9583,7.375,0,0,0,0,0,0,0,0,0,0,0,0,2.7083,0,0,0,0,0,0.625,0,0,0,0,0.0417,0,0,0,0,0,0,0,0,0,,0,0,,0,0,0.0417,5.0178,7.0305,97.2267,,,,,,0,5.0169,5.0169,,0,0,0,0,0,1,0,0,0,0,0,65,0.0379
silent,silent,8,all,24,24,7,7,0,1,0.7083,33,151,3.75,0.875,370.25,166.1492,14.1667,95.5875,0.9248,0.7416,0.1161,0.0,0.0012,0.0,0.0,0.0,0.0,0.0,0.0,0.0,0.059,0.0,0.0091,0.0,0.0,0.0,0.0004,0.0006,0.0002,0.0,0.0,0.0,0.0,0.0004,0.25,8.9167,133.5417,3.5417,2.875,1.875,0,0,0,508.1667,5.25,0,0,0,0,0,0,0,0,0,0,0,0,4.375,0,0,0,0,0,0.0833,0,0,0,0,0.0833,0,0,0,0,0,0,0,0,0,,0,0,,0,0,0.0833,5.0255,7.1673,96.0473,,,,,,0,5.0222,5.0222,,0,0,0,0,0,2,0,0,0,0,0,105,0.0362
silent,silent,9,all,24,24,6,6,0,1,0.75,35.5,158.625,3.4583,0.75,388.125,172.0804,15,96.5783,0.9417,0.7637,0.1198,0.0,0.0011,0.0,0.0,0.0,0.0,0.0,0.0,0.0,0.0306,0.0,0.007,0.0,0.0,0.0,0.0,0.0006,0.0025,0.0,0.0,0.0,0.0,0.0,0.1667,8.3333,138.5833,4.875,3.9583,2.7083,0,0,0,533.9583,8.6667,0,0,0,0,0,0,0,0,0,0,0,0,2.7083,0,0,0,0,0,0.7083,0,0,0,0,0,0,0,0,0,0,0,0,0,0,,0,0,,0,0,0,5.0053,7.1354,95.3852,,,,,,0,5.02,5.02,,0,0,0,0,0,0,0,0,0,0,0,65,0.0387
silent,talk,1,all,24,24,17,17,0,1,0.2917,31.9412,80.25,9.0417,2.1667,150.7083,66.5883,5,87.0087,1.675,0.4526,0.2366,0.0,0.0058,0.0,0.0035,0.0,0.0,0.0,0.0,0.0028,0.0822,0.0022,0.0285,0.0,0.0,0.0051,0.0,0.0008,0.0,0.0,0.0,0.0,0.0,0.0004,0.125,9.5833,54.0833,6.0833,5.3333,5.0417,0,0,0,213.2917,10.5,0.2917,0.2917,0.0833,0,0,0,0,0,0,81.4583,0,0.125,0,0.125,0,0,0,0,1.4583,0,0.125,0.125,0,0,0,0,0,0,0,0,0,0,0,104.5083,0.6667,0,,0.2917,0,0,5.9582,6.8498,91.2309,,,,,,0,5.8909,5.8909,,7,0,0,1955,0,0,0,0,0,0,0,0,0.0241
silent,talk,10,all,26,24,8,8,0,0.9231,0.6923,20,141.1154,5.2692,0.9231,331.6538,139.2419,12.8846,92.3427,0.9523,0.712,0.1202,0.0,0.002,0.0,0.0008,0.007,0.0,0.0,0.0,0.0028,0.0465,0.0066,0.0052,0.0,0.0,0.0004,0.0006,0.0002,0.0002,0.0,0.0,0.0,0.0,0.0026,2.8846,8.0769,121.5385,5.1154,1.3846,2.1154,0,0,0,459.2308,8.4615,0.3846,0.3846,0.1923,0,0,0,0,0,0,141.6923,0,0.5385,0,0.1923,0,0,0,0,0.0769,0,0.0769,0.0769,0.1538,0.1154,0,0,0,0,0,0,0,0,0,87.25,0.4615,0,,0.3846,0,0.1154,7.0455,7.7058,95.3527,,,,,,0,6.8354,6.8354,,10,0,0,3684,4,3,0,0,0,0,0,0,0.0426
silent,talk,2,all,25,24,8,8,0,0.96,0.68,20,141.84,4.36,1.12,352.68,155.9144,13.6,92.164,0.9113,0.6715,0.1397,0.0,0.0021,0.0,0.0008,0.0,0.0,0.0,0.0,0.0,0.045,0.0021,0.0095,0.0,0.0,0.0,0.0042,0.0002,0.0069,0.0021,0.0,0.0,0.0,0.0,0.68,7.08,125.12,3.72,2.48,2.76,0,0,0,481.36,6.56,0.88,0.88,0.08,0,0,0,0,0,0,141.84,0,0.4,0,0,0,0,0,0,0.32,0,0,0,0.08,0.08,0,0,0,0,0,0,0,0,0,90.196,0.32,0,,0.88,0,0.08,6.8014,7.7374,94.5819,,,,,,0,6.6872,6.6872,,22,0,0,3546,2,2,0,0,0,0,0,0,0.0259
silent,talk,3,all,24,24,10,10,0,1,0.5833,30.5,128.9583,8.0417,1.7083,281.6667,116.6033,11.25,91.6125,1.3324,0.5852,0.1831,0.0022,0.0036,0.0,0.0021,0.0035,0.0,0.0,0.0,0.0095,0.0446,0.0,0.0187,0.0,0.0,0.0006,0.002,0.0011,0.002,0.0015,0.0,0.0,0.0,0.0106,0.25,11.75,100.6667,4.5833,7.625,4.0833,0,0,0,394.0417,7.1667,0.2917,0.2917,0.2917,0,0,0,0,0,0,130.0417,0,0.5,0,0.5833,0.0417,0.125,0,0.5,0.7917,0,0.125,0.125,0,0.0417,0,0,0,0,0,0,0,0,0,94.1375,0.9167,0,,0.2917,0,0.0417,6.3588,7.3805,94.0127,,,,,,0,6.3781,6.3781,,7,0,0,3121,0,1,0,0,0,1,0,0,0.0365
silent,talk,4,all,24,24,10,10,0,1,0.5833,23.5,126.0417,6.9583,1.7917,301.6667,133.0588,12.1667,90.1429,1.0442,0.5979,0.1518,0.0002,0.0109,0.0,0.0004,0.0,0.0,0.0,0.0,0.0048,0.0546,0.0,0.0062,0.0,0.0,0.0058,0.0,0.0044,0.0048,0.0,0.0,0.0,0.0,0.0,0.2083,6.6667,107.875,3.4583,3.125,4.7083,0,0,0,412,5.0833,0.125,0.125,0.125,0,0,0,0,0,0,126,0,0.5833,0,0.1667,0.0417,0.0417,0,0.1667,1.5417,0,0.1667,0.1667,0,0,0,0,0,0,0,0,0,0,0,96.3792,0.4167,0,,0.125,0,0,6.3699,7.3412,94.4144,,,,,,0,6.3007,6.3007,,3,0,0,3024,0,0,0,0,0,1,0,0,0.0257
silent,talk,6,all,24,24,13,13,0,1,0.4583,25.5385,104.9583,7.125,1.875,235.625,104.0808,7.875,88.9054,1.1878,0.5366,0.1766,0.0,0.0064,0.0,0.0104,0.0085,0.0,0.0,0.0,0.004,0.0684,0.0066,0.0081,0.0,0.0,0.0,0.0,0.0,0.0024,0.0,0.0,0.0,0.0,0.01,0.375,7.9167,86.5,3.375,2.5417,4.25,0,0,0,324.4583,5.1667,0.0417,0.0417,0.0417,0,0,0,0,0,0,105.5,0,0.0417,0,0.1667,0,0,0,0,1.0417,0,0,0,0,0,0,0,0,0,0,0,0,0,0,86.6833,0.75,0,,0.0417,0,0,6.1272,7.2924,94.0348,,,,,,0,6.0601,6.0601,,1,0,0,2532,0,0,0,0,0,0,0,0,0.0122
silent,talk,7,all,24,24,13,13,0,1,0.4583,20,101.9583,6.2083,1.625,249.4583,115.6325,11.25,87.07,0.974,0.5679,0.1416,0.0,0.0066,0.0,0.0002,0.0002,0.0,0.0,0.0,0.0022,0.0468,0.0088,0.0008,0.0,0.0,0.007,0.0,0.0024,0.0046,0.0,0.0,0.0,0.0,0.0002,0.4583,4.0833,88.0833,4.4583,0.625,4.25,0,0,0,336.125,7.0833,0.0417,0.0417,0.0417,0,0,0,0,0,0,101.9583,0,0.0833,0,0.0417,0,0,0,0,1.1667,0,0.2083,0.2083,0,0,0,0,0,0,0,0,0,0,0,91.4,0.1667,0,,0.0417,0,0,6.4318,7.3944,92.58,,,,,,0,6.4186,6.4186,,1,0,0,2447,0,0,0,0,0,0,0,0,0.0169
silent,talk,8,all,24,24,9,9,0,1,0.625,24,133.625,5.625,1.125,313.7083,134.6838,12.2083,92.0738,1.1242,0.6522,0.1636,0.0002,0.0074,0.0,0.0021,0.0054,0.0,0.0,0.0,0.0053,0.0327,0.001,0.0117,0.0,0.0,0.0,0.0,0.0002,0.0024,0.0,0.0,0.0,0.0,0.0006,0.4583,8.5833,112.6667,4.2917,4.5417,3.0833,0,0,0,432.7917,6.6667,1.25,1.25,0,0,0,0,0,0,0,133.5,0,0.1667,0,0.6667,0.0417,0.0417,0,0.1667,1.6667,0,0,0,0,0,0,0,0,0,0,0,0,0,0,90.8792,1.1667,0,,1.25,0,0,6.3345,7.5404,94.9695,,,,,,0,6.3636,6.3636,,30,0,0,3204,0,0,0,0,0,1,0,0,0.0281
silent,talk,9,all,25,24,11,11,0,0.96,0.56,20.1818,120,4.52,1.32,311.16,146.4984,11.16,88.7248,0.7584,0.6809,0.128,0.0,0.0042,0.0,0.0,0.0002,0.0,0.0,0.0,0.0,0.034,0.0063,0.0046,0.0,0.0,0.0,0.0021,0.0023,0.0023,0.0021,0.0,0.0,0.0,0.0086,0.6,3.32,109.64,3.52,0.32,2.6,0,0,0,417.52,5.72,0,0,0,0,0,0,0,0,0,119.48,0,0.32,0,0,0,0,0,0,1.04,0,0,0,0.08,0.04,0,0,0,0,0,0,0,0,0,85.6125,0,0,,0,0,0.04,6.6433,7.3478,92.823,,,,,,0,6.6208,6.6208,,0,0,0,2987,2,1,0,0,0,0,0,0,0.013
steered,down,1,citizen,23,23,0,0,0,1,1,,400,2.8696,0,836.5217,404.4422,17.3913,99.8596,0.4731,0.8652,0.057,0.0007,0.0,0.0,0.0,0.0,0.0,0.0,0.0,0.0,0.0074,0.0,0.0029,0.0,0.0,0.0,0.0,0.0,0.0,0.0,0.0036,0.0002,0.0,0.0,0.087,23.1304,369.1304,4.5652,2.3043,0.4783,0,0,0.3043,1358.7391,7.0435,0,0,0,0,0,0,0,0,0,398.6957,0,0.3913,0,0,0.6522,0.6522,0,2.6087,0,0,0,0,0,0,0,0,0.087,1.4348,0,0,0,0,0,76.8913,0,17.2174,,0,0,0,7.2337,8.4047,98.8412,,,,,,0,7.186,7.2672,5.2676,0,0,0,9170,0,0,0,0,396,15,0,0,0.0098
steered,down,1,steered,1,1,0,0,0,1,1,,400,11,0,665,301.67,8,99.96,0.89,0.76,0.135,0.0025,0.0,0.0,0.0,0.0,0.0,0.0,0.0,0.0,0.01,0.0,0.0025,0.0,0.0,0.0,0.0,0.0,0.0,0.0,0.0,0.0,0.0,0.02,1,47,333,11,2,4,0,0,2,1161,24,0,0,0,0,0,0,0,0,0,371,0,0,0,0,3,3,0,12,0,0,0,0,0,0,0,0,0,0,0,0,0,0,0,35.0,0,0,,0,0,0,5.25,6.355,94.658,,,,,,0,6.214,,6.214,0,0,0,371,0,0,0,0,0,3,0,0,0.0
steered,down,1,all,24,24,0,0,0,1,1,,400,3.2083,0,829.375,400.16,17,99.8637,0.4905,0.8608,0.0602,0.0007,0.0,0.0,0.0,0.0,0.0,0.0,0.0,0.0,0.0075,0.0,0.0029,0.0,0.0,0.0,0.0,0.0,0.0,0.0,0.0034,0.0002,0.0,0.0008,0.125,24.125,367.625,4.8333,2.2917,0.625,0,0,0.375,1350.5,7.75,0,0,0,0,0,0,0,0,0,397.5417,0,0.375,0,0,0.75,0.75,0,3,0,0,0,0,0,0,0,0,0.0833,1.375,0,0,0,0,0,75.1458,0,16.5,,0,0,0,7.151,8.3193,98.6669,,,,,,0,7.1455,7.2672,5.307,0,0,0,9541,0,0,0,0,396,18,0,0,0.0173
steered,down,10,citizen,23,23,0,0,0,1,1,,400,54.6522,0.0435,678.1304,299.2526,5.4783,99.867,0.6864,0.8037,0.0443,0.0034,0.0018,0.0,0.0001,0.0001,0.0,0.0,0.0,0.0058,0.012,0.0,0.004,0.0,0.0,0.0018,0.0,0.0002,0.0001,0.0,0.0054,0.0005,0.0,0.0054,0.087,18.1304,310.5217,41.6522,7.087,6.6957,0,0,15.8261,1132.3478,137.6522,0,0,0,0,0,0,0,0,0,404.0435,0,0.3913,0,2.3043,0.8696,3.1304,0,12.5217,5.7826,0,0.7391,0,0,0,0,0,0.2174,2.1739,0.3043,0.3043,0,0,0,109.2652,1.3043,17.2174,,0,0,0,6.0235,7.0346,97.8976,,,,,,0,6.1936,6.259,5.1217,0,0,0,9293,0,0,0,0,396,20,0,0,0.2087
steered,down,10,steered,1,1,0,0,0,1,1,,400,44,0,578,237.74,0,99.92,1.084,0.71,0.16,0.0,0.0,0.0,0.0,0.0,0.0,0.0,0.0,0.0,0.0125,0.01,0.0025,0.0,0.0,0.0,0.0,0.0,0.0,0.0,0.0,0.0,0.0,0.0175,5,54,308,31,2,0,0,0,0,1031,61,0,0,0,0,0,0,0,0,0,378,0,0,0,0,0,0,0,0,0,0,0,0,0,0,0,0,0,0,0,0,0,0,0,44.7,0,0,,0,0,0,5.153,5.903,94.306,,,,,,0,5.591,,5.591,0,0,0,378,0,0,0,0,0,0,0,0,0.0
steered,down,10,all,24,24,0,0,0,1,1,,400,54.2083,0.0417,673.9583,296.6896,5.25,99.8692,0.703,0.7998,0.0492,0.0032,0.0018,0.0,0.0001,0.0001,0.0,0.0,0.0,0.0055,0.012,0.0004,0.004,0.0,0.0,0.0018,0.0,0.0002,0.0001,0.0,0.0052,0.0005,0.0,0.0059,0.2917,19.625,310.4167,41.2083,6.875,6.4167,0,0,15.1667,1128.125,134.4583,0,0,0,0,0,0,0,0,0,402.9583,0,0.375,0,2.2083,0.8333,3,0,12,5.5417,0,0.7083,0,0,0,0,0,0.2083,2.0833,0.2917,0.2917,0,0,0,106.575,1.25,16.5,,0,0,0,5.9873,6.9874,97.7479,,,,,,0,6.1685,6.259,5.1421,0,0,0,9671,0,0,0,0,396,20,0,0,0.2107
steered,down,2,citizen,23,23,1,1,0,1,0.9565,26,383.6957,40.913,0.4348,691.913,302.8796,7.6522,97.9113,0.556,0.8247,0.0467,0.0086,0.0054,0.0,0.0001,0.0024,0.0,0.0,0.0,0.0,0.0105,0.0,0.0004,0.0,0.0,0.0,0.0,0.0,0.0,0.0,0.0064,0.001,0.0,0.0,0.0435,15.3913,319.7391,39.3043,0.4783,6.8696,0,0,1.8696,1135.3913,125.6522,0.0435,0.0435,0,0,0,0,0,0,0,385.2174,0,0.6957,0,0,4.6087,4.6087,0,18.4348,6.1739,0,0,0,0,0,0,0,0.3913,2.5652,0,0,0,0,0,94.8609,0.087,17.2174,,0.0435,0,0,6.452,7.3966,96.6316,,,,,,0,6.4779,6.5517,5.1222,1,0,0,8860,0,0,0,0,396,106,0,0,0.1145
steered,down,2,steered,1,1,0,0,0,1,1,,400,6,0,656,289.34,20,99.4,0.744,0.7375,0.175,0.0,0.0,0.0,0.0,0.0,0.0,0.0,0.0,0.0,0.0075,0.0,0.0025,0.0,0.0,0.0,0.0,0.0,0.0,0.0,0.0,0.0,0.0,0.025,1,58,335,4,2,0,0,0,0,1157,4,0,0,0,0,0,0,0,0,0,377,0,0,0,0,0,0,0,0,0,0,0,0,0,0,0,0,0,0,0,0,0,0,0,52.1,0,0,,0,0,0,5.097,5.944,94.528,,,,,,0,5.955,,5.955,0,0,0,377,0,0,0,0,0,0,0,0,0.0
steered,down,2,all,24,24,1,1,0,1,0.9583,26,384.375,39.4583,0.4167,690.4167,302.3154,8.1667,97.9733,0.5638,0.821,0.0521,0.0082,0.0052,0.0,0.0001,0.0023,0.0,0.0,0.0,0.0,0.0104,0.0,0.0005,0.0,0.0,0.0,0.0,0.0,0.0,0.0,0.0061,0.0009,0.0,0.001,0.0833,17.1667,320.375,37.8333,0.5417,6.5833,0,0,1.7917,1136.2917,120.5833,0.0417,0.0417,0,0,0,0,0,0,0,384.875,0,0.6667,0,0,4.4167,4.4167,0,17.6667,5.9167,0,0,0,0,0,0,0,0.375,2.4583,0,0,0,0,0,93.0792,0.0833,16.5,,0.0417,0,0,6.3955,7.3361,96.544,,,,,,0,6.4561,6.5517,5.1569,1,0,0,9237,0,0,0,0,396,106,0,0,0.1159
steered,down,3,citizen,23,23,0,0,0,1,1,,400,19.1739,0,706.5217,325.6091,14,99.8461,0.369,0.8563,0.0359,0.0012,0.0002,0.0,0.0001,0.0,0.0,0.0,0.0,0.0,0.0036,0.0,0.0033,0.0,0.0,0.0029,0.0,0.0,0.0002,0.0,0.0025,0.0003,0.0,0.0002,0,10.6522,362.8696,4.9565,3.6087,1.1304,0,0,16.7826,1348.087,7.2174,0.2174,0.2174,0,0,0,0,0,0,0,399.7826,0,0.4783,0,0,1,1.6522,0,6.6087,0.6087,0,1.1739,0,0,0,0,0,0.1304,1,2.913,2.913,0,0,0,75.3217,0.087,17.2174,,0.2174,0,0,7.1763,8.3572,98.6587,,,,,,0,7.1423,7.2205,5.3109,5,0,0,9195,0,0,0,0,396,23,0,0,0.0573
steered,down,3,steered,1,1,0,0,0,1,1,,400,8,0,549,250.9,20,100,0.773,0.7425,0.145,0.0,0.0,0.0,0.0,0.0,0.0,0.0,0.0,0.0,0.005,0.0,0.0025,0.0,0.0,0.0025,0.0,0.0,0.0,0.0,0.0,0.0,0.0,0.0275,0,50,337,4,9,0,0,0,0,1165,4,0,0,0,0,0,0,0,0,0,379,0,0,0,0,0,0,0,0,0,0,1,0,0,0,0,0,0,0,0,0,0,0,0,36.8,0,0,,0,0,0,5.342,6.356,94.589,,,,,,0,6.306,,6.306,0,0,0,379,0,0,0,0,0,0,0,0,0.0
steered,down,3,all,24,24,0,0,0,1,1,,400,18.7083,0,699.9583,322.4962,14.25,99.8525,0.3859,0.8516,0.0404,0.0011,0.0002,0.0,0.0001,0.0,0.0,0.0,0.0,0.0,0.0036,0.0,0.0032,0.0,0.0,0.0029,0.0,0.0,0.0002,0.0,0.0024,0.0003,0.0,0.0014,0,12.2917,361.7917,4.9167,3.8333,1.0833,0,0,16.0833,1340.4583,7.0833,0.2083,0.2083,0,0,0,0,0,0,0,398.9167,0,0.4583,0,0,0.9583,1.5833,0,6.3333,0.5833,0,1.1667,0,0,0,0,0,0.125,0.9583,2.7917,2.7917,0,0,0,73.7167,0.0833,16.5,,0.2083,0,0,7.0998,8.2738,98.4891,,,,,,0,7.1074,7.2205,5.3523,5,0,0,9574,0,0,0,0,396,23,0,0,0.0648
steered,down,4,citizen,23,23,0,0,0,1,1,,400,21.3478,0,877.6957,419.3804,13.2174,99.7978,0.3242,0.8663,0.0282,0.0014,0.0003,0.0,0.0,0.0,0.0,0.0,0.0,0.0,0.0034,0.0,0.0015,0.0,0.0,0.0013,0.0,0.0,0.0004,0.0,0.0037,0.0002,0.0,0.0003,0.087,8.8261,365.3913,4.3913,3.2174,1.3043,0,0,16.7826,1354.5217,5.1304,0,0,0,0,0,0,0,0,0,399.6087,0,0.4783,0,0,1.3043,1.9565,0,7.8261,1.0435,0,0.5217,0,0,0,0,0,0.087,1.4783,32.1739,30.6522,0,0,0,74.6391,0,17.2174,,0,0,0,6.924,8.1745,98.6899,,,,,,0,6.8627,6.9397,5.116,0,0,0,9191,0,0,0,0,396,30,0,0,0.0581
steered,down,4,steered,1,1,0,0,0,1,1,,400,6,0,724,336.85,20,100,0.75,0.76,0.125,0.0,0.0,0.0,0.0,0.0,0.0,0.0,0.0,0.0,0.01,0.0,0.0025,0.0,0.0,0.0,0.0,0.0,0.0,0.0,0.0,0.0,0.0,0.0225,1,49,340,5,5,0,0,0,0,1193,4,0,0,0,0,0,0,0,0,0,387,0,0,0,0,0,0,0,0,0,0,0,0,0,0,0,0,0,0,0,35,0,0,0,39.1,0,0,,0,0,0,5.101,6.177,94.443,,,,,,0,6.247,,6.247,0,0,0,387,0,0,0,0,0,0,0,0,0.0
steered,down,4,all,24,24,0,0,0,1,1,,400,20.7083,0,871.2917,415.9417,13.5,99.8063,0.342,0.8619,0.0322,0.0014,0.0003,0.0,0.0,0.0,0.0,0.0,0.0,0.0,0.0036,0.0,0.0016,0.0,0.0,0.0013,0.0,0.0,0.0004,0.0,0.0035,0.0002,0.0,0.0013,0.125,10.5,364.3333,4.4167,3.2917,1.25,0,0,16.0833,1347.7917,5.0833,0,0,0,0,0,0,0,0,0,399.0833,0,0.4583,0,0,1.25,1.875,0,7.5,1,0,0.5,0,0,0,0,0,0.0833,1.4167,30.8333,30.8333,0,0,0,73.1583,0,16.5,,0,0,0,6.8481,8.0913,98.513,,,,,,0,6.837,6.9397,5.1631,0,0,0,9578,0,0,0,0,396,30,0,0,0.0636
steered,down,5,citizen,23,23,0,0,0,1,1,,400,17.087,0,818.3913,380.1765,18.9565,99.97,0.2427,0.8614,0.0162,0.0002,0.0001,0.0,0.0001,0.0001,0.0,0.0,0.0,0.0002,0.0054,0.0,0.001,0.0,0.0,0.0158,0.0,0.0,0.0001,0.0,0.0026,0.0005,0.0,0.0048,0.087,7.3043,372.1739,4.3043,0.913,0.3043,0,0,14.913,1340.6087,5.7391,0.0435,0.0435,0.0435,0,0,0,0,0,0,400.2174,0,0.6087,0,0.087,0.3478,0.3478,0,1.3913,0.3478,0,6.3043,0.1304,0,0,0,0,0.2174,1.0435,0.2609,0.2609,0.0435,0,0,74.2261,0.1739,17.2174,,0.0435,0,0,7.3278,8.5254,98.7587,,,,,,0,7.237,7.3465,5.3123,1,0,0,9205,0,0,0,0,396,8,0,0,0.096
steered,down,5,steered,1,1,0,0,0,1,1,,400,1,0,598,258.23,20,100,0.627,0.725,0.145,0.0,0.0,0.0,0.0,0.0,0.0,0.0,0.0,0.0,0.005,0.0,0.0,0.0,0.0,0.0175,0.0,0.0,0.0,0.0,0.0,0.0,0.0,0.0225,1,52,345,2,0,0,0,0,0,1121,2,0,0,0,0,0,0,0,0,0,369,0,0,0,0,0,0,0,0,0,0,7,0,0,0,0,0,0,0,0,0,0,0,0,42.8,0,0,,0,0,0,5.33,6.543,94.574,,,,,,0,5.947,,5.947,0,0,0,369,0,0,0,0,0,0,0,0,0.0
steered,down,5,all,24,24,0,0,0,1,1,,400,16.4167,0,809.2083,375.0954,19,99.9712,0.2587,0.8557,0.0216,0.0002,0.0001,0.0,0.0001,0.0001,0.0,0.0,0.0,0.0002,0.0054,0.0,0.0009,0.0,0.0,0.0158,0.0,0.0,0.0001,0.0,0.0025,0.0005,0.0,0.0055,0.125,9.1667,371.0417,4.2083,0.875,0.2917,0,0,14.2917,1331.4583,5.5833,0.0417,0.0417,0.0417,0,0,0,0,0,0,398.9167,0,0.5833,0,0.0833,0.3333,0.3333,0,1.3333,0.3333,0,6.3333,0.125,0,0,0,0,0.2083,1,0.25,0.25,0.0417,0,0,72.9167,0.1667,16.5,,0.0417,0,0,7.2445,8.4428,98.5844,,,,,,0,7.1833,7.3465,5.3387,1,0,0,9574,0,0,0,0,396,8,0,0,0.1034
steered,down,6,citizen,23,23,0,0,0,1,1,,400,19.4783,0,848.2174,398.4496,14.3478,99.9426,0.2756,0.9014,0.0235,0.0011,0.0001,0.0,0.0001,0.0,0.0,0.0,0.0,0.0,0.0034,0.0,0.0016,0.0,0.0,0.0,0.0,0.0001,0.0,0.0,0.0025,0.0003,0.0,0.0,0.0435,7.1739,369.3043,19.1739,2.4348,1.0435,0,0,0.8261,1352.4348,63.7826,0,0,0,0,0,0,0,0,0,394.0435,0,0.087,0,0,1.5217,1.5217,0,6.087,0.4348,0,0,0,0,0,0,0,0.1304,1,0.0435,0.0435,0.0435,0,0,81.3739,0.087,17.2174,,0,0,0,7.0436,8.3316,98.6718,,,,,,0,6.9922,7.0616,5.2161,0,0,0,9063,0,0,0,0,396,35,0,0,0.0553
steered,down,6,steered,1,1,0,0,0,1,1,,400,3,0,659,295.59,25,100,0.724,0.77,0.115,0.0025,0.0075,0.0,0.0,0.0,0.0,0.0,0.0,0.0,0.005,0.0025,0.0,0.0,0.0,0.0,0.0,0.0,0.0,0.0,0.0,0.0,0.0,0.015,1,36,348,7,0,8,0,0,0,1177,10,0,0,0,0,0,0,0,0,0,368,0,0,0,0,3,3,0,12,17,0,0,0,0,0,0,0,0,0,0,0,0,0,0,42.9,0,0,,0,0,0,5.292,6.444,94.778,,,,,,0,6.037,,6.037,0,0,0,368,0,0,0,0,0,3,0,0,0.0
steered,down,6,all,24,24,0,0,0,1,1,,400,18.7917,0,840.3333,394.1637,14.7917,99.945,0.2943,0.8959,0.0273,0.0011,0.0004,0.0,0.0001,0.0,0.0,0.0,0.0,0.0,0.0034,0.0001,0.0016,0.0,0.0,0.0,0.0,0.0001,0.0,0.0,0.0024,0.0003,0.0,0.0006,0.0833,8.375,368.4167,18.6667,2.3333,1.3333,0,0,0.7917,1345.125,61.5417,0,0,0,0,0,0,0,0,0,392.9583,0,0.0833,0,0,1.5833,1.5833,0,6.3333,1.125,0,0,0,0,0,0,0,0.125,0.9583,0.0417,0.0417,0.0417,0,0,79.7708,0.0833,16.5,,0,0,0,6.9706,8.253,98.5095,,,,,,0,6.9524,7.0616,5.2534,0,0,0,9431,0,0,0,0,396,38,0,0,0.063
steered,down,7,citizen,23,23,0,0,0,1,1,,400,69.1304,0.0435,422.8261,206.6422,82.4348,99.7113,1.1888,0.6989,0.0632,0.0051,0.0072,0.0,0.0002,0.0008,0.0,0.0,0.0,0.0158,0.021,0.0,0.0377,0.0,0.0,0.0053,0.0,0.0,0.0,0.0,0.0051,0.0009,0.0,0.003,0.0435,27.913,241.6087,78.8261,23.6957,8.3478,0,0,19.5652,827.9565,304.6957,0,0,0,0,0,0,0,0,0,408.1739,0,0.2609,0,6.3478,4.2174,6.0435,0,24.1739,86.6087,0,2.1304,0.0435,0,0,0,0,0.3478,2.0435,15.7391,15.7391,5.7391,0,0,99.0609,1.6957,17.2174,,0,0,0,5.3793,6.2304,97.3576,,,,,,0,5.459,5.4924,4.9658,0,0,0,9388,0,0,0,0,396,97,0,0,0.4215
steered,down,7,steered,1,1,0,0,0,1,1,,400,2,0,444,184.64,20,100,1.135,0.6175,0.2,0.0,0.0,0.0,0.0,0.0,0.0,0.0,0.0,0.0025,0.025,0.0025,0.0025,0.0,0.0,0.0,0.0,0.0,0.0,0.0,0.0,0.0025,0.0,0.0475,1,82,294,13,4,0,0,0,6,925,30,0,0,0,0,0,0,0,0,0,386,0,0,0,0,0,0,0,0,0,0,0,0,0,0,0,0,1,0,0,0,0,0,0,48.8,1,0,,0,0,0,4.846,5.423,94.218,,,,,,0,5.431,,5.431,0,0,0,386,0,0,0,0,0,0,0,0,0.0
steered,down,7,all,24,24,0,0,0,1,1,,400,66.3333,0.0417,423.7083,205.7254,79.8333,99.7233,1.1866,0.6955,0.0689,0.0049,0.0069,0.0,0.0002,0.0007,0.0,0.0,0.0,0.0152,0.0211,0.0001,0.0362,0.0,0.0,0.0051,0.0,0.0,0.0,0.0,0.0049,0.0009,0.0,0.0049,0.0833,30.1667,243.7917,76.0833,22.875,8,0,0,19,832,293.25,0,0,0,0,0,0,0,0,0,407.25,0,0.25,0,6.0833,4.0417,5.7917,0,23.1667,83,0,2.0417,0.0417,0,0,0,0,0.375,1.9583,15.0833,15.0833,5.5,0,0,96.9667,1.6667,16.5,,0,0,0,5.3571,6.1967,97.2267,,,,,,0,5.4578,5.4924,4.9869,0,0,0,9774,0,0,0,0,396,97,0,0,0.4145
steered,down,8,citizen,24,23,3,3,0,0.9583,0.875,28.6667,353.4167,4.5833,0.75,896.5,416.5267,12.375,96.4871,0.4734,0.81,0.0659,0.0142,0.0062,0.0,0.0007,0.0,0.0,0.0,0.0,0.0,0.0193,0.0033,0.0032,0.0,0.0,0.0,0.0,0.0,0.0,0.0,0.0055,0.0,0.0,0.0,0.3333,8.9167,335.5833,4.7917,1.7083,2.0833,0,0,0,1235.4583,6.9583,0.9583,0.9583,0.75,0,0,0,0,0,0,353.9583,0,0.4167,0,0,1.8333,2.0417,0,8.1667,1.4167,0,0,0,0.0417,0,0,0,0,0.9583,0,0,0,0,0,87.2208,0.5833,15.7083,,0.9583,0,0,7.1142,7.8927,94.0924,,,,,,0,6.9807,7.0525,5.631,23,0,0,8495,1,0,0,0,377,44,0,0,0.011
steered,down,8,steered,1,1,0,0,0,1,1,,400,6,0,763,332.9,20,99.4,0.798,0.75,0.13,0.0,0.0,0.0,0.0,0.0,0.0,0.0,0.0,0.0,0.0025,0.0075,0.0,0.0,0.0,0.0,0.0025,0.0,0.0,0.0,0.0,0.0025,0.0,0.0125,4,37,343,6,0,0,0,0,10,1149,8,0,0,0,0,0,0,0,0,0,389,0,0,0,0,0,0,0,0,0,0,0,0,1,1,0,0,1,0,0,0,0,0,0,40.1,0,0,,0,0,0,5.667,6.301,94.204,,,,,,0,6.964,,6.964,0,0,0,389,1,1,0,0,0,0,0,0,0.0
steered,down,8,all,25,24,3,3,0,0.96,0.88,28.6667,355.28,4.64,0.72,891.16,413.1816,12.68,96.6036,0.4864,0.8076,0.0685,0.0137,0.0059,0.0,0.0007,0.0,0.0,0.0,0.0,0.0,0.0186,0.0035,0.0031,0.0,0.0,0.0,0.0001,0.0,0.0,0.0,0.0053,0.0001,0.0,0.0005,0.48,10.04,335.88,4.84,1.64,2,0,0,0.4,1232,7,0.92,0.92,0.72,0,0,0,0,0,0,355.36,0,0.4,0,0,1.76,1.96,0,7.84,1.36,0,0,0,0.08,0.04,0,0,0.04,0.92,0,0,0,0,0,85.336,0.56,15.08,,0.92,0,0,7.0563,7.829,94.0968,,,,,,0,6.98,7.0525,5.6915,23,0,0,8884,2,1,0,0,377,44,0,0,0.0214
steered,down,9,citizen,23,23,0,0,0,1,1,,400,18.7826,0,804.1304,379.1091,18.5217,99.8609,0.232,0.9172,0.02,0.0011,0.0007,0.0,0.0,0.0,0.0,0.0,0.0,0.0,0.0023,0.0,0.0009,0.0,0.0,0.0,0.0,0.0003,0.0,0.0,0.0022,0.0005,0.0,0.0,0.087,5.9565,372.1304,17.3043,1.8261,1.4783,0,0,1.2174,1379.913,57.3478,0,0,0,0,0,0,0,0,0,398.7826,0,0.3478,0,0,1.087,1.4783,0,5.913,4.4348,0,0,0,0,0,0,0,0.2174,0.8696,0,0,0,0,0,79.6696,0,17.2174,,0,0,0,7.2739,8.4274,98.6533,,,,,,0,7.2213,7.3048,5.524,0,0,0,9172,0,0,0,0,396,25,0,0,0.0575
steered,down,9,steered,1,1,0,0,0,1,1,,400,4,0,717,332.5,23,100,0.506,0.8375,0.095,0.0025,0.005,0.0,0.0,0.0,0.0,0.0,0.0,0.0,0.005,0.0,0.0,0.0,0.0,0.0,0.0,0.0,0.0,0.0,0.0,0.0,0.0,0.0075,0,26,366,4,0,4,0,0,0,1297,4,0,0,0,0,0,0,0,0,0,369,0,0,0,0,1,1,0,4,7,0,0,0,0,0,0,0,0,0,0,0,0,0,0,54.4,0,0,,0,0,0,5.489,6.5,94.466,,,,,,0,6.972,,6.972,0,0,0,369,0,0,0,0,0,1,0,0,0.0
steered,down,9,all,24,24,0,0,0,1,1,,400,18.1667,0,800.5,377.1671,18.7083,99.8667,0.2434,0.9139,0.0231,0.0011,0.0008,0.0,0.0,0.0,0.0,0.0,0.0,0.0,0.0024,0.0,0.0008,0.0,0.0,0.0,0.0,0.0003,0.0,0.0,0.0021,0.0005,0.0,0.0003,0.0833,6.7917,371.875,16.75,1.75,1.5833,0,0,1.1667,1376.4583,55.125,0,0,0,0,0,0,0,0,0,397.5417,0,0.3333,0,0,1.0833,1.4583,0,5.8333,4.5417,0,0,0,0,0,0,0,0.2083,0.8333,0,0,0,0,0,78.6167,0,16.5,,0,0,0,7.1995,8.3471,98.4788,,,,,,0,7.211,7.3048,5.5843,0,0,0,9541,0,0,0,0,396,26,0,0,0.0605
steered,off,1,citizen,23,23,1,1,0,1,0.9565,29,383.8261,21.3913,1,851.3043,392.5309,13.6087,98.6904,0.418,0.8269,0.0399,0.0046,0.0041,0.0,0.0,0.0,0.0,0.0,0.0,0.0,0.0073,0.0,0.0025,0.0,0.0,0.0104,0.0,0.0002,0.0,0.0,0.0026,0.0004,0.0,0.0012,0.1739,7.3913,348,6.1304,2.7826,3.1739,0,0,16.1739,1278.7391,9.9565,0,0,0,0,0,0,0,0,0,384.087,0,0.1739,0,0,2.1739,2.3913,0,9.5652,3.0435,0,4.1739,0,0,0,0,0,0.1739,1.0435,0.4348,0.4348,0,0,0,91.7696,0,16.3478,,0,0,0,7.1233,8.012,97.2732,,,,,,0,7.1391,7.1405,5,0,0,0,8834,0,0,0,0,376,50,0,0,0.0799
steered,off,1,steered,1,1,1,1,0,1,0,27,26,13,3,0,2.12,0,80.38,2.102,0.1923,0.3077,0.0385,0.0769,0.0,0.0,0.0,0.0,0.0,0.0,0.0,0.0769,0.0,0.0385,0.0,0.0,0.0,0.0,0.0,0.0,0.0,0.0,0.0,0.0,0.0,1,6,0,6,4,9,0,0,0,0,10,0,0,0,0,0,0,0,0,0,28,0,3,0,0,5,5,0,20,3,0,0,0,0,0,0,0,0,0,0,0,0,0,0,129.9,0,0,,0,0,0,5,4,95,,,,,,0,5,,5,0,0,0,28,0,0,0,0,0,5,0,0,0.0
steered,off,1,all,24,24,2,2,0,1,0.9167,28,368.9167,21.0417,1.0833,815.8333,376.2638,13.0417,97.9275,0.4882,0.8005,0.051,0.006,0.0071,0.0,0.0,0.0,0.0,0.0,0.0,0.0,0.0102,0.0,0.004,0.0,0.0,0.01,0.0,0.0002,0.0,0.0,0.0025,0.0004,0.0,0.0011,0.2083,7.3333,333.5,6.125,2.8333,3.4167,0,0,15.5,1225.4583,9.9583,0,0,0,0,0,0,0,0,0,369.25,0,0.2917,0,0,2.2917,2.5,0,10,3.0417,0,4,0,0,0,0,0,0.1667,1,0.4167,0.4167,0,0,0,93.3583,0,15.6667,,0,0,0,7.0348,7.8449,97.1785,,,,,,0,7.05,7.1405,5,0,0,0,8862,0,0,0,0,376,55,0,0,0.0799
steered,off,10,citizen,23,23,0,0,0,1,1,,400,19.087,0,722.8696,335.6148,12.7391,99.8448,0.2806,0.8725,0.0233,0.0012,0.0001,0.0,0.0,0.0001,0.0,0.0,0.0,0.0,0.0033,0.0,0.0017,0.0,0.0,0.0022,0.0,0.0,0.0,0.0,0.0026,0.0004,0.0,0.0001,0,7.6957,369.6957,2.5652,2.6522,1.6087,0,0,15.7826,1368.9565,3.3913,0,0,0,0,0,0,0,0,0,400.0435,0,0.4783,0,0,0.4783,1.8696,0,7.4783,0.2174,0,0.8696,0,0,0,0,0,0.1739,1.0435,0,0,0,0,0,75.8261,0,17.2174,,0,0,0,7.3957,8.5195,98.8324,,,,,,0,7.3874,7.3843,7.4909,0,0,0,9201,0,0,0,0,396,11,0,0,0.0518
steered,off,10,steered,1,1,0,0,0,1,1,,400,1,0,726,325.74,20,100,0.303,0.895,0.035,0.0,0.0,0.0,0.0,0.0,0.0,0.0,0.0,0.0,0.0025,0.0,0.0,0.0,0.0,0.0025,0.0,0.0,0.0,0.0,0.0,0.0,0.0,0.0,0,12,383,0,2,3,0,0,0,1397,0,0,0,0,0,0,0,0,0,0,400,0,0,0,0,0,0,0,0,0,0,1,0,0,0,0,0,0,0,0,0,0,0,0,73.5,0,0,,0,0,0,7.434,8.461,98.513,,,,,,0,7.057,,7.057,0,0,0,400,0,0,0,0,0,0,0,0,0.0
steered,off,10,all,24,24,0,0,0,1,1,,400,18.3333,0,723,335.2033,13.0417,99.8512,0.2815,0.8734,0.0238,0.0011,0.0001,0.0,0.0,0.0001,0.0,0.0,0.0,0.0,0.0032,0.0,0.0017,0.0,0.0,0.0022,0.0,0.0,0.0,0.0,0.0025,0.0004,0.0,0.0001,0,7.875,370.25,2.4583,2.625,1.6667,0,0,15.125,1370.125,3.25,0,0,0,0,0,0,0,0,0,400.0417,0,0.4583,0,0,0.4583,1.7917,0,7.1667,0.2083,0,0.875,0,0,0,0,0,0.1667,1,0,0,0,0,0,75.7292,0,16.5,,0,0,0,7.3973,8.5171,98.8191,,,,,,0,7.3737,7.3843,7.472,0,0,0,9601,0,0,0,0,396,11,0,0,0.0508
steered,off,2,citizen,23,23,0,0,0,1,1,,400,19,0,834.9565,392.8287,21.8696,99.9687,0.3472,0.8827,0.0339,0.0015,0.001,0.0,0.0,0.0,0.0,0.0,0.0,0.0,0.0025,0.0008,0.0029,0.0,0.0,0.0,0.0,0.0,0.0,0.0,0.0022,0.0002,0.0,0.0001,0.6522,9,366.087,17.9565,4.2174,1.8696,0,0,0.2174,1340.1739,55.7826,0,0,0,0,0,0,0,0,0,395.7826,0,0.2609,0,0,0.3913,1.3913,0,5.5652,7.4348,0,0,0,0,0,0,0,0.087,0.8696,0,0,0,0,0,77.2391,0,17.2174,,0,0,0,6.9427,8.2759,98.7366,,,,,,0,6.964,6.9554,7.2456,0,0,0,9103,0,0,0,0,396,9,0,0,0.0556
steered,off,2,steered,1,1,0,0,0,1,1,,400,0,0,822,375.76,20,100,0.294,0.865,0.035,0.0,0.0,0.0,0.0,0.0,0.0,0.0,0.0,0.0,0.005,0.0,0.0,0.0,0.0,0.0,0.0,0.0,0.0,0.0,0.0,0.0,0.0,0.0,0,10,384,2,4,0,0,0,0,1345,2,0,0,0,0,0,0,0,0,0,398,0,0,0,0,0,0,0,0,0,0,0,0,0,0,0,0,0,0,0,0,0,0,0,76.6,0,0,,0,0,0,7.187,8.347,98.84,,,,,,0,6.727,,6.727,0,0,0,398,0,0,0,0,0,0,0,0,0.0
steered,off,2,all,24,24,0,0,0,1,1,,400,18.2083,0,834.4167,392.1175,21.7917,99.97,0.345,0.882,0.034,0.0015,0.0009,0.0,0.0,0.0,0.0,0.0,0.0,0.0,0.0026,0.0007,0.0028,0.0,0.0,0.0,0.0,0.0,0.0,0.0,0.0021,0.0002,0.0,0.0001,0.625,9.0417,366.8333,17.2917,4.2083,1.7917,0,0,0.2083,1340.375,53.5417,0,0,0,0,0,0,0,0,0,395.875,0,0.25,0,0,0.375,1.3333,0,5.3333,7.125,0,0,0,0,0,0,0,0.0833,0.8333,0,0,0,0,0,77.2125,0,16.5,,0,0,0,6.9528,8.2789,98.7409,,,,,,0,6.9541,6.9554,7.224,0,0,0,9501,0,0,0,0,396,9,0,0,0.0552
steered,off,3,citizen,23,23,3,3,0,1,0.8696,28.3333,351.3913,7.5652,0.5652,857.3913,399.3613,13.7391,96.1278,0.5319,0.8112,0.0678,0.0086,0.0048,0.0,0.0016,0.0,0.0,0.0,0.0,0.0,0.017,0.0071,0.0005,0.0,0.0,0.0,0.0,0.0,0.0,0.0001,0.0029,0.0003,0.0,0.0,1.6522,9.4348,330.3478,7.3478,0.3913,1.6957,0,0,0.5217,1191.1739,10.8261,0,0,0,0,0,0,0,0,0,352.3043,0,0.3913,0,0,1.7826,1.7826,0,7.1304,0.913,0,0,0,0,0,0,0,0.1304,1.1739,0,0,0,0,0,74.8174,0.087,17.2174,,0,0,0,7.2466,8.0033,96.5831,,,,,,0,7.199,7.21,7.1467,0,0,0,8103,0,0,0,0,396,41,0,0,0.0128
steered,off,3,steered,1,1,0,0,0,1,1,,400,3,0,1002,466.33,0,99.85,0.344,0.8875,0.035,0.0025,0.0,0.0,0.0,0.0,0.0,0.0,0.0,0.0,0.0,0.0,0.0025,0.0,0.0,0.0,0.0,0.0,0.0,0.0,0.0,0.0,0.0,0.0,0,8,382,6,2,2,0,0,0,1385,10,0,0,0,0,0,0,0,0,0,398,0,0,0,0,5,5,0,20,0,0,0,0,0,0,0,0,0,0,0,0,0,0,0,68.8,0,0,,0,0,0,7.38,8.304,98.663,,,,,,0,7.275,,7.275,0,0,0,398,0,0,0,0,0,5,0,0,0.0
steered,off,3,all,24,24,3,3,0,1,0.875,28.3333,353.4167,7.375,0.5417,863.4167,402.1517,13.1667,96.2829,0.524,0.8144,0.0665,0.0084,0.0046,0.0,0.0015,0.0,0.0,0.0,0.0,0.0,0.0163,0.0068,0.0006,0.0,0.0,0.0,0.0,0.0,0.0,0.0001,0.0028,0.0003,0.0,0.0,1.5833,9.375,332.5,7.2917,0.4583,1.7083,0,0,0.5,1199.25,10.7917,0,0,0,0,0,0,0,0,0,354.2083,0,0.375,0,0,1.9167,1.9167,0,7.6667,0.875,0,0,0,0,0,0,0,0.125,1.125,0,0,0,0,0,74.5667,0.0833,16.5,,0,0,0,7.2521,8.0158,96.6698,,,,,,0,7.2022,7.21,7.152,0,0,0,8501,0,0,0,0,396,46,0,0,0.0126
steered,off,4,citizen,23,23,0,0,0,1,1,,400,20.5652,0,713.2174,336.0817,12.8261,99.6587,0.3089,0.8717,0.0224,0.002,0.0003,0.0,0.0,0.0002,0.0,0.0,0.0,0.0,0.0038,0.0,0.0023,0.0,0.0,0.0104,0.0,0.0,0.0,0.0,0.0029,0.0002,0.0,0.0018,0.0435,7.087,368.5217,4.8696,2.6087,1.6957,0,0,15.1739,1363.7391,9.8696,0,0,0,0,0,0,0,0,0,400.1739,0,0.1739,0,0,1.6522,2,0,8,0.8261,0,4.1739,0,0,0,0,0,0.087,1.1739,0,0,0,0,0,72.8913,0,17.2174,,0,0,0,7.0853,8.296,98.4941,,,,,,0,7.0832,7.081,7.1243,0,0,0,9204,0,0,0,0,396,38,0,0,0.0851
steered,off,4,steered,1,1,0,0,0,1,1,,400,3,0,778,366.99,20,100,0.254,0.9275,0.02,0.0,0.0,0.0,0.0,0.0,0.0,0.0,0.0,0.0,0.0025,0.0,0.0025,0.0,0.0,0.0,0.0,0.0,0.0,0.0,0.0,0.0,0.0,0.0,0,6,387,5,2,0,0,0,0,1457,6,0,0,0,0,0,0,0,0,0,401,0,0,0,0,0,0,0,0,0,0,0,0,0,0,0,0,0,0,0,0,0,0,0,72.8,0,0,,0,0,0,7.122,8.378,98.556,,,,,,0,7.148,,7.148,0,0,0,401,0,0,0,0,0,0,0,0,0.0
steered,off,4,all,24,24,0,0,0,1,1,,400,19.8333,0,715.9167,337.3696,13.125,99.6729,0.3066,0.8741,0.0223,0.0019,0.0003,0.0,0.0,0.0002,0.0,0.0,0.0,0.0,0.0037,0.0,0.0023,0.0,0.0,0.01,0.0,0.0,0.0,0.0,0.0028,0.0002,0.0,0.0018,0.0417,7.0417,369.2917,4.875,2.5833,1.625,0,0,14.5417,1367.625,9.7083,0,0,0,0,0,0,0,0,0,400.2083,0,0.1667,0,0,1.5833,1.9167,0,7.6667,0.7917,0,4,0,0,0,0,0,0.0833,1.125,0,0,0,0,0,72.8875,0,16.5,,0,0,0,7.0868,8.2994,98.4967,,,,,,0,7.0859,7.081,7.1253,0,0,0,9605,0,0,0,0,396,38,0,0,0.0818
steered,off,5,citizen,23,23,0,0,0,1,1,,400,4.3913,0,886.5652,411.1426,17.4783,99.9304,0.332,0.9018,0.0259,0.0004,0.0001,0.0,0.0,0.0,0.0,0.0,0.0,0.0,0.0037,0.0001,0.0024,0.0,0.0,0.0,0.0,0.0,0.0001,0.0,0.0026,0.0004,0.0,0.0,0.1304,8.3478,381.8696,5.4783,2.5217,0.4783,0,0,1.1739,1412.913,7.4783,0,0,0,0,0,0,0,0,0,400.087,0,0.3043,0,0,0.8696,0.8696,0,3.4783,0.9565,0,0,0,0,0,0,0,0.1739,1.0435,0.3043,0.3043,0.1739,0,0,84.7391,0,17.2174,,0,0,0,6.8963,8.1571,98.5014,,,,,,0,6.8873,6.8976,6.6263,0,0,0,9202,0,0,0,0,396,20,0,0,0.0165
steered,off,5,steered,1,1,0,0,0,1,1,,400,7,0,891,418.18,20,99.81,0.317,0.905,0.02,0.0,0.0,0.0,0.0,0.0,0.0,0.0,0.0,0.0,0.0025,0.0,0.0025,0.0,0.0,0.0,0.0,0.0,0.0,0.0,0.0,0.0,0.0,0.0,0,7,383,7,3,0,0,0,0,1417,8,0,0,0,0,0,0,0,0,0,399,0,1,0,0,0,0,0,0,0,0,0,0,0,0,0,0,0,0,0,0,0,0,0,84.7,0,0,,0,0,0,6.676,8.149,98.757,,,,,,0,6.732,,6.732,0,0,0,399,0,0,0,0,0,0,0,0,0.0
steered,off,5,all,24,24,0,0,0,1,1,,400,4.5,0,886.75,411.4358,17.5833,99.9254,0.3314,0.902,0.0256,0.0004,0.0001,0.0,0.0,0.0,0.0,0.0,0.0,0.0,0.0036,0.0001,0.0024,0.0,0.0,0.0,0.0,0.0,0.0001,0.0,0.0025,0.0004,0.0,0.0,0.125,8.2917,381.9167,5.5417,2.5417,0.4583,0,0,1.125,1413.0833,7.5,0,0,0,0,0,0,0,0,0,400.0417,0,0.3333,0,0,0.8333,0.8333,0,3.3333,0.9167,0,0,0,0,0,0,0,0.1667,1,0.2917,0.2917,0.1667,0,0,84.7375,0,16.5,,0,0,0,6.8871,8.1568,98.512,,,,,,0,6.8809,6.8976,6.6307,0,0,0,9601,0,0,0,0,396,20,0,0,0.016
steered,off,6,citizen,23,23,0,0,0,1,1,,400,4.3043,0,862.7826,401.4235,15.913,99.8252,0.3742,0.881,0.038,0.0011,0.0003,0.0,0.0,0.0,0.0,0.0,0.0,0.0,0.0029,0.0,0.003,0.0,0.0,0.0,0.0,0.0,0.0,0.0,0.003,0.0002,0.0,0.0,0.0435,11.913,378.6522,5.0435,3.087,0.8696,0,0,0.3913,1385.9565,6.5217,0,0,0,0,0,0,0,0,0,399.6522,0,0.4783,0,0,1.1304,1.1739,0,4.6957,0.6087,0,0,0,0,0,0,0,0.087,1.2174,0,0,0,0,0,78.5174,0,17.2174,,0,0,0,6.942,8.3016,98.6087,,,,,,0,6.9736,6.9656,7.0197,0,0,0,9192,0,0,0,0,396,26,0,0,0.0176
steered,off,6,steered,1,1,0,0,0,1,1,,400,3,0,846,391.1,20,100,0.341,0.88,0.03,0.0,0.0,0.0,0.0,0.0,0.0,0.0,0.0,0.0,0.0025,0.0,0.0,0.0,0.0,0.0,0.0,0.0,0.0,0.0,0.0,0.0,0.0,0.0025,0,9,381,2,8,0,0,0,0,1369,2,0,0,0,0,0,0,0,0,0,397,0,1,0,0,0,0,0,0,0,0,0,0,0,0,0,0,0,0,0,0,0,0,0,78.0,0,0,,0,0,0,7.192,8.26,98.74,,,,,,0,6.648,,6.648,0,0,0,397,0,0,0,0,0,0,0,0,0.0
steered,off,6,all,24,24,0,0,0,1,1,,400,4.25,0,862.0833,400.9933,16.0833,99.8325,0.3728,0.8809,0.0377,0.001,0.0003,0.0,0.0,0.0,0.0,0.0,0.0,0.0,0.0029,0.0,0.0029,0.0,0.0,0.0,0.0,0.0,0.0,0.0,0.0029,0.0002,0.0,0.0001,0.0417,11.7917,378.75,4.9167,3.2917,0.8333,0,0,0.375,1385.25,6.3333,0,0,0,0,0,0,0,0,0,399.5417,0,0.5,0,0,1.0833,1.125,0,4.5,0.5833,0,0,0,0,0,0,0,0.0833,1.1667,0,0,0,0,0,78.4958,0,16.5,,0,0,0,6.9524,8.2999,98.6142,,,,,,0,6.96,6.9656,7.0035,0,0,0,9589,0,0,0,0,396,26,0,0,0.0174
steered,off,7,citizen,23,23,0,0,0,1,1,,400,29.1739,0,747.5217,335.3117,33.5217,99.7257,0.5417,0.8367,0.0357,0.0029,0.007,0.0,0.0008,0.0002,0.0,0.0,0.0,0.0,0.0112,0.0,0.0023,0.0,0.0,0.0011,0.0,0.0,0.0,0.0,0.0029,0.0007,0.0,0.0,0.0435,14.3913,343.5652,25.6957,1.913,10.2609,0,0,4.1304,1230.1739,81.9565,0.3478,0.3478,0.0435,0,0,0,0,0,0,400.5652,0,2.8261,0,0,3.1304,3.5652,0,14.2609,27.7826,0,0.4348,0.0435,0,0,0,0,0.2609,1.1739,0.1304,0.087,0,0,0,91.213,0.4783,5.2174,,0.3478,0,0,6.6303,7.7316,97.9206,,,,,,0,6.6776,6.679,5.7214,8,0,0,9213,0,0,0,0,120,72,0,0,0.1069
steered,off,7,steered,1,1,0,0,0,1,1,,400,12,0,718,337.54,12,98.76,0.56,0.7575,0.045,0.005,0.0,0.0,0.0,0.0,0.0,0.0,0.0,0.0,0.0125,0.0,0.0075,0.0,0.0,0.0,0.0,0.0,0.0,0.0,0.035,0.0,0.0,0.0,0,16,368,6,4,3,0,0,3,1217,10,0,0,0,0,0,0,0,0,0,402,0,2,0,0,2,2,0,8,0,0,0,0,0,0,0,0,0,14,0,1,0,0,0,102.9,1,276,,0,0,0,5.766,7.61,97.065,,,,,,0,7.213,,7.213,0,0,0,402,0,0,0,0,276,2,0,0,0.0
steered,off,7,all,24,24,0,0,0,1,1,,400,28.4583,0,746.2917,335.4046,32.625,99.6854,0.5424,0.8334,0.036,0.003,0.0067,0.0,0.0007,0.0002,0.0,0.0,0.0,0.0,0.0112,0.0,0.0025,0.0,0.0,0.001,0.0,0.0,0.0,0.0,0.0043,0.0006,0.0,0.0,0.0417,14.4583,344.5833,24.875,2,9.9583,0,0,4.0833,1229.625,78.9583,0.3333,0.3333,0.0417,0,0,0,0,0,0,400.625,0,2.7917,0,0,3.0833,3.5,0,14,26.625,0,0.4167,0.0417,0,0,0,0,0.25,1.7083,0.125,0.125,0,0,0,91.7,0.5,16.5,,0.3333,0,0,6.5942,7.7265,97.885,,,,,,0,6.6999,6.679,5.8871,8,0,0,9615,0,0,0,0,396,74,0,0,0.1066
steered,off,8,citizen,23,23,0,0,0,1,1,,400,72.087,0,647.5652,292.2439,7.5217,99.8757,0.4163,0.8027,0.0272,0.0005,0.0003,0.0,0.0,0.0004,0.0,0.0,0.0,0.0095,0.0116,0.0003,0.0027,0.0,0.0,0.0013,0.0,0.0001,0.0005,0.0,0.0039,0.0009,0.0,0.0045,0.3043,13.3478,305.1739,49,3.5652,1,0,0,27.6087,1078.9565,177.5217,0,0,0,0,0,0,0,0,0,405.2174,0,0.4348,0,3.8261,0.5652,0.8696,0,3.4783,0.5652,0,0.5217,0.0435,0,0,0,0,0.3478,1.5652,0.5217,0.3043,0.1739,0,0,100.0304,0.5652,17.2174,,0,0,0,5.8744,6.4592,97.5847,,,,,,0,6.0198,6.0359,5.4988,0,0,0,9320,0,0,0,0,396,13,0,0,0.2435
steered,off,8,steered,1,1,0,0,0,1,1,,400,3,0,441,170.08,49,99.85,0.588,0.8025,0.04,0.0025,0.0,0.0,0.0,0.0,0.0,0.0,0.0,0.0025,0.025,0.0,0.0,0.0,0.0,0.02,0.0,0.0,0.0025,0.0,0.0025,0.0,0.0,0.01,0,25,362,5,0,2,0,0,6,1237,6,0,0,0,0,0,0,0,0,0,405,0,0,0,0,5,5,0,20,0,0,8,0,0,0,0,0,0,1,0,5,0,0,0,106.8,1,0,,0,0,0,4.747,6.482,97.205,,,,,,0,6.866,,6.866,0,0,0,405,0,0,0,0,0,5,0,0,0.0
steered,off,8,all,24,24,0,0,0,1,1,,400,69.2083,0,638.9583,287.1538,9.25,99.8746,0.4235,0.8027,0.0277,0.0006,0.0003,0.0,0.0,0.0004,0.0,0.0,0.0,0.0092,0.0122,0.0003,0.0026,0.0,0.0,0.0021,0.0,0.0001,0.0006,0.0,0.0039,0.0008,0.0,0.0047,0.2917,13.8333,307.5417,47.1667,3.4167,1.0417,0,0,26.7083,1085.5417,170.375,0,0,0,0,0,0,0,0,0,405.2083,0,0.4167,0,3.6667,0.75,1.0417,0,4.1667,0.5417,0,0.8333,0.0417,0,0,0,0,0.3333,1.5417,0.5,0.5,0.1667,0,0,100.3125,0.5833,16.5,,0,0,0,5.8275,6.4602,97.5688,,,,,,0,6.0551,6.0359,5.604,0,0,0,9725,0,0,0,0,396,18,0,0,0.2515
steered,off,9,citizen,23,23,0,0,0,1,1,,400,43.3913,0,740.1304,343.0078,20.6957,99.9109,0.3922,0.8764,0.0359,0.0025,0.0015,0.0,0.0001,0.0002,0.0,0.0,0.0,0.0001,0.0055,0.0,0.0032,0.0,0.0,0.0077,0.0,0.0,0.0,0.0,0.0017,0.0003,0.0,0.0005,0.0435,11.3913,335.6087,45.1739,4.087,2.7826,0,0,0.913,1217.6087,170.0435,0,0,0,0,0,0,0,0,0,399.7391,0,0.1304,0,0.3043,1.3913,1.6087,0,6.4348,7.1304,0,3.087,0,0,0,0,0,0.1304,0.6957,0.2174,0.6522,0,0,0,77.2,0.2609,8.6957,,0,0,0,6.8062,7.8891,98.2832,,,,,,0,6.903,6.9568,5.8294,0,0,0,9194,0,0,0,0,200,32,0,0,0.1582
steered,off,9,steered,1,1,0,0,0,1,1,,400,299,0,0,5.48,20,99.06,1.582,0.075,0.09,0.0,0.0,0.0,0.0,0.0,0.0,0.0,0.0,0.0175,0.0225,0.0,0.0,0.0,0.0,0.0075,0.0,0.0025,0.0,0.0,0.025,0.005,0.0,0.0175,0,38,38,0,79,2,0,0,243,85,0,0,0,0,0,0,0,0,0,0,406,0,1,0,1,0,0,0,0,0,0,3,2,0,0,0,0,2,10,11,1,1,0,0,93.9,4,196,,0,0,0,5.931,7.736,97.805,,,,,,0,6.14,,6.14,0,0,0,406,0,0,0,0,196,0,0,0,0.0
steered,off,9,all,24,24,0,0,0,1,1,,400,54.0417,0,709.2917,328.9442,20.6667,99.8754,0.4417,0.843,0.0381,0.0024,0.0015,0.0,0.0001,0.0002,0.0,0.0,0.0,0.0008,0.0063,0.0,0.003,0.0,0.0,0.0077,0.0,0.0001,0.0,0.0,0.0027,0.0005,0.0,0.0013,0.0417,12.5,323.2083,43.2917,7.2083,2.75,0,0,11,1170.4167,162.9583,0,0,0,0,0,0,0,0,0,400,0,0.1667,0,0.3333,1.3333,1.5417,0,6.1667,6.8333,0,3.0833,0.0833,0,0,0,0,0.2083,1.0833,0.6667,0.6667,0.0417,0,0,77.8958,0.4167,16.5,,0,0,0,6.7698,7.8827,98.2633,,,,,,0,6.8712,6.9568,5.8576,0,0,0,9600,0,0,0,0,396,32,0,0,0.1932
steered,rand,1,citizen,23,23,0,0,0,1,1,,400,1.8261,0,890.3043,419.9674,19.3913,99.9491,0.1708,0.9118,0.0133,0.0001,0.0001,0.0,0.0,0.0,0.0,0.0,0.0,0.0003,0.0029,0.0,0.0003,0.0,0.0,0.0,0.0,0.0,0.0001,0.0,0.0025,0.0003,0.0,0.0,0.087,4.6522,391.0435,2.8696,0.8696,0.1739,0,0,0.3043,1419.9565,3.3043,0,0,0,0,0,0,0,0,0,400.0435,0,0.3043,0,0.1304,0.2174,0.2174,0,0.8696,0.2609,0,0,0,0,0,0,0,0.1304,1,0,0,0,0,0,85.7957,0.087,17.2174,,0,0,0,7.4408,8.5591,98.5899,,,,,,0,7.4466,7.4663,7.1093,0,0,0,9201,0,0,0,0,396,5,0,0,0.0124
steered,rand,1,steered,1,1,0,0,0,1,1,,400,0,0,984,473.06,20,100,0.064,0.975,0.01,0.0,0.0,0.0,0.0,0.0,0.0,0.0,0.0,0.0,0.0,0.0,0.0,0.0,0.0,0.0,0.0,0.0,0.0,0.0,0.0,0.0,0.0,0.0,0,3,397,0,0,0,0,0,0,1525,0,0,0,0,0,0,0,0,0,0,256,0,0,0,0,0,0,0,0,0,0,0,0,0,0,0,0,0,0,0,0,0,0,0,72.6,0,0,,0,0,0,7.081,8.351,96.041,,,,,,0,7.09,,7.09,0,0,0,256,0,0,0,0,0,0,0,0,0.0
steered,rand,1,all,24,24,0,0,0,1,1,,400,1.75,0,894.2083,422.1796,19.4167,99.9513,0.1663,0.9145,0.0131,0.0001,0.0001,0.0,0.0,0.0,0.0,0.0,0.0,0.0003,0.0028,0.0,0.0003,0.0,0.0,0.0,0.0,0.0,0.0001,0.0,0.0024,0.0003,0.0,0.0,0.0833,4.5833,391.2917,2.75,0.8333,0.1667,0,0,0.2917,1424.3333,3.1667,0,0,0,0,0,0,0,0,0,394.0417,0,0.2917,0,0.125,0.2083,0.2083,0,0.8333,0.25,0,0,0,0,0,0,0,0.125,0.9583,0,0,0,0,0,85.2458,0.0833,16.5,,0,0,0,7.4258,8.5505,98.4837,,,,,,0,7.4318,7.4663,7.1085,0,0,0,9457,0,0,0,0,396,5,0,0,0.0155
steered,rand,10,citizen,23,23,1,1,0,1,0.9565,183,390.5217,0.9565,0.1304,884.2609,423.2674,16.6087,99.8791,0.2151,0.8919,0.0173,0.0005,0.0002,0.0,0.0,0.0,0.0,0.0,0.0,0.0,0.0035,0.0,0.0,0.0,0.0,0.0,0.0,0.0,0.0,0.0,0.0055,0.0001,0.0,0.0003,0.0435,6.3478,375.9565,1.3913,0,0.5217,0,0,6.2609,1377,2.1739,0,0,0,0,0,0,0,0,0,390.6087,0,0.3913,0,0,0.8696,0.8696,0,3.4783,0.9565,0,0,0,0,0,0,0,0.0435,1.8261,20.6522,19.3478,0,0,0,82.4913,0,17.1304,,0,0,0,7.2903,8.0233,98.1884,,,,,,0,7.2936,7.317,6.9558,0,0,0,8984,0,0,0,0,394,20,0,0,0.0146
steered,rand,10,steered,1,1,0,0,0,1,1,,400,2,0,989,471.5,20,99.96,0.191,0.9675,0.01,0.0,0.0,0.0,0.0,0.0,0.0,0.0,0.0,0.0,0.0025,0.0,0.0,0.0,0.0,0.0,0.0,0.0,0.0,0.0,0.0,0.0,0.0,0.0,0,3,390,7,0,0,0,0,0,1493,10,0,0,0,0,0,0,0,0,0,278,0,4,0,0,0,0,0,0,0,0,0,0,0,0,0,0,0,0,0,30,0,0,0,73.0,0,0,,0,0,0,6.841,7.432,95.307,,,,,,0,7.244,,7.244,0,0,0,278,0,0,0,0,0,0,0,0,0.0
steered,rand,10,all,24,24,1,1,0,1,0.9583,183,390.9167,1,0.125,888.625,425.2771,16.75,99.8825,0.2141,0.895,0.017,0.0005,0.0002,0.0,0.0,0.0,0.0,0.0,0.0,0.0,0.0035,0.0,0.0,0.0,0.0,0.0,0.0,0.0,0.0,0.0,0.0053,0.0001,0.0,0.0003,0.0417,6.2083,376.5417,1.625,0,0.5,0,0,6,1381.8333,2.5,0,0,0,0,0,0,0,0,0,385.9167,0,0.5417,0,0,0.8333,0.8333,0,3.3333,0.9167,0,0,0,0,0,0,0,0.0417,1.75,19.7917,19.7917,0,0,0,82.0958,0,16.4167,,0,0,0,7.2716,7.9987,98.0683,,,,,,0,7.2915,7.317,6.9678,0,0,0,9262,0,0,0,0,394,20,0,0,0.0162
steered,rand,2,citizen,23,23,0,0,0,1,1,,400,41.6087,0,631.3478,273.4413,16.913,99.9852,0.6036,0.7685,0.0404,0.0025,0.0028,0.0,0.0001,0.0014,0.0,0.0,0.0008,0.0016,0.0103,0.0,0.0026,0.0,0.0,0.0103,0.0,0.0001,0.0002,0.0,0.0067,0.0008,0.0,0.0025,0.087,17,334.5652,6.913,3.6087,14.2174,0,0,23.6087,1180.2174,24.7391,0,0,0,0,0,0,0,0,0,399.5217,0.0435,0.3043,0,0.6522,1.4783,5.3043,0,21.2174,18.1304,0,4.1304,0.1739,0,0,0.3043,0.1304,0.3043,2.6957,3.2174,3.2174,1,0,0,76.8391,0.6087,17.2174,,0,0,0,5.9173,7.1437,98.1173,,,,,,0,6.3459,6.3603,5.2832,0,0,0,9189,0,0,0,0,396,34,0,0,0.1552
steered,rand,2,steered,1,1,0,0,0,1,1,,400,0,0,725,304.11,1,100,0.268,0.915,0.02,0.005,0.005,0.0,0.0,0.0,0.0,0.0,0.0,0.0,0.0025,0.0,0.0,0.0,0.0,0.0025,0.0,0.0,0.0,0.0,0.0,0.0,0.0,0.0025,0,8,385,0,0,7,0,0,0,1429,0,0,0,0,0,0,0,0,0,0,344,0,2,0,0,0,30,0,120,101,0,1,0,0,0,0,0,0,0,0,0,0,0,0,68.4,0,0,,0,0,0,5.278,6.931,95,,,,,,0,6.062,,6.062,0,0,0,344,0,0,0,0,0,0,0,0,0.0
steered,rand,2,all,24,24,0,0,0,1,1,,400,39.875,0,635.25,274.7192,16.25,99.9858,0.5896,0.7746,0.0396,0.0026,0.0029,0.0,0.0001,0.0014,0.0,0.0,0.0007,0.0016,0.01,0.0,0.0025,0.0,0.0,0.01,0.0,0.0001,0.0002,0.0,0.0065,0.0007,0.0,0.0025,0.0833,16.625,336.6667,6.625,3.4583,13.9167,0,0,22.625,1190.5833,23.7083,0,0,0,0,0,0,0,0,0,397.2083,0.0417,0.375,0,0.625,1.4167,6.3333,0,25.3333,21.5833,0,4,0.1667,0,0,0.2917,0.125,0.2917,2.5833,3.0833,3.0833,0.9583,0,0,76.4875,0.5833,16.5,,0,0,0,5.8907,7.1348,97.9875,,,,,,0,6.3341,6.3603,5.3698,0,0,0,9533,0,0,0,0,396,34,0,0,0.1497
steered,rand,3,citizen,23,23,0,0,0,1,1,,400,21.7391,0,730.1304,339.0904,18.2609,99.7461,0.3047,0.8752,0.0263,0.0002,0.0,0.0,0.0,0.0001,0.0,0.0,0.0,0.0001,0.003,0.0,0.0021,0.0,0.0,0.0024,0.0,0.0001,0.0,0.0,0.0022,0.0003,0.0,0.0,0.087,8.087,368.3913,6.0435,2.0435,0.2174,0,0,15.1304,1366.6087,9.0435,0,0,0,0,0,0,0,0,0,400.3043,0,0.3913,0,0.0435,0.2174,0.4348,0,1.7391,0,0,0.9565,0,0,0,0,0,0.1304,0.8696,9.4783,9.0435,0.3478,0,0,80.8522,0.087,17.2174,,0,0,0,7.164,8.4018,98.7903,,,,,,0,7.1565,7.1874,6.558,0,0,0,9207,0,0,0,0,396,5,0,0,0.0524
steered,rand,3,steered,1,1,0,0,0,1,1,,400,5,0,801,372.52,20,99.4,0.296,0.955,0.03,0.0,0.0,0.0,0.0,0.0,0.0,0.0,0.0,0.0,0.0,0.0,0.0,0.0,0.0,0.0,0.0,0.0,0.0,0.0,0.0,0.0,0.0,0.0,0,8,383,9,0,0,0,0,0,1469,12,0,0,0,0,0,0,0,0,0,169,0,0,0,0,0,0,0,0,0,0,0,0,0,0,0,0,0,0,0,10,0,0,0,68.3,0,0,,0,0,0,6.556,8.198,95.914,,,,,,0,6.689,,6.689,0,0,0,169,0,0,0,0,0,0,0,0,0.0
steered,rand,3,all,24,24,0,0,0,1,1,,400,21.0417,0,733.0833,340.4833,18.3333,99.7317,0.3043,0.8785,0.0265,0.0002,0.0,0.0,0.0,0.0001,0.0,0.0,0.0,0.0001,0.0029,0.0,0.002,0.0,0.0,0.0023,0.0,0.0001,0.0,0.0,0.0021,0.0003,0.0,0.0,0.0833,8.0833,369,6.1667,1.9583,0.2083,0,0,14.5,1370.875,9.1667,0,0,0,0,0,0,0,0,0,390.6667,0,0.375,0,0.0417,0.2083,0.4167,0,1.6667,0,0,0.9167,0,0,0,0,0,0.125,0.8333,9.0833,9.0833,0.3333,0,0,80.3292,0.0833,16.5,,0,0,0,7.1387,8.3933,98.6705,,,,,,0,7.137,7.1874,6.5635,0,0,0,9376,0,0,0,0,396,5,0,0,0.0518
steered,rand,4,citizen,23,23,0,0,0,1,1,,400,11.8261,0,799.1739,344.0939,17.3913,99.813,0.502,0.8451,0.036,0.0064,0.0063,0.0,0.0,0.0001,0.0,0.0,0.0003,0.0002,0.0083,0.0,0.0015,0.0,0.0,0.0001,0.0,0.0,0.0,0.0,0.0047,0.0007,0.0,0.0004,0.0435,13.087,366.9565,2.8696,1.9565,10.6957,0,0.4348,3.9565,1321.3478,4,0,0,0,0,0,0,0,0,0,400.2609,0,0.2609,0,0.087,3.2609,4.7826,0,19.1304,16.5217,0,0.0435,0,0,0,0.1304,0.0435,0.2609,1.8696,1.8261,1.8261,1.6087,0,0,89.3739,0.1739,16.8261,,0,0,0,6.6523,7.5664,98.274,,,,,,0,6.6626,6.6734,6.4095,0,0,0,9206,0,0,0,0,387,75,0,0,0.0496
steered,rand,4,steered,1,1,0,0,0,1,1,,400,0,0,967,462.78,20,100,0.109,0.965,0.01,0.0,0.0,0.0,0.0,0.0,0.0,0.0,0.0,0.0,0.0025,0.0,0.0,0.0,0.0,0.0,0.0,0.0,0.0,0.0,0.0,0.0,0.0,0.0,0,3,395,2,0,0,0,0,0,1505,2,0,0,0,0,0,0,0,0,0,247,0,0,0,0,0,0,0,0,0,0,0,0,0,0,0,0,0,0,0,0,0,0,0,85.7,0,0,,0,0,0,6.441,7.559,95.5,,,,,,0,6.392,,6.392,0,0,0,247,0,0,0,0,0,0,0,0,0.0
steered,rand,4,all,24,24,0,0,0,1,1,,400,11.3333,0,806.1667,349.0392,17.5,99.8208,0.4857,0.8501,0.0349,0.0061,0.006,0.0,0.0,0.0001,0.0,0.0,0.0003,0.0002,0.008,0.0,0.0015,0.0,0.0,0.0001,0.0,0.0,0.0,0.0,0.0045,0.0006,0.0,0.0004,0.0417,12.6667,368.125,2.8333,1.875,10.25,0,0.4167,3.7917,1329,3.9167,0,0,0,0,0,0,0,0,0,393.875,0,0.25,0,0.0833,3.125,4.5833,0,18.3333,15.8333,0,0.0417,0,0,0,0.125,0.0417,0.25,1.7917,1.75,1.75,1.5417,0,0,89.2208,0.1667,16.125,,0,0,0,6.6435,7.5661,98.1584,,,,,,0,6.6513,6.6734,6.4088,0,0,0,9453,0,0,0,0,387,75,0,0,0.0534
steered,rand,5,citizen,23,23,0,0,0,1,1,,400,29,0.0435,791.1739,357.8113,11.2609,99.8017,0.4493,0.8524,0.038,0.0017,0.0001,0.0,0.0,0.0,0.0,0.0,0.0,0.0,0.0095,0.0,0.0045,0.0,0.0,0.008,0.0,0.0,0.0,0.0,0.0028,0.0003,0.0,0.0014,0,14.2174,353.5652,19.7391,5.1739,1.7826,0,0,5.5217,1290.1739,68.4783,0,0,0,0,0,0,0,0,0,397.5217,0,0.4348,0,0,1.3043,2.2174,0,8.8696,0.1304,0,3.2174,0,0,0,0,0,0.1304,1.1304,0,0,0,0,0,79.6783,0,17.2174,,0,0,0,6.7348,8.0454,98.2842,,,,,,0,6.7296,6.7442,6.5062,0,0,0,9143,0,0,0,0,396,30,0,0,0.082
steered,rand,5,steered,1,1,0,0,0,1,1,,400,0,0,970,462.99,20,100,0.081,0.9675,0.01,0.0,0.0,0.0,0.0,0.0,0.0,0.0,0.0,0.0,0.005,0.0,0.0,0.0,0.0,0.0025,0.0,0.0,0.0,0.0,0.0,0.0,0.0,0.0025,0,4,396,0,0,0,0,0,0,1513,0,0,0,0,0,0,0,0,0,0,315,0,2,0,0,0,0,0,0,0,0,1,0,0,0,0,0,0,0,0,0,0,0,0,76.6,0,0,,0,0,0,6.378,7.905,95.568,,,,,,0,6.423,,6.423,0,0,0,315,0,0,0,0,0,0,0,0,0.0
steered,rand,5,all,24,24,0,0,0,1,1,,400,27.7917,0.0417,798.625,362.1938,11.625,99.81,0.4339,0.8572,0.0369,0.0017,0.0001,0.0,0.0,0.0,0.0,0.0,0.0,0.0,0.0093,0.0,0.0043,0.0,0.0,0.0078,0.0,0.0,0.0,0.0,0.0027,0.0003,0.0,0.0015,0,13.7917,355.3333,18.9167,4.9583,1.7083,0,0,5.2917,1299.4583,65.625,0,0,0,0,0,0,0,0,0,394.0833,0,0.5,0,0,1.25,2.125,0,8.5,0.125,0,3.125,0,0,0,0,0,0.125,1.0833,0,0,0,0,0,79.55,0,16.5,,0,0,0,6.72,8.0396,98.171,,,,,,0,6.7168,6.7442,6.5027,0,0,0,9458,0,0,0,0,396,30,0,0,0.0836
steered,rand,6,citizen,23,23,0,0,0,1,1,,400,19.6087,0.087,830.0435,389.8274,16.6957,99.7235,0.2793,0.8572,0.0248,0.0013,0.0001,0.0,0.0001,0.0,0.0,0.0,0.0,0.0,0.003,0.0,0.002,0.0,0.0,0.0049,0.0,0.0,0.0002,0.0,0.0024,0.0002,0.0,0.0009,0.1304,7.5652,368.6957,4.4783,1.7391,0.913,0,0,16.4783,1340.7826,6.6087,0,0,0,0,0,0,0,0,0,399.9565,0,0.6522,0,0,0.913,0.913,0,3.6522,0.3478,0,1.9565,0,0,0,0,0,0.087,0.9565,0.2609,0.2609,0.2609,0,0,77.4391,0.087,17.2174,,0,0,0,6.9547,8.2166,98.7716,,,,,,0,6.9745,6.9863,6.8308,0,0,0,9199,0,0,0,0,396,21,0,0,0.0571
steered,rand,6,steered,1,1,0,0,0,1,1,,400,0,0,948,451.01,20,100,0.253,0.945,0.03,0.0,0.0,0.0,0.0,0.0,0.0,0.0,0.0,0.0,0.0,0.0,0.0025,0.0,0.0,0.0,0.0,0.0,0.0,0.0,0.0,0.0,0.0,0.0,0,7,387,4,2,0,0,0,0,1485,6,0,0,0,0,0,0,0,0,0,249,0,0,0,0,0,0,0,0,0,0,0,0,0,0,0,0,0,0,0,0,0,0,0,74.9,0,0,,0,0,0,6.747,7.947,95.707,,,,,,0,6.64,,6.64,0,0,0,249,0,0,0,0,0,0,0,0,0.0
steered,rand,6,all,24,24,0,0,0,1,1,,400,18.7917,0.0833,834.9583,392.3767,16.8333,99.735,0.2782,0.8608,0.025,0.0013,0.0001,0.0,0.0001,0.0,0.0,0.0,0.0,0.0,0.0029,0.0,0.002,0.0,0.0,0.0047,0.0,0.0,0.0002,0.0,0.0023,0.0002,0.0,0.0008,0.125,7.5417,369.4583,4.4583,1.75,0.875,0,0,15.7917,1346.7917,6.5833,0,0,0,0,0,0,0,0,0,393.6667,0,0.625,0,0,0.875,0.875,0,3.5,0.3333,0,1.875,0,0,0,0,0,0.0833,0.9167,0.25,0.25,0.25,0,0,77.3333,0.0833,16.5,,0,0,0,6.946,8.2053,98.6439,,,,,,0,6.9605,6.9863,6.8228,0,0,0,9448,0,0,0,0,396,21,0,0,0.0577
steered,rand,7,citizen,23,23,2,2,0,1,0.913,32,367.913,16.087,0.2609,766.9565,354.0457,15,98.35,0.533,0.8074,0.061,0.0033,0.0029,0.0,0.0,0.0001,0.0,0.0,0.0,0.0005,0.0093,0.0037,0.0036,0.0,0.0,0.0026,0.0,0.0,0.0001,0.0,0.0025,0.0014,0.0,0.0007,0.3478,8.6522,335.9565,5.8696,3.4783,1.087,0,0,12.5217,1234.913,9.6522,0,0,0,0,0,0,0,0,0,368.2174,0,0.6522,0,0.3043,1.087,1.3043,0,5.2174,0.2174,0,1.0435,0,0,0,0,0,0.1304,1,0.6957,0.6957,0.4783,0,0,81.7696,0.3478,17.2174,,0,0,0,7.1367,8.1908,96.8451,,,,,,0,7.1423,7.16,5.6705,0,0,0,8469,0,0,0,0,396,25,0,0,0.0559
steered,rand,7,steered,1,1,0,0,0,1,1,,400,0,0,923,421.04,20,100,0.313,0.9425,0.025,0.0,0.0,0.0,0.0,0.0,0.0,0.0,0.0,0.0075,0.0025,0.0,0.0,0.0,0.0,0.0,0.0,0.0,0.0,0.0,0.0,0.0,0.0,0.0,0,7,383,8,2,0,0,0,0,1457,8,0,0,0,0,0,0,0,0,0,268,0,1,0,1,0,0,0,0,0,0,0,0,0,0,0,0,0,0,0,0,0,0,0,77.4,2,0,,0,0,0,7.062,8.086,94.926,,,,,,0,6.807,,6.807,0,0,0,268,0,0,0,0,0,0,0,0,0.0
steered,rand,7,all,24,24,2,2,0,1,0.9167,32,369.25,15.4167,0.25,773.4583,356.8371,15.2083,98.4188,0.5238,0.8131,0.0595,0.0032,0.0028,0.0,0.0,0.0001,0.0,0.0,0.0,0.0008,0.009,0.0035,0.0034,0.0,0.0,0.0025,0.0,0.0,0.0001,0.0,0.0024,0.0013,0.0,0.0006,0.3333,8.5833,337.9167,5.9583,3.4167,1.0417,0,0,12,1244.1667,9.5833,0,0,0,0,0,0,0,0,0,364.0417,0,0.6667,0,0.3333,1.0417,1.25,0,5,0.2083,0,1,0,0,0,0,0,0.125,0.9583,0.6667,0.6667,0.4583,0,0,81.5875,0.4167,16.5,,0,0,0,7.1335,8.1864,96.7652,,,,,,0,7.1283,7.16,5.7738,0,0,0,8737,0,0,0,0,396,25,0,0,0.055
steered,rand,8,citizen,23,23,0,0,0,1,1,,400,94.6522,0.1739,335.8696,176.3691,18.087,99.7548,1.2365,0.6505,0.0598,0.033,0.0132,0.0,0.0003,0.0,0.0,0.0,0.0,0.0025,0.0172,0.0004,0.0163,0.0,0.0,0.011,0.0,0.0,0.0001,0.0,0.0029,0.0007,0.0,0.0018,0.3478,23.0435,226.6522,62.2174,17.6957,49.8696,0,0,20.1739,817.7826,222.2174,2.1739,2.1739,0,0,0,0,0,0,0,401.4348,0.1739,0.3043,0,1,23.5217,27.6087,0,110.4348,108.5217,0,4.3913,0.1304,0,0,0,0,0.2609,1.1739,0.2174,0.2174,0.087,0,0,95.6957,1.1304,17.2174,,2.1739,0,0,5.5018,6.3003,97.0361,,,,,,0,5.5645,5.565,5.4651,50,0,0,9233,0,0,0,0,396,541,0,0,0.4883
steered,rand,8,steered,1,1,0,0,0,1,1,,400,0,0,917,455.37,20,100,0.045,0.9525,0.01,0.0,0.0,0.0,0.0,0.0,0.0,0.0,0.0,0.0,0.0,0.0,0.0,0.0,0.0,0.0025,0.0,0.0,0.0,0.0,0.0,0.0,0.0,0.0,0,2,398,0,0,0,0,0,0,1489,0,0,0,0,0,0,0,0,0,0,289,0,0,0,0,0,0,0,0,0,0,1,0,0,0,0,0,0,0,0,0,0,0,0,81.6,0,0,,0,0,0,5.494,5.92,95.207,,,,,,0,5.7,,5.7,0,0,0,289,0,0,0,0,0,0,0,0,0.0
steered,rand,8,all,24,24,0,0,0,1,1,,400,90.7083,0.1667,360.0833,187.9942,18.1667,99.765,1.1868,0.6631,0.0577,0.0317,0.0126,0.0,0.0003,0.0,0.0,0.0,0.0,0.0024,0.0165,0.0004,0.0156,0.0,0.0,0.0106,0.0,0.0,0.0001,0.0,0.0028,0.0006,0.0,0.0018,0.3333,22.1667,233.7917,59.625,16.9583,47.7917,0,0,19.3333,845.75,212.9583,2.0833,2.0833,0,0,0,0,0,0,0,396.75,0.1667,0.2917,0,0.9583,22.5417,26.4583,0,105.8333,104,0,4.25,0.125,0,0,0,0,0.25,1.125,0.2083,0.2083,0.0833,0,0,95.1083,1.0833,16.5,,2.0833,0,0,5.5015,6.2845,96.9599,,,,,,0,5.5702,5.565,5.4758,50,0,0,9522,0,0,0,0,396,541,0,0,0.4827
steered,rand,9,citizen,23,23,0,0,0,1,1,,400,3.3913,0,882.1739,409.9126,17.4348,99.8104,0.3136,0.9004,0.0264,0.0008,0.0001,0.0,0.0,0.0,0.0,0.0,0.0,0.0,0.0058,0.0,0.002,0.0,0.0,0.0,0.0,0.0,0.0,0.0,0.0026,0.0003,0.0,0.0,0.0435,9.913,382.7826,4.5652,1.6522,0.6087,0,0,0.4348,1407.9565,6.9565,0,0,0,0,0,0,0,0,0,401.1739,0,0.4348,0,0,0.6957,0.6957,0,2.7826,0.2174,0,0,0,0,0,0,0,0.1304,1.0435,0,0,0,0,0,85.0783,0,17.2174,,0,0,0,7.4029,8.4297,98.8089,,,,,,0,7.3981,7.4195,6.8977,0,0,0,9227,0,0,0,0,396,16,0,0,0.01
steered,rand,9,steered,1,1,0,0,0,1,1,,400,0,0,931,428.92,20,100,0.334,0.9525,0.025,0.0,0.0,0.0,0.0,0.0,0.0,0.0,0.0,0.0,0.0025,0.0,0.0,0.0,0.0,0.0,0.0,0.0,0.0,0.0,0.0,0.0025,0.0,0.0,0,7,382,7,0,0,0,0,4,1465,12,0,0,0,0,0,0,0,0,0,185,0,1,0,0,0,0,0,0,0,0,0,0,0,0,0,0,1,0,0,0,0,0,0,80.3,0,0,,0,0,0,6.943,8.136,96.227,,,,,,0,6.901,,6.901,0,0,0,185,0,0,0,0,0,0,0,0,0.0
steered,rand,9,all,24,24,0,0,0,1,1,,400,3.25,0,884.2083,410.7046,17.5417,99.8183,0.3145,0.9026,0.0264,0.0007,0.0001,0.0,0.0,0.0,0.0,0.0,0.0,0.0,0.0056,0.0,0.0019,0.0,0.0,0.0,0.0,0.0,0.0,0.0,0.0025,0.0004,0.0,0.0,0.0417,9.7917,382.75,4.6667,1.5833,0.5833,0,0,0.5833,1410.3333,7.1667,0,0,0,0,0,0,0,0,0,392.1667,0,0.4583,0,0,0.6667,0.6667,0,2.6667,0.2083,0,0,0,0,0,0,0,0.1667,1,0,0,0,0,0,84.8792,0,16.5,,0,0,0,7.3838,8.4174,98.7013,,,,,,0,7.3774,7.4195,6.8978,0,0,0,9412,0,0,0,0,396,16,0,0,0.0113
steered,up,1,citizen,23,23,0,0,0,1,1,,400,20.5217,0,835.2174,395.3335,19.1304,99.9191,0.1851,0.8707,0.0126,0.0004,0.0001,0.0,0.0,0.0,0.0,0.0,0.0,0.0,0.0023,0.0,0.0001,0.0,0.0,0.0139,0.0,0.0003,0.0001,0.0,0.0024,0.0003,0.0,0.0046,0.1304,5.1739,374.5652,2.8696,0.2174,0.3043,0,0,16.7391,1351.3043,4.1739,0,0,0,0,0,0,0,0,0,399.6522,0,0.8261,0,0,0.3043,0.3043,0,1.2174,0.3478,0,5.5652,0,0,0,0,0,0.1304,0.9565,0,0,0,0,0,74.2609,0,17.2174,,0,0,0,7.8936,8.4283,98.7577,,,,,,0,7.9864,7.902,10,0,0,0,9192,0,0,0,0,396,7,0,0,0.091
steered,up,1,steered,1,1,0,0,0,1,1,,400,4,0,936,434.19,20,99.66,0.234,0.9525,0.01,0.0,0.0,0.0,0.0,0.0,0.0,0.0,0.0,0.0,0.0025,0.0,0.0,0.0,0.0,0.0,0.0,0.0025,0.0,0.0,0.0025,0.0,0.0,0.0,1,5,388,6,0,0,0,0,0,1469,10,0,0,0,0,0,0,0,0,0,400,0,386,0,0,0,0,0,0,0,0,0,0,0,0,0,0,0,1,0,0,0,0,0,92.0,0,0,,0,0,0,10,9.987,100,,,,,,0,7.81,,7.81,0,0,0,400,0,0,0,0,0,0,0,0,0.0
steered,up,1,all,24,24,0,0,0,1,1,,400,19.8333,0,839.4167,396.9525,19.1667,99.9083,0.1871,0.8741,0.0125,0.0004,0.0001,0.0,0.0,0.0,0.0,0.0,0.0,0.0,0.0023,0.0,0.0001,0.0,0.0,0.0133,0.0,0.0004,0.0001,0.0,0.0024,0.0003,0.0,0.0044,0.1667,5.1667,375.125,3,0.2083,0.2917,0,0,16.0417,1356.2083,4.4167,0,0,0,0,0,0,0,0,0,399.6667,0,16.875,0,0,0.2917,0.2917,0,1.1667,0.3333,0,5.3333,0,0,0,0,0,0.125,0.9583,0,0,0,0,0,75.0,0,16.5,,0,0,0,7.9814,8.4933,98.8095,,,,,,0,7.979,7.902,9.9087,0,0,0,9592,0,0,0,0,396,7,0,0,0.0879
steered,up,10,citizen,23,23,3,3,0,1,0.8696,31.6667,351.8261,23.3913,1.8261,699.3478,314.7548,12.0435,96.2804,0.6139,0.7562,0.0692,0.0191,0.0082,0.0,0.0,0.0001,0.0,0.0,0.0,0.0,0.0167,0.0,0.0036,0.0,0.0,0.0037,0.0,0.0,0.0001,0.0,0.0048,0.0001,0.0,0.0003,0,11.1739,313.1739,7.3478,0.913,5.3478,0,0,13.8696,1134.2174,12.2174,0,0,0,0,0,0,0,0,0,352.3913,0,0.4783,0,0.0435,3.087,3.3043,0,13.2174,5.7391,0,1.4783,0,0,0,0,0,0.0435,1.3043,0,0.087,0,0,0,78.0783,0.0435,15.4783,,0,0,0,7.0282,7.6439,94.3639,,,,,,0,6.9939,6.8953,9.9883,0,0,0,8105,0,0,0,0,356,71,0,0,0.0653
steered,up,10,steered,1,1,0,0,0,1,1,,400,18,10,835,370.43,31,96.4,0.387,0.88,0.02,0.0,0.0,0.0,0.0,0.0,0.0,0.0,0.0,0.0025,0.0125,0.0,0.0,0.0,0.0,0.0075,0.0,0.0025,0.0025,0.0,0.005,0.0025,0.0,0.0,1,12,377,0,0,0,0,0,10,1364,0,0,0,0,0,0,0,0,0,0,403,0,16,0,0,0,0,0,0,0,0,3,0,0,0,0,0,1,2,2,0,0,0,0,111.7,1,40,,0,0,0,9.978,9.888,99.888,,,,,,0,7.252,,7.252,0,0,0,403,0,0,0,0,40,0,0,0,0.0
steered,up,10,all,24,24,3,3,0,1,0.875,31.6667,353.8333,23.1667,2.1667,705,317.0746,12.8333,96.2854,0.6044,0.7613,0.0672,0.0183,0.0079,0.0,0.0,0.0001,0.0,0.0,0.0,0.0001,0.0165,0.0,0.0034,0.0,0.0,0.0039,0.0,0.0001,0.0002,0.0,0.0048,0.0002,0.0,0.0003,0.0417,11.2083,315.8333,7.0417,0.875,5.125,0,0,13.7083,1143.7917,11.7083,0,0,0,0,0,0,0,0,0,354.5,0,1.125,0,0.0417,2.9583,3.1667,0,12.6667,5.5,0,1.5417,0,0,0,0,0,0.0833,1.3333,0.0833,0.0833,0,0,0,79.4792,0.0833,16.5,,0,0,0,7.1511,7.7374,94.594,,,,,,0,7.0047,6.8953,9.441,0,0,0,8508,0,0,0,0,396,71,0,0,0.0627
steered,up,2,citizen,23,23,4,4,0,1,0.8261,29.25,335.3478,71.087,0.6087,463.2609,194.1996,10.6522,96.0109,0.9888,0.6192,0.0968,0.0133,0.011,0.0,0.0003,0.0001,0.0,0.0,0.0,0.0039,0.0323,0.0,0.007,0.0,0.0,0.0041,0.0,0.0001,0.0001,0.0,0.0049,0.0007,0.0,0.0004,0.087,18.7826,217.5652,37.3478,45.6522,2.2609,0,0,13.6522,797.3478,136.913,0,0,0,0,0,0,0,0,0,338.0435,0,2.5652,0,1.5652,1.8261,2.8261,0,11.3043,1.9565,0,1.6522,0.1304,0,0,0,0,0.2609,1.3913,0.8696,0.8696,0,0,0,103.2609,1.3043,17.2174,,0,0,0,6.2738,7.2841,96.1442,,,,,,0,6.5524,6.3295,9.8711,0,0,0,7775,0,0,0,0,396,42,0,0,0.3151
steered,up,2,steered,1,1,0,0,0,1,1,,400,0,0,920,444.69,20,100,0.071,0.9275,0.005,0.0,0.0,0.0,0.0,0.0,0.0,0.0,0.0,0.0,0.0,0.0,0.0,0.0,0.0,0.0,0.0,0.0025,0.0,0.0,0.0025,0.0,0.0,0.0,1,2,397,0,0,0,0,0,0,1449,0,0,0,0,0,0,0,0,0,0,399,0,369,0,0,0,0,0,0,0,0,0,0,0,0,0,0,0,1,0,0,0,0,0,111.5,0,0,,0,0,0,9.868,9.882,100,,,,,,0,6.902,,6.902,0,0,0,399,0,0,0,0,0,0,0,0,0.0
steered,up,2,all,24,24,4,4,0,1,0.8333,29.25,338.0417,68.125,0.5833,482.2917,204.6367,11.0417,96.1771,0.9506,0.632,0.093,0.0128,0.0106,0.0,0.0003,0.0001,0.0,0.0,0.0,0.0038,0.031,0.0,0.0067,0.0,0.0,0.004,0.0,0.0002,0.0001,0.0,0.0048,0.0006,0.0,0.0004,0.125,18.0833,225.0417,35.7917,43.75,2.1667,0,0,13.0833,824.5,131.2083,0,0,0,0,0,0,0,0,0,340.5833,0,17.8333,0,1.5,1.75,2.7083,0,10.8333,1.875,0,1.5833,0.125,0,0,0,0,0.25,1.375,0.8333,0.8333,0,0,0,103.6042,1.25,16.5,,0,0,0,6.4235,7.3923,96.3048,,,,,,0,6.567,6.3295,9.7226,0,0,0,8174,0,0,0,0,396,42,0,0,0.305
steered,up,3,citizen,23,23,0,0,0,1,1,,400,61.9565,0,506.8696,199.2078,84.5217,99.9509,0.7824,0.7421,0.0561,0.0033,0.0083,0.0001,0.0008,0.0005,0.0,0.0,0.0,0.0034,0.0157,0.0,0.0046,0.0,0.0,0.025,0.0,0.0,0.0001,0.0,0.0041,0.0005,0.0,0.0054,0.087,22.8261,293.087,45.7826,10,11.5217,0,0,16.6957,1032.0435,148.2609,0.5652,0.5652,0,0,0,0,0,0,0,403.1304,0,0.5217,0,1.3478,4.3043,8.087,0,32.3478,96.8696,0.4348,10,0,0,0,0,0,0.2174,1.6522,5.7826,5.7826,0,0,0,85.8391,1.913,17.2174,2,0.5652,0,0,6.4455,7.479,98.1367,,,,,,0,6.6636,6.4899,9.904,13,0,0,9272,0,0,0,0,396,99,10,0,0.2719
steered,up,3,steered,1,1,0,0,0,1,1,,400,0,0,927,443.0,20,100,0.064,0.935,0.005,0.0,0.0,0.0,0.0,0.0,0.0,0.0,0.0,0.0,0.0,0.0,0.0,0.0,0.0,0.0,0.0,0.0,0.0,0.0,0.005,0.0,0.0,0.0025,0,3,397,0,0,0,0,0,0,1461,0,0,0,0,0,0,0,0,0,0,397,0,340,0,0,0,0,0,0,0,0,0,0,0,0,0,0,0,2,0,0,0,0,0,119.5,0,0,,0,0,0,9.877,9.815,100,,,,,,0,5.214,,5.214,0,0,0,397,0,0,0,0,0,0,0,0,0.0
steered,up,3,all,24,24,0,0,0,1,1,,400,59.375,0,524.375,209.3658,81.8333,99.9529,0.7525,0.7501,0.054,0.0031,0.0079,0.0001,0.0007,0.0005,0.0,0.0,0.0,0.0032,0.015,0.0,0.0044,0.0,0.0,0.024,0.0,0.0,0.0001,0.0,0.0042,0.0005,0.0,0.0053,0.0833,22,297.4167,43.875,9.5833,11.0417,0,0,16,1049.9167,142.0833,0.5417,0.5417,0,0,0,0,0,0,0,402.875,0,14.6667,0,1.2917,4.125,7.75,0,31,92.8333,0.4167,9.5833,0,0,0,0,0,0.2083,1.6667,5.5417,5.5417,0,0,0,87.2417,1.8333,16.5,2,0.5417,0,0,6.5885,7.5763,98.2143,,,,,,0,6.6032,6.4899,9.6908,13,0,0,9669,0,0,0,0,396,99,10,0,0.2734
steered,up,4,citizen,23,23,0,0,0,1,1,,400,32.2609,0,804.5652,373.4157,15,99.9883,0.3476,0.8852,0.0248,0.0009,0.0009,0.0,0.0001,0.0,0.0,0.0,0.0,0.0005,0.0083,0.0009,0.0058,0.0,0.0,0.0001,0.0,0.0001,0.0,0.0,0.0037,0.0002,0.0,0.0009,0.4348,10.6087,352.1304,29.5652,4.1304,2.6957,0,0,0.4348,1290.7391,130.9565,0,0,0,0,0,0,0,0,0,401.2609,0,0.7826,0,0.2174,0.9565,1.6087,0,6.4348,1.5217,0,0.0435,0.0435,0,0,0,0,0.087,1.4783,0,0,0,0,0,82.4087,0.3478,17.2174,,0,0,0,6.8918,7.8998,98.3311,,,,,,0,7.219,7.0964,9.9793,0,0,0,9229,0,0,0,0,396,22,0,0,0.1061
steered,up,4,steered,1,1,0,0,0,1,1,,400,0,0,962,461.5,20,100,0.106,0.96,0.005,0.0,0.0,0.0,0.0,0.0,0.0,0.0,0.0,0.0,0.0025,0.0,0.0,0.0,0.0,0.0,0.0,0.0025,0.0025,0.0,0.0,0.0,0.0,0.0,1,4,395,0,0,0,0,0,0,1501,0,0,0,0,0,0,0,0,0,0,401,0,8,0,0,0,0,0,0,0,0,0,0,0,0,0,0,0,0,0,0,0,0,0,118.6,0,0,,0,0,0,9.96,9.973,100,,,,,,0,7.519,,7.519,0,0,0,401,0,0,0,0,0,0,0,0,0.0
steered,up,4,all,24,24,0,0,0,1,1,,400,30.9167,0,811.125,377.0858,15.2083,99.9887,0.3375,0.8883,0.024,0.0008,0.0008,0.0,0.0001,0.0,0.0,0.0,0.0,0.0005,0.008,0.0008,0.0055,0.0,0.0,0.0001,0.0,0.0002,0.0001,0.0,0.0035,0.0002,0.0,0.0008,0.4583,10.3333,353.9167,28.3333,3.9583,2.5833,0,0,0.4167,1299.5,125.5,0,0,0,0,0,0,0,0,0,401.25,0,1.0833,0,0.2083,0.9167,1.5417,0,6.1667,1.4583,0,0.0417,0.0417,0,0,0,0,0.0833,1.4167,0,0,0,0,0,83.9167,0.3333,16.5,,0,0,0,7.0196,7.9862,98.4006,,,,,,0,7.2315,7.0964,9.8768,0,0,0,9630,0,0,0,0,396,22,0,0,0.1044
steered,up,5,citizen,23,23,0,0,0,1,1,,400,4.7391,0,889.3478,412.5761,14.2609,99.9178,0.3469,0.9005,0.0322,0.0015,0.0,0.0,0.0001,0.0001,0.0,0.0,0.0,0.0004,0.0032,0.0,0.0025,0.0,0.0,0.0,0.0,0.0001,0.0001,0.0,0.0028,0.0002,0.0,0.0002,0.0435,8.8696,380.7391,3.8696,4.8696,1.3043,0,0,0.3043,1416.3043,4.7826,0,0,0,0,0,0,0,0,0,400,0,0.6522,0,0.1739,1,1.4348,0,5.7391,0,0,0,0,0,0,0,0,0.087,1.1304,0,0,0,0,0,86.2,0.1739,17.2174,,0,0,0,7.613,8.557,98.7937,,,,,,0,7.7346,7.6262,9.9632,0,0,0,9200,0,0,0,0,396,23,0,0,0.0173
steered,up,5,steered,1,1,0,0,0,1,1,,400,3,0,942,443.7,20,99.85,0.219,0.9525,0.01,0.0,0.0,0.0,0.0,0.0,0.0,0.0,0.0,0.0,0.0025,0.0,0.0,0.0,0.0,0.0,0.0,0.0,0.0025,0.0,0.0,0.0,0.0,0.0,1,5,389,5,0,0,0,0,0,1477,6,0,0,0,0,0,0,0,0,0,397,0,48,0,0,0,0,0,0,0,0,0,0,0,0,0,0,0,0,0,0,0,0,0,93.9,0,0,,0,0,0,9.95,9.963,99.938,,,,,,0,7.841,,7.841,0,0,0,397,0,0,0,0,0,0,0,0,0.0
steered,up,5,all,24,24,0,0,0,1,1,,400,4.6667,0,891.5417,413.8729,14.5,99.915,0.3415,0.9027,0.0312,0.0015,0.0,0.0,0.0001,0.0001,0.0,0.0,0.0,0.0004,0.0031,0.0,0.0024,0.0,0.0,0.0,0.0,0.0001,0.0002,0.0,0.0027,0.0002,0.0,0.0002,0.0833,8.7083,381.0833,3.9167,4.6667,1.25,0,0,0.2917,1418.8333,4.8333,0,0,0,0,0,0,0,0,0,399.875,0,2.625,0,0.1667,0.9583,1.375,0,5.5,0,0,0,0,0,0,0,0,0.0833,1.0833,0,0,0,0,0,86.5208,0.1667,16.5,,0,0,0,7.7104,8.6156,98.8413,,,,,,0,7.739,7.6262,9.8709,0,0,0,9597,0,0,0,0,396,23,0,0,0.0182
steered,up,6,citizen,23,23,0,0,0,1,1,,400,19.3913,0,787.087,366.4026,16.6087,99.9361,0.3117,0.8445,0.0259,0.0007,0.0001,0.0,0.0,0.0,0.0,0.0,0.0,0.0,0.0038,0.0,0.0015,0.0,0.0,0.0214,0.0,0.0,0.0002,0.0,0.0029,0.0004,0.0,0.0018,0,7.913,368.1304,5.0435,3.7826,0.7391,0,0,14.3913,1316.6087,7.9565,0,0,0,0,0,0,0,0,0,399.5652,0,0.1739,0,0,0.5652,0.9565,0,3.8261,0.4348,0,8.5652,0,0,0,0,0,0.1739,1.1739,0,0,0,0,0,84.8304,0,17.2174,,0,0,0,7.3491,8.5106,98.7211,,,,,,0,7.4576,7.3533,9.9364,0,0,0,9190,0,0,0,0,396,13,0,0,0.0795
steered,up,6,steered,1,1,0,0,0,1,1,,400,5,0,894,418.07,20,99.85,0.249,0.9375,0.01,0.0,0.0,0.0,0.0,0.0,0.0,0.0,0.0,0.0,0.005,0.0,0.0,0.0,0.0,0.0125,0.0,0.0025,0.0025,0.0,0.0,0.0,0.0,0.0,1,5,387,7,0,0,0,0,0,1441,12,0,0,0,0,0,0,0,0,0,397,0,4,0,0,0,0,0,0,0,0,5,0,0,0,0,0,0,0,0,0,0,0,0,99.9,0,0,,0,0,0,9.932,9.986,100,,,,,,0,7.477,,7.477,0,0,0,397,0,0,0,0,0,0,0,0,0.0
steered,up,6,all,24,24,0,0,0,1,1,,400,18.7917,0,791.5417,368.5554,16.75,99.9325,0.3091,0.8483,0.0252,0.0006,0.0001,0.0,0.0,0.0,0.0,0.0,0.0,0.0,0.0039,0.0,0.0015,0.0,0.0,0.021,0.0,0.0001,0.0003,0.0,0.0028,0.0004,0.0,0.0018,0.0417,7.7917,368.9167,5.125,3.625,0.7083,0,0,13.7917,1321.7917,8.125,0,0,0,0,0,0,0,0,0,399.4583,0,0.3333,0,0,0.5417,0.9167,0,3.6667,0.4167,0,8.4167,0,0,0,0,0,0.1667,1.125,0,0,0,0,0,85.4583,0,16.5,,0,0,0,7.4567,8.5721,98.7744,,,,,,0,7.4584,7.3533,9.8294,0,0,0,9587,0,0,0,0,396,13,0,0,0.078
steered,up,7,citizen,23,23,0,0,0,1,1,,400,2.6522,0,902.2609,424.7183,18.2609,99.8504,0.2693,0.9134,0.0224,0.0003,0.0,0.0,0.0,0.0,0.0,0.0,0.0,0.0,0.0023,0.0002,0.0021,0.0,0.0,0.0,0.0,0.0,0.0,0.0,0.0022,0.0002,0.0,0.0,0.2609,6.5217,385.9565,5,1.6522,0.2174,0,0,0.3913,1427.9565,7.4783,0,0,0,0,0,0,0,0,0,399.6957,0,0.3913,0,0.0435,0.4348,0.4348,0,1.7391,0,0,0,0,0,0,0,0,0.087,0.8696,0,0,0,0,0,80.9739,0.0435,14.7826,,0,0,0,7.4708,8.4681,98.6063,,,,,,0,7.4842,7.415,9.843,0,0,0,9193,0,0,0,0,340,10,0,0,0.01
steered,up,7,steered,1,1,0,0,0,1,1,,400,7,0,902,423.05,20,98.65,0.282,0.9275,0.01,0.0,0.0,0.0,0.0,0.0,0.0,0.0,0.0,0.0025,0.0,0.0,0.0,0.0,0.0,0.0,0.0,0.0,0.0025,0.0,0.0075,0.0,0.0,0.0,3,3,385,9,0,0,0,0,0,1425,12,0,0,0,0,0,0,0,0,0,399,0,5,0,0,0,0,0,0,0,0,0,0,0,0,0,0,0,3,0,0,0,0,0,112.3,1,56,,0,0,0,9.843,9.843,99.699,,,,,,0,8.061,,8.061,0,0,0,399,0,0,0,0,56,0,0,0,0.0
steered,up,7,all,24,24,0,0,0,1,1,,400,2.8333,0,902.25,424.6488,18.3333,99.8004,0.2698,0.914,0.0219,0.0003,0.0,0.0,0.0,0.0,0.0,0.0,0.0,0.0001,0.0022,0.0002,0.002,0.0,0.0,0.0,0.0,0.0,0.0001,0.0,0.0024,0.0002,0.0,0.0,0.375,6.375,385.9167,5.1667,1.5833,0.2083,0,0,0.375,1427.8333,7.6667,0,0,0,0,0,0,0,0,0,399.6667,0,0.5833,0,0.0417,0.4167,0.4167,0,1.6667,0,0,0,0,0,0,0,0,0.0833,0.9583,0,0,0,0,0,82.2792,0.0833,16.5,,0,0,0,7.5697,8.5254,98.6519,,,,,,0,7.5082,7.415,8.952,0,0,0,9592,0,0,0,0,396,10,0,0,0.0097
steered,up,8,citizen,23,23,0,0,0,1,1,,400,2.3043,0,894.087,415.6722,13.7391,99.9883,0.2747,0.9121,0.0239,0.0009,0.0,0.0,0.0,0.0,0.0,0.0,0.0,0.0,0.002,0.0,0.0011,0.0,0.0,0.0,0.0,0.0002,0.0,0.0,0.0024,0.0003,0.0,0.0002,0,7.0435,385.5652,3.3478,2.2174,1.3913,0,0,0.4348,1423.2609,4.8696,0,0,0,0,0,0,0,0,0,399.8696,0,0.4348,0,0,0.2174,1.5652,0,6.2609,0,0,0,0,0,0,0,0,0.1304,0.9565,0,0,0,0,0,90.0478,0,17.2174,,0,0,0,7.5749,8.4963,98.981,,,,,,0,7.6732,7.5503,9.9717,0,0,0,9197,0,0,0,0,396,5,0,0,0.0136
steered,up,8,steered,1,1,0,0,0,1,1,,400,0,0,941,452.11,20,100,0.112,0.945,0.005,0.0,0.0,0.0,0.0,0.0,0.0,0.0,0.0,0.0,0.0025,0.0,0.0,0.0,0.0,0.0,0.0,0.0,0.0,0.0,0.0025,0.0,0.0,0.0,0,6,394,0,0,0,0,0,0,1477,0,0,0,0,0,0,0,0,0,0,399,0,28,0,0,0,0,0,0,0,0,0,0,0,0,0,0,0,1,0,0,0,0,0,109.3,0,0,,0,0,0,9.967,9.978,100,,,,,,0,7.859,,7.859,0,0,0,399,0,0,0,0,0,0,0,0,0.0
steered,up,8,all,24,24,0,0,0,1,1,,400,2.2083,0,896.0417,417.1904,14,99.9887,0.2679,0.9134,0.0231,0.0008,0.0,0.0,0.0,0.0,0.0,0.0,0.0,0.0,0.002,0.0,0.001,0.0,0.0,0.0,0.0,0.0002,0.0,0.0,0.0024,0.0003,0.0,0.0002,0,7,385.9167,3.2083,2.125,1.3333,0,0,0.4167,1425.5,4.6667,0,0,0,0,0,0,0,0,0,399.8333,0,1.5833,0,0,0.2083,1.5,0,6,0,0,0,0,0,0,0,0,0.125,0.9583,0,0,0,0,0,90.85,0,16.5,,0,0,0,7.6745,8.558,99.0235,,,,,,0,7.6809,7.5503,9.8837,0,0,0,9596,0,0,0,0,396,5,0,0,0.0146
steered,up,9,citizen,23,23,3,3,0,1,0.8696,131.6667,364.8696,8.7391,0.4783,875.4783,413.3291,16.5217,97.5583,0.3832,0.8066,0.0442,0.002,0.0001,0.0,0.0047,0.0,0.0,0.0,0.0,0.001,0.0121,0.0052,0.001,0.0,0.0,0.0022,0.0,0.0016,0.0,0.0,0.0049,0.004,0.0,0.0007,0.4783,7.6087,340.9565,3.1739,0.3478,0.7826,0,0,11.5217,1224.2174,4.4348,13.8261,13.8261,1.1304,0,0,0,0,0,0,365.6522,0,0.3478,0,0.0435,0.6957,0.6957,0,2.7826,0.2174,0,0.8696,0,0,0,0,0,0.2174,1.1304,0.1739,0.1739,0,0,0,90.3217,1.6957,17.0435,,13.8261,0,0,6.8045,7.6588,97.4185,,,,,,0,7.0393,6.7819,9.8599,318,0,0,8410,0,0,0,0,392,16,0,0,0.0144
steered,up,9,steered,1,1,0,0,0,1,1,,400,3,0,965,426.19,40,99.85,0.218,0.92,0.01,0.0,0.0,0.0,0.0025,0.0,0.0,0.0,0.0,0.0,0.0,0.0,0.0,0.0,0.0,0.02,0.0,0.0,0.0025,0.0,0.0025,0.0,0.0,0.0,2,2,389,7,0,0,0,0,0,1421,8,0,0,0,0,0,0,0,0,0,398,0,13,0,0,0,0,0,0,0,0,8,0,0,0,0,0,0,1,0,0,0,0,0,124.5,1,0,,0,0,0,9.892,9.743,100,,,,,,0,6.2,,6.2,0,0,0,398,0,0,0,0,0,0,0,0,0.0
steered,up,9,all,24,24,3,3,0,1,0.875,131.6667,366.3333,8.5,0.4583,879.2083,413.865,17.5,97.6538,0.3763,0.8114,0.0427,0.0019,0.0001,0.0,0.0047,0.0,0.0,0.0,0.0,0.0009,0.0116,0.0049,0.0009,0.0,0.0,0.0029,0.0,0.0015,0.0001,0.0,0.0048,0.0038,0.0,0.0006,0.5417,7.375,342.9583,3.3333,0.3333,0.75,0,0,11.0417,1232.4167,4.5833,13.25,13.25,1.0833,0,0,0,0,0,0,367,0,0.875,0,0.0417,0.6667,0.6667,0,2.6667,0.2083,0,1.1667,0,0,0,0,0,0.2083,1.125,0.1667,0.1667,0,0,0,91.7458,1.6667,16.3333,,13.25,0,0,6.9331,7.7457,97.5261,,,,,,0,7.0043,6.7819,9.7007,318,0,0,8808,0,0,0,0,392,16,0,0,0.0152
richpoor,food100_g,1,poor,52,50,41,41,0,0.9615,0.2115,218.7561,255.9808,22.25,3.75,3.2115,11.8575,0.0769,95.1252,1.5773,0.3102,0.2553,0.0255,0.0103,0.0008,0.0242,0.0027,0.013,0.0,0.0,0.1267,0.0438,0.0,0.0001,0.0,0.0,0.011,0.0001,0.0,0.0015,0.0,0.0,0.0,0.0,0.0062,1.3269,86.8269,124.6154,5.9038,1,35.9038,0,0.4038,0,324.8654,4.3077,25.1731,28.4808,1,2.9808,0.2885,5.9038,2.6154,0,0,61.3269,0,0.1923,0,21.0962,14.8269,6.6923,8.3269,49.0962,11.2115,1.0769,2.3654,1.1538,0.0577,0.0385,0.0577,0.0577,0,0,0,0,0,102.6538,0,71.7519,26.75,0,3.6667,14.7115,0.2692,0,3.1522,4.4794,66.5577,,,,,,0,3.1747,2.9881,3.3637,1309,155,0,3189,3,2,5338,0,0,771,56,0,0.2156
richpoor,food100_g,1,rich,61,50,0,0,0,0.8197,1,,381.4426,0,0,105.4098,102.6731,163.9672,99.9984,1.3644,0.1105,0.0889,0.0198,0.0493,0.0437,0.0263,0.0049,0.0012,0.0,0.0001,0.0756,0.0332,0.0098,0.0137,0.0,0.0,0.0103,0.0007,0.0001,0.0025,0.0,0.0,0.0,0.0,0.0086,7.4918,69.623,10.9508,51.1475,14.082,228.1148,0,0.0328,0,13.7377,135.7377,25.8852,23.0656,2,0.3607,2.6557,0.4754,0.0164,0,0,40.541,0,0.2623,0,37.459,5.4754,53.5902,23.8525,328.9672,364.5246,303.1148,3.9508,4.9836,0.377,0.2623,0.0164,0,0,0,0,0,0,0,948.623,72.5754,26.0164,0,10.7141,14.1475,0.3443,0.2295,3.8834,5.3023,77.3843,,,,,,0,3.7903,4.0801,3.2303,1579,22,0,2473,23,16,0,57866,0,334,18490,0,0.0493
richpoor,food100_g,1,all,113,100,41,41,0,0.885,0.6372,218.7561,323.708,10.2389,1.7257,58.3805,60.8819,88.5487,97.7558,1.4624,0.2024,0.1655,0.0224,0.0314,0.024,0.0253,0.0039,0.0066,0.0,0.0001,0.0991,0.0381,0.0053,0.0075,0.0,0.0,0.0106,0.0004,0.0,0.002,0.0,0.0,0.0,0.0,0.0075,4.6549,77.5398,63.2566,30.3274,8.0619,139.6637,0,0.2035,0,156.9115,75.2566,25.5575,25.5575,1.5398,1.5664,1.5664,2.9735,1.2124,0,0,50.1062,0,0.2301,0,29.9292,9.7788,32.0088,16.708,200.177,201.9381,164.1239,3.2212,3.2212,0.2301,0.1593,0.0354,0.0265,0,0,0,0,0,47.2389,512.0885,72.1965,26.354,0,9.5174,14.4071,0.3097,0.1239,3.5469,4.9236,72.4022,,,,,,0,3.507,3.5776,3.2917,2888,177,0,5662,26,18,5338,57866,0,1105,18546,0,0.169
richpoor,food100_q,1,poor,52,50,2,2,0,0.9615,0.9615,43,385.4423,2.2692,0.2115,19.2308,18.7335,17.2115,99.1654,0.3815,0.9398,0.0323,0.0024,0.0021,0.0,0.0009,0.0,0.0,0.0,0.0,0.0003,0.0073,0.0049,0.0014,0.0,0.0,0.0001,0.0015,0.0001,0.0001,0.0,0.0,0.0,0.0,0.0018,3.2115,5.9808,367.1538,6.8654,1.4423,0.7885,0,0,0,1439.8846,11.9231,0.3462,0.2692,0,0,0,0,0,0,0,386.6538,0,0.7692,0,0.1731,0.9615,0.9615,0,3.8462,1.75,0,0.0385,0.0385,0.0577,0.2885,0,0,0,0,0,0,0,1056.4423,0,127.2462,0.5577,0,,0.0385,0,0.0769,5.9905,7.8879,97.9204,,,,,,0,6.0686,6.7198,5.4087,18,0,0,20106,3,15,54935,0,0,50,0,0,0.0
richpoor,food100_q,1,rich,73,50,0,0,0,0.6849,1,,360.8493,0,0,267.2055,178.9126,12.7808,100,0.4181,0.9026,0.0362,0.0001,0.0003,0.0,0.0053,0.0001,0.0,0.0,0.0,0.0042,0.0113,0.0189,0.0031,0.0,0.0,0.0001,0.0015,0.0004,0.0,0.0,0.0,0.0,0.0,0.0003,14.6575,11.8219,59.6438,270.9589,3.5342,0.2329,0,0,0,228.7397,1056.9178,1.9452,2,0.0274,0,0,0,0,0,0,364.3973,0,1.7671,0,1.1781,0,0.5205,0,2.0822,1.3425,0,0.0274,0.0274,0.6438,0.6164,0,0,0,0,0,0,0,0,330.2055,89.3863,1.137,0,,1.7808,0,0.5616,6.4262,7.6689,98.546,,,,,,0,5.9421,6.2398,5.381,142,0,0,26601,47,45,0,24105,0,0,0,0,0.5273
richpoor,food100_q,1,all,125,100,2,2,0,0.8,0.984,43,371.08,0.944,0.088,164.048,112.2781,14.624,99.6528,0.4029,0.9181,0.0346,0.001,0.0011,0.0,0.0035,0.0,0.0,0.0,0.0,0.0026,0.0096,0.0131,0.0024,0.0,0.0,0.0001,0.0015,0.0003,0.0001,0.0,0.0,0.0,0.0,0.0009,9.896,9.392,187.568,161.096,2.664,0.464,0,0,0,732.576,622.2,1.28,1.28,0.016,0,0,0,0,0,0,373.656,0,1.352,0,0.76,0.4,0.704,0,2.816,1.512,0,0.032,0.032,0.4,0.48,0,0,0,0,0,0,0,439.48,192.84,105.136,0.896,0,,1.056,0,0.36,6.2449,7.76,98.2858,,,,,,0,5.9947,6.4395,5.3925,160,0,0,46707,50,60,54935,24105,0,50,0,0,0.6554
richpoor,base100_g,1,all,103,100,73,73,0,0.9709,0.2913,163.2877,231.1748,23.5049,5.6019,7.4078,14.7134,0.165,92.2986,1.5864,0.2736,0.2542,0.033,0.0188,0.0054,0.0166,0.0027,0.0155,0.0,0.0004,0.0915,0.068,0.0,0.0002,0.0,0.0,0.0187,0.0003,0.0,0.0028,0.0,0.0,0.0,0.0,0.0061,2,86.835,100.301,3.7961,0.4563,36.4757,0,1.3107,0,220.9903,3.6602,36.233,36.233,1.4757,2.835,2.835,5.4272,0.3883,0,0,58.0971,0,1.8252,0,25.4078,14.4175,9.9806,4.6602,48.4757,21.7767,5.932,3.9029,3.9029,0.0583,0.0777,0.1456,0.1456,0,0,0,0,0,0,0,76.1267,20.1165,0,2.3409,36.233,2.835,0.0777,3.4398,4.5508,67.0271,,,,,,0,3.368,3.368,,3732,292,0,5984,6,8,0,0,0,1485,611,0,0.4916
richpoor,base100_q,1,all,100,100,3,3,0,1,0.97,32.3333,388.94,0.91,0.14,1116.64,537.7532,19.03,99.2696,0.1508,0.9679,0.017,0.005,0.0025,0.0,0.0,0.0003,0.0,0.0,0.0,0.0001,0.005,0.0001,0.0,0.0,0.0,0.0,0.0,0.0005,0.0004,0.0,0.0,0.0,0.0,0.0,0.23,2.57,383.3,2.32,0.02,0.5,0,0,0,1494.78,3.55,0,0,0,0,0,0,0,0,0,389.23,0,0.26,0,0.05,0.22,0.32,0,1.28,0.42,0,0,0,0,0,0,0,0,0,0,0,0,0,0,82.023,0.1,0,,0,0,0,6.8488,7.9768,98.4459,,,,,,0,6.856,6.856,,0,0,0,38923,0,0,0,0,0,22,0,0,0.0077
mixed,mix1k_r1,1,Qwen 27B,25,25,1,0,1,1,0.96,35,961.36,2.04,0.04,2820.8,1383.2424,13.84,99.566,0.1592,0.9545,0.0144,0.0064,0.0001,0.0,0.0,0.0,0.0,0.0,0.0,0.0052,0.0024,0.0,0.0004,0.0,0.0,0.0013,0.0,0.0,0.0,0.0,0.0,0.0,0.0,0.0,0.08,4.72,950.64,1.56,2.76,1.6,0,0,0,3770.56,2.16,0,0.28,0,0,0,0,0,0,0.04,962.36,0,0.44,0,1.68,0.84,1.68,0,6.72,0.32,0,0.2,0.16,0,0,0,0,0,0,0,0,0,0,0,87.952,1.52,0,,0,0,0,6.579,8.2296,98.4692,,,,,,0,6.6774,7.0574,3.6699,0,0,0,24059,0,0,0,0,0,21,0,0,0.0048
mixed,mix1k_r1,1,gpt-oss 120B,25,25,15,15,0,1,0.4,204.4667,522.08,60.04,3.6,13.08,13.0484,0.08,93.7632,1.5374,0.2492,0.3102,0.0187,0.0066,0.0004,0.0345,0.0022,0.0067,0.0,0.0,0.186,0.0877,0.0,0.0021,0.0,0.0,0.0032,0.0,0.0,0.0008,0.0,0.0,0.0,0.0,0.0039,2.08,239.4,237.4,21.48,6.2,14.64,0,0.88,0,480.28,17,139.12,138.84,7.68,0.84,0.84,1.44,0,0.04,0,198.4,0,8.08,0,126.2,6.36,6.44,0.28,26.96,7,0.16,0.36,0.4,0,0,0.04,0.04,0,0,0,0,0,0,0,78.98,14.24,0,5,138.84,0.84,0,3.6449,4.6558,67.7325,,,,,,0,4.4667,3.5269,5.6385,3478,21,1,4960,0,0,0,0,0,159,4,0,0.5917
mixed,mix1k_r1,1,all,50,50,16,15,1,1,0.68,193.875,741.72,31.04,1.82,1416.94,698.1454,6.96,96.6646,0.8483,0.6019,0.1623,0.0125,0.0034,0.0002,0.0172,0.0011,0.0034,0.0,0.0,0.0956,0.045,0.0,0.0013,0.0,0.0,0.0023,0.0,0.0,0.0004,0.0,0.0,0.0,0.0,0.002,1.08,122.06,594.02,11.52,4.48,8.12,0,0.44,0,2125.42,9.58,69.56,69.56,3.84,0.42,0.42,0.72,0,0.02,0.02,580.38,0,4.26,0,63.94,3.6,4.06,0.14,16.84,3.66,0.08,0.28,0.28,0,0,0.02,0.02,0,0,0,0,0,0,0,83.466,7.88,0,5,69.42,0.42,0,5.112,6.4427,83.1009,,,,,,0,5.5721,5.2922,4.7198,3478,21,1,29019,0,0,0,0,0,180,4,0,0.2937
mixed,mix1k_r2,1,Qwen 27B,25,25,0,0,0,1,1,,1000,1.04,0.08,2187.64,1089.392,17.88,99.95,0.2191,0.8897,0.025,0.0001,0.0,0.0,0.0,0.0001,0.0,0.0,0.0,0.0,0.0029,0.0,0.0005,0.0,0.0,0.0,0.0,0.0,0.0,0.0,0.0003,0.0,0.0,0.0,0.08,29.2,967.6,1.8,0.88,0.44,0,0,0,3528.36,2.48,0,0,0,0,0,0,0,0,0,996.24,0,0.56,0,0.36,0.4,0.4,0,1.6,0.08,0,0,0,0,0,0,0,0,0.28,0,0,0,0,0,60.692,0.2,2.4,,0,0,0,6.2009,8.1575,98.9742,,,,,,0,6.1518,6.4848,3.7676,0,0,0,24906,0,0,0,0,60,10,0,0,0.007
mixed,mix1k_r2,1,gpt-oss 120B,25,25,15,15,0,1,0.4,116.9333,469.56,15.44,3,56.16,48.424,2.24,88.6972,1.0919,0.1937,0.073,0.0152,0.0017,0.0027,0.0023,0.0,0.004,0.0,0.0,0.0135,0.1134,0.0,0.0,0.0,0.0,0.0001,0.0,0.0,0.0016,0.0,0.0168,0.0018,0.0,0.0026,8.24,119.84,334.8,0,0,5.76,0,0,0.92,556.76,0,13.04,13.04,0,0.12,0.12,0.12,0,0,0,99.84,0,0.04,0,1.32,2.8,2.76,0.04,11.08,0.08,0.2,0.08,0.08,0,0,0,0,0.36,11.96,0,0,0,0,0,89.4762,2.44,37.44,1,13.04,0.12,0,3.7868,4.8086,70.073,,,,,,0,4.5288,3.7652,5.3726,326,3,0,2496,0,0,0,0,936,70,5,0,0.4952
mixed,mix1k_r2,1,all,50,50,15,15,0,1,0.7,116.9333,734.78,8.24,1.54,1121.9,568.908,10.06,94.3236,0.6555,0.5417,0.049,0.0077,0.0009,0.0013,0.0011,0.0,0.002,0.0,0.0,0.0067,0.0581,0.0,0.0002,0.0,0.0,0.0,0.0,0.0,0.0008,0.0,0.0086,0.0009,0.0,0.0013,4.16,74.52,651.2,0.9,0.44,3.1,0,0,0.46,2042.56,1.24,6.52,6.52,0,0.06,0.06,0.06,0,0,0,548.04,0,0.3,0,0.84,1.6,1.58,0.02,6.34,0.08,0.1,0.04,0.04,0,0,0,0,0.18,6.12,0,0,0,0,0,73.8326,1.32,19.92,1,6.52,0.06,0,4.9938,6.483,84.5236,,,,,,0,5.3403,5.125,4.5537,326,3,0,27402,0,0,0,0,996,80,5,0,0.2691
