from,to,kind,count,first_day,last_day,food_given
F7Q,C9V,message,58,269,386,
F2M,C9V,message,49,106,362,
W6B,C9V,message,47,97,301,
R4V,C9V,message,46,165,253,
P4F,C9V,message,45,114,400,
S4V,C9V,message,44,192,304,
P7X,C9V,message,41,276,399,
C6Q,C9V,message,39,90,247,
G7P,C9V,message,39,106,283,
L9P,C9V,message,39,91,309,
L6G,C9V,message,37,90,345,
T4J,C9V,message,36,232,370,
K7V,C9V,message,35,139,289,
Q3N,C9V,message,30,119,243,
S9L,C9V,message,30,99,323,
T7F,Z2X,message,28,68,167,
V4N,C9V,message,28,105,396,
T7F,C6S,message,26,28,240,
D2Q,C9V,message,25,100,306,
F6V,C9V,message,25,158,318,
K7F,Z2X,message,25,178,338,
B9B,X4R,message,24,164,300,
Q3D,C9V,gift,24,314,394,0
R3P,C9V,message,24,114,395,
T3K,C9V,message,24,208,330,
J4V,C9V,message,23,90,275,
M4D,C9V,message,23,150,312,
Q2M,V2B,message,23,81,250,
Q2M,C9V,message,22,94,231,
M7Z,C9V,message,21,100,224,
T3K,V6G,message,20,235,294,
T3Q,C9V,message,20,97,342,
V6G,C9V,message,19,102,153,
X4J,C9V,message,19,190,285,
Z3P,C9V,message,19,158,259,
B9B,C9V,message,18,89,234,
M9P,C9V,message,18,248,305,
W4S,D4J,message,18,334,400,
W6B,C9V,gift,18,56,189,0
X7J,C9V,message,18,125,240,
M4B,Z9T,harm,17,342,397,
G2K,Z2X,message,16,207,372,
L3X,D6W,harm,16,61,132,
S2P,C9V,message,16,106,155,
B2S,C9V,message,15,208,266,
B3D,C9V,message,15,295,351,
F7G,V7S,message,15,41,72,
Q7P,C9V,message,15,155,345,
W9F,F6V,message,15,277,303,
B2S,Z2G,message,14,302,346,
G3W,L9P,message,14,50,218,
Q4D,C9V,message,14,92,347,
T7V,C9V,message,14,183,257,
T7V,Z2X,message,14,182,232,
D4J,Q6J,message,13,257,280,
K7F,C9V,message,13,144,175,
L9P,G3W,gift,13,40,211,150
T9N,X4R,harm,13,190,233,
C9Q,C9V,message,12,309,329,
Z9T,C9V,message,12,209,323,
B2F,C9V,message,11,113,249,
D4Z,C6S,harm,11,180,202,
D6W,C9V,message,11,208,323,
D7J,C9V,message,11,109,151,
F2K,T9V,harm,11,373,399,
J7V,C9V,message,11,102,294,
L2X,C9V,message,11,216,258,
M2P,C9V,message,11,106,360,
S2V,C9V,message,11,119,144,
S7D,V6L,message,11,63,143,
T2N,P9Q,harm,11,365,397,
B6N,K7X,harm,10,283,301,
C4X,X4G,message,10,76,102,
D2G,C9V,message,10,102,267,
D4Z,C4N,message,10,344,381,
F9C,C9V,message,10,210,233,
G3W,C6T,harm,10,45,96,
N2J,Z2X,message,10,364,390,
Q6X,C9V,message,10,208,346,
T7F,C9V,message,10,212,239,
V6L,X3C,message,10,270,298,
W4S,C9V,message,10,346,384,
B4B,C9V,message,9,163,213,
C6T,K7F,gift,9,169,206,0
F6V,C6S,message,9,137,155,
L7C,C9V,message,9,155,187,
M6C,D6K,harm,9,302,327,
Q4S,C9V,message,9,88,116,
S7D,C9V,message,9,244,266,
T2N,M9P,message,9,74,121,
T7F,V2V,message,9,51,86,
D4J,K7X,message,8,90,136,
D4J,X3C,message,8,129,190,
D4Z,C9V,message,8,105,169,
P7X,C9V,gift,8,295,389,0
Q6P,C9V,message,8,96,117,
R7J,Z2X,message,8,260,284,
S9T,Q2X,message,8,168,177,
T4S,C9V,message,8,191,230,
V2B,Q2M,message,8,98,120,
V7S,P9Q,message,8,317,337,
W4Z,T2B,gift,8,144,357,0
Z2G,B2S,gift,8,305,343,0
B2F,D2Q,message,7,88,387,
B3D,C9V,gift,7,298,338,0
B6N,X4R,message,7,216,233,
B6N,X6X,message,7,97,375,
D4J,C9V,message,7,183,299,
D9G,C9V,message,7,297,344,
F7B,C9V,message,7,202,279,
F7Q,V2Z,message,7,254,308,
J9D,C9V,message,7,116,229,
J9D,S7W,message,7,35,308,
L2X,Z2X,message,7,328,395,
L3K,C9V,message,7,249,269,
L3X,X4G,message,7,178,192,
M4D,X6J,message,7,65,99,
Q3D,C9V,message,7,299,313,
Q4D,V2Z,message,7,135,154,
Q6J,D4J,gift,7,269,325,0
R3P,D3X,message,7,324,357,
R4V,C9V,gift,7,175,274,0
S7W,C9V,message,7,174,272,
T7F,P9Q,message,7,18,41,
T7F,X4R,message,7,189,250,
T9N,X4R,message,7,169,235,
W7Q,C9V,message,7,179,310,
Z2X,T7F,gift,7,83,116,120
Z4F,T2B,gift,7,274,293,0
B2F,X6X,message,6,74,100,
B6N,C7W,message,6,67,92,
B6N,C9V,message,6,99,187,
C6Q,P9Q,message,6,267,273,
C7D,C9V,message,6,88,186,
D3X,C9V,message,6,160,297,
D3X,D2G,message,6,301,324,
D4Z,P9Q,harm,6,27,319,
D9G,Q6J,message,6,55,129,
F7X,X4R,message,6,216,234,
G7P,X4R,message,6,227,296,
J6L,D6W,message,6,152,190,
L9C,C9V,message,6,215,224,
L9P,C9V,gift,6,103,257,5
P9Q,T7F,gift,6,17,154,60
Q3N,Z2X,message,6,214,386,
S7W,C7W,message,6,260,284,
T4S,X4G,message,6,207,213,
T7F,J9D,message,6,141,165,
T7V,X4R,message,6,175,315,
V2B,C9V,message,6,127,138,
W4Z,C9V,message,6,171,323,
W6B,S4X,gift,6,57,204,0
W6B,W4Z,message,6,290,310,
X6X,K7X,message,6,383,398,
X7J,R3P,gift,6,266,279,12
B6N,Z2X,message,5,220,248,
C6Q,X6X,message,5,78,270,
C7D,X4R,message,5,192,200,
C7N,Z9T,gift,5,350,387,80
D2Q,S9L,message,5,134,287,
D2Q,Z2X,harm,5,159,166,
D4J,Q3N,message,5,359,382,
D4Z,F4Z,message,5,65,281,
D7K,C9V,message,5,100,134,
F2K,T9V,message,5,348,354,
F2M,T3Q,message,5,321,361,
F6L,X3C,message,5,119,146,
F6V,D4J,gift,5,177,320,5
F6V,W9F,message,5,276,289,
F9S,C6S,gift,5,96,115,20
F9S,X4R,message,5,222,233,
G3W,Z2X,message,5,106,127,
G7P,R3P,message,5,141,292,
J7V,B2F,gift,5,257,336,2
J7V,D2G,message,5,235,394,
K7X,C9V,message,5,94,107,
L2X,C9V,gift,5,229,244,0
L6G,S4X,message,5,8,157,
M4D,C6S,gift,5,332,353,20
P9Q,F2M,message,5,206,221,
Q4D,Q6J,harm,5,143,151,
S4V,D7K,message,5,332,346,
S4V,Z2G,message,5,343,363,
S9L,D2G,message,5,87,157,
S9L,D2Q,gift,5,281,307,21
T2F,C9V,message,5,100,107,
T2N,D3X,message,5,324,335,
T3K,C9V,gift,5,234,252,0
T4J,D4J,message,5,342,347,
T7F,D4J,message,5,163,177,
T7V,S2V,harm,5,104,116,
V3N,X6J,message,5,212,216,
V7S,T7F,gift,5,211,225,7
W2F,X6X,harm,5,87,96,
W4Z,D7J,message,5,135,150,
W4Z,Q6J,message,5,153,167,
W4Z,V4N,message,5,132,141,
X4G,S7W,message,5,15,286,
X4J,Z2X,message,5,219,229,
X6J,V6G,message,5,229,252,
B7N,X3C,message,4,222,298,
C4D,X4G,message,4,90,100,
C7D,D6W,harm,4,130,133,
C7W,C9V,message,4,109,153,
C9V,P7X,message,4,293,318,
D2G,V2B,message,4,221,225,
D2Q,X3C,message,4,119,136,
D2R,Q2X,gift,4,115,127,15
D4J,T7F,gift,4,44,164,20
D4J,W4S,message,4,343,388,
D4J,Z2X,gift,4,141,313,0
D4Z,D4J,message,4,82,102,
D9G,Q6X,message,4,282,296,
F2M,D2G,message,4,150,160,
F2M,D2Q,message,4,281,287,
F2M,D9G,message,4,211,215,
F6L,C9V,message,4,112,142,
F6Z,V6G,gift,4,255,281,0
G3W,V2B,message,4,71,124,
G7P,Z2X,message,4,229,235,
J4K,C9V,message,4,345,349,
J4V,S4X,message,4,57,75,
J6L,V2B,message,4,105,120,
J7F,S4X,message,4,53,59,
K7X,X6X,gift,4,393,399,17
L3K,C9V,gift,4,244,270,0
L6G,D9G,message,4,201,222,
L6G,Z2X,message,4,214,376,
M2P,T2N,message,4,306,324,
M7Z,Q4W,message,4,75,85,
M9P,T2N,gift,4,86,122,7
P4F,V2Z,message,4,77,141,
P4F,W4Z,message,4,269,285,
P6X,V6L,message,4,74,79,
Q2M,S4X,gift,4,56,64,0
Q2M,T3K,gift,4,269,307,0
Q2M,V2B,gift,4,108,194,0
Q2X,C9V,message,4,89,210,
Q4D,D4J,message,4,252,351,
Q4D,P9Q,message,4,359,369,
Q4D,V2Z,harm,4,130,140,
Q4S,T7F,gift,4,139,176,55
Q6J,D4J,message,4,277,364,
Q6X,V6L,message,4,205,221,
Q6X,Z2X,message,4,193,368,
Q7P,T3Q,message,4,176,322,
Q7P,X3C,message,4,84,222,
S4V,D4J,message,4,315,365,
S7D,S7W,message,4,15,50,
S7D,V3Q,message,4,136,148,
S9T,V3Q,message,4,236,243,
S9T,X4G,harm,4,150,162,
T2N,X7J,gift,4,211,296,18
T3Q,X4G,message,4,264,277,
T4L,C9V,message,4,245,260,
T4S,X4R,message,4,175,188,
T7V,C2V,message,4,174,180,
T9J,C9V,message,4,106,117,
T9N,D4J,message,4,140,153,
T9N,Z2X,message,4,167,249,
T9V,F2K,message,4,296,355,
T9V,P4T,message,4,288,323,
V3Q,C9V,gift,4,172,308,0
V6G,T3K,message,4,236,260,
W2F,L9P,message,4,125,128,
W4Z,Q4W,message,4,208,211,
W6B,D6W,gift,4,323,337,0
W6B,G3W,gift,4,36,44,50
W7B,Z9T,harm,4,352,358,
W7Q,T4L,gift,4,242,316,0
W9R,C9V,message,4,98,113,
X4J,D4J,message,4,177,196,
X6J,G3W,gift,4,39,96,25
X7J,X3C,message,4,113,290,
X7J,X6J,message,4,118,245,
Z2X,T7F,message,4,69,136,
Z9T,X4G,message,4,206,225,
B2F,J7F,message,3,223,227,
B2F,R3P,message,3,81,105,
B2F,X3C,message,3,334,372,
B2F,X4G,message,3,310,324,
B2S,B7N,gift,3,281,297,0
B2S,C9V,harm,3,268,310,
B4B,M9P,message,3,218,228,
B6Z,S7W,message,3,87,97,
B7N,T4L,gift,3,289,305,0
C4N,Z4F,message,3,357,365,
C4X,Q2X,gift,3,71,126,0
C6Q,T4D,message,3,256,260,
C6S,F4Z,message,3,285,290,
C6S,T7F,gift,3,222,241,2
C6T,G3W,gift,3,39,96,26
C7D,D2G,message,3,104,113,
C7W,T4L,gift,3,283,301,0
C7W,T7F,gift,3,139,176,25
C7W,X7D,gift,3,238,244,0
C9Q,Q3N,gift,3,200,253,5
C9V,L3K,message,3,259,311,
C9V,L9P,message,3,102,275,
C9V,T3Q,gift,3,46,343,0
D2G,M4D,message,3,150,278,
D2G,S9L,message,3,148,165,
D2G,T2N,message,3,270,324,
D2R,X3C,gift,3,113,129,5
D3B,T4J,message,3,335,339,
D3X,S4X,message,3,9,132,
D3X,V6L,message,3,162,185,
D4J,Q6J,gift,3,160,226,13
D4J,W4Z,message,3,302,309,
D4J,Z4F,message,3,352,371,
D4P,V3N,message,3,73,80,
D4P,X4R,harm,3,122,129,
D4P,X6X,harm,3,84,88,
D4Z,J6L,message,3,43,49,
D6W,T4L,gift,3,284,308,0
D6W,W6B,message,3,207,321,
D7J,C9V,gift,3,58,117,2
D7K,K7X,message,3,26,37,
D7K,Q3N,message,3,309,323,
D7K,V2Z,message,3,96,328,
D9G,B2S,message,3,300,312,
F4Z,C9V,message,3,91,96,
F6L,T2B,gift,3,120,145,0
F6V,W9F,gift,3,278,304,0
F6Z,D6W,gift,3,271,339,0
F6Z,L2X,gift,3,293,308,0
F6Z,L9C,gift,3,238,242,0
F7Q,D4J,gift,3,323,327,0
F7X,C9V,message,3,209,220,
F7X,Q2X,message,3,107,125,
F9S,C6S,message,3,89,95,
G2K,B7N,harm,3,288,298,
G2K,T4L,gift,3,284,295,0
G3W,D3X,message,3,34,179,
G3W,K7X,message,3,39,41,
G7P,J6L,message,3,100,172,
G7W,Z9T,harm,3,355,358,
J7V,Q2X,message,3,98,115,
J7V,Q7P,message,3,198,208,
J7V,V4N,message,3,95,112,
J7V,X4R,message,3,184,195,
J9D,T7F,gift,3,154,161,90
K4Q,C9V,message,3,248,261,
K4Q,Q3N,message,3,119,388,
K7F,T2B,gift,3,268,299,0
K7V,C9V,gift,3,140,270,0
K7V,W7Q,gift,3,231,282,0
K7X,G3W,gift,3,40,43,40
L3X,D2Q,message,3,155,201,
L3X,G3W,harm,3,58,110,
L6G,F7B,message,3,200,247,
L6G,X6X,message,3,232,235,
L7C,C6S,message,3,198,202,
L7C,S4X,message,3,111,135,
L9C,K4Q,message,3,226,229,
L9P,C2V,message,3,134,397,
L9P,Z2X,message,3,367,375,
M2P,P9Q,message,3,365,371,
M2P,V4N,gift,3,132,149,10
M2P,V4N,message,3,112,128,
M4D,D2G,message,3,104,154,
M4D,T3Q,message,3,55,71,
M7Z,D7K,message,3,347,352,
M7Z,Q2M,message,3,255,268,
M7Z,W6B,message,3,237,327,
N2J,C9V,message,3,250,271,
N6P,Q2X,message,3,115,127,
P4F,Q4S,message,3,154,227,
P4F,T3Q,gift,3,304,321,15
P4F,X7J,message,3,117,216,
P4T,V6G,gift,3,263,278,0
P6X,T4L,gift,3,303,316,0
P7X,Z9T,gift,3,269,282,0
P9Q,G3W,gift,3,37,108,40
P9Q,V7S,gift,3,319,338,12
P9W,C6T,message,3,151,153,
P9W,Q2M,gift,3,156,175,0
Q2X,V2B,message,3,111,226,
Q3N,L7C,message,3,105,107,
Q3N,Q2X,message,3,115,120,
Q3N,X4R,message,3,378,382,
Q4D,D2G,gift,3,301,317,12
Q4D,M7Z,message,3,250,284,
Q4D,R3P,message,3,68,86,
Q4D,X4R,message,3,179,335,
Q4S,D4J,message,3,82,86,
Q4S,X6J,message,3,70,72,
Q6X,V6G,gift,3,246,249,0
Q7P,G3W,message,3,117,125,
Q7P,S4X,message,3,61,69,
R3P,D2G,message,3,153,369,
R3P,G3W,gift,3,37,41,6
R3P,Q4D,message,3,66,71,
S2N,G3W,gift,3,41,69,15
S2N,T4L,gift,3,284,305,0
S2N,V6L,gift,3,194,198,0
S2V,S4X,message,3,8,118,
S2X,C4N,message,3,352,354,
S4V,Q7P,message,3,189,206,
S4V,W4Z,message,3,305,314,
S7W,J4V,message,3,275,282,
S9L,D2Q,message,3,163,296,
S9T,C9V,gift,3,259,272,0
T2B,G3W,gift,3,69,110,30
T2N,J7V,message,3,50,334,
T2N,M9P,harm,3,122,124,
T3K,D4J,gift,3,204,334,0
T3K,P6X,message,3,171,173,
T3K,V6G,gift,3,147,253,5
T4D,G3W,gift,3,42,111,40
T4J,D4J,gift,3,343,364,0
T7F,X4G,message,3,150,161,
T7F,X6X,message,3,182,243,
T9J,D9G,message,3,64,71,
T9J,S4X,message,3,8,114,
T9N,T3Q,message,3,95,176,
T9N,V6G,message,3,109,119,
V2B,G3W,gift,3,39,125,45
V2V,P9W,message,3,14,16,
V2Z,D6W,gift,3,144,323,0
V2Z,V3N,message,3,26,80,
V3Q,S7D,gift,3,133,321,0
V6G,D2R,gift,3,188,201,0
V6G,T4L,gift,3,284,309,0
V7S,J7V,message,3,284,301,
W4S,D4J,gift,3,344,389,0
W4Z,Q4S,gift,3,266,396,0
W4Z,V6L,gift,3,360,390,0
W6B,C6T,gift,3,59,84,0
W6B,D6W,message,3,208,322,
W6B,M7Z,gift,3,319,331,17
W6B,M7Z,message,3,312,328,
W6B,Q4W,message,3,234,248,
W6B,V2B,message,3,26,94,
W6B,X4G,message,3,51,258,
W7Q,D4J,gift,3,349,364,0
W7Q,G3W,gift,3,41,44,30
W7Q,S4X,gift,3,56,64,0
W7Q,T7F,gift,3,43,167,25
W7Q,W6B,gift,3,70,237,0
W7Q,Z2X,message,3,193,208,
X3C,M9P,message,3,338,366,
X3C,X7J,message,3,114,122,
X4G,Z2X,message,3,212,214,
X4J,C9V,gift,3,211,260,0
X4J,V6G,gift,3,183,278,0
X4R,R7N,message,3,380,386,
X6J,K4Q,message,3,124,227,
X6J,S7D,message,3,314,317,
X6J,T7F,gift,3,41,139,20
X6X,D9G,message,3,64,327,
Z2G,V6L,gift,3,395,400,0
Z2G,X4G,gift,3,121,142,0
Z2X,S4X,message,3,56,63,
Z2X,T7V,message,3,212,220,
Z3P,P9W,gift,3,143,228,0
Z3P,Q7P,message,3,190,198,
Z4F,D4J,message,3,351,370,
Z6J,S4X,message,3,57,75,
Z9T,Z2X,message,3,219,392,
B2F,D9G,message,2,207,211,
B2F,G3W,gift,2,38,169,7
B2F,Q6J,message,2,215,384,
B2F,S4X,message,2,9,328,
B2P,C7D,message,2,123,125,
B2S,B7N,message,2,279,288,
B2S,D4J,gift,2,204,350,0
B2S,G2K,gift,2,300,307,0
B2S,V6G,message,2,278,282,
B2S,V6L,gift,2,213,289,0
B2S,V6L,message,2,286,287,
B4B,X6X,message,2,100,106,
B6N,X4G,message,2,278,279,
B6Z,C7W,message,2,105,207,
B6Z,D2R,message,2,149,150,
B6Z,L9P,message,2,194,195,
B6Z,X3C,gift,2,139,146,0
B7N,B2S,message,2,280,291,
B7N,D6W,message,2,266,283,
B7N,S4X,message,2,53,61,
B7N,X3C,gift,2,52,232,0
B9B,C6Q,message,2,77,220,
B9B,G3W,gift,2,39,110,19
B9B,G7P,message,2,217,235,
B9B,T3Q,gift,2,176,269,5
B9B,V2Z,message,2,68,130,
B9B,X7J,message,2,117,216,
C2V,G3W,gift,2,77,97,25
C2V,S4X,message,2,8,9,
C2V,T9V,gift,2,105,117,0
C2V,W9R,gift,2,127,137,0
C4N,D4Z,message,2,348,364,
C6Q,M7Z,message,2,250,254,
C6Q,X7J,message,2,119,129,
C6S,S7W,message,2,25,33,
C6T,J9D,gift,2,59,109,5
C6T,Z4F,gift,2,190,195,0
C7D,D4Z,message,2,157,164,
C7D,D6W,message,2,127,128,
C7D,J6L,message,2,172,173,
C7D,P9W,message,2,167,169,
C7W,B6N,message,2,68,85,
C7W,S7W,message,2,32,259,
C9N,C9V,gift,2,339,352,0
C9Q,C9V,gift,2,208,221,0
C9Q,D4J,gift,2,327,328,0
C9Q,L9P,gift,2,244,268,0
C9Q,X7J,gift,2,211,216,10
C9V,F7Q,gift,2,361,363,0
C9V,L6G,gift,2,91,291,0
C9V,T3K,message,2,298,312,
C9V,T4J,message,2,260,265,
C9V,V4N,message,2,347,397,
C9V,V6G,message,2,112,113,
C9V,W6B,gift,2,140,143,0
C9V,X4R,message,2,319,320,
D2G,C6Q,message,2,97,99,
D2G,C7W,message,2,287,293,
D2G,D3X,message,2,117,302,
D2G,D4J,gift,2,127,204,10
D2G,D9G,message,2,319,320,
D2G,M7Z,message,2,282,289,
D2G,M9P,message,2,345,363,
D2G,Q4D,message,2,314,316,
D2G,R3P,gift,2,142,153,0
D2G,S2N,message,2,271,276,
D2G,T3Q,message,2,68,84,
D2G,W4Z,message,2,258,305,
D2Q,B2F,message,2,85,87,
D2Q,B7N,message,2,288,289,
D2Q,D9G,message,2,216,393,
D2Q,G3W,gift,2,41,69,7
D2Q,K4Q,message,2,199,213,
D2Q,L3X,message,2,154,200,
D2Q,M7Z,message,2,336,378,
D2Q,X4R,message,2,149,156,
D2R,D6W,harm,2,145,152,
D2R,G7P,message,2,103,111,
D3B,D4J,harm,2,327,328,
D3B,S4V,message,2,349,351,
D3X,D4Z,gift,2,157,280,6
D3X,M2P,message,2,109,124,
D3X,R3P,message,2,325,358,
D3X,S9L,message,2,135,279,
D3X,W7Q,message,2,359,360,
D4J,D4Z,gift,2,157,173,9
D4J,D9G,gift,2,242,310,0
D4J,D9G,message,2,307,308,
D4J,G3W,gift,2,42,178,15
D4J,G3W,message,2,191,221,
D4J,J4V,message,2,137,202,
D4J,L9P,message,2,238,244,
D4J,P4F,gift,2,224,225,10
D4J,Q2X,message,2,337,338,
D4J,S4V,message,2,194,317,
D4J,S4X,gift,2,61,64,0
D4J,V6L,message,2,184,186,
D4J,X7J,message,2,211,216,
D4P,W2F,message,2,115,120,
D4Z,C6S,message,2,185,337,
D4Z,C9V,gift,2,167,168,12
D4Z,D3X,message,2,279,287,
D4Z,L6G,message,2,161,260,
D4Z,T4L,message,2,242,248,
D4Z,W9F,message,2,391,392,
D6W,C9V,gift,2,272,316,0
D6W,X3C,message,2,22,222,
D7J,C6T,gift,2,59,83,0
D7J,L9K,gift,2,92,99,0
D7J,Q4W,gift,2,124,125,0
D7J,S4X,gift,2,53,64,0
D7J,X3C,gift,2,52,78,0
D7J,X4G,message,2,105,106,
D7J,X6J,gift,2,91,327,5
D7K,J9D,message,2,75,365,
D7K,S4V,message,2,339,345,
D9G,C9V,gift,2,302,346,0
D9G,D2G,message,2,320,336,
D9G,F2M,message,2,210,342,
D9G,L6G,message,2,212,214,
D9G,T2N,message,2,333,352,
D9G,X6X,message,2,328,334,
D9G,X7J,message,2,211,213,
F2K,Z9T,harm,2,350,358,
F2M,Q2X,message,2,101,104,
F4Z,F9C,message,2,13,20,
F4Z,G3W,gift,2,39,40,20
F4Z,L7C,message,2,78,79,
F4Z,V6L,message,2,107,180,
F6L,D2R,gift,2,129,133,0
F6L,F7X,message,2,147,149,
F6L,T3K,message,2,265,268,
F6L,V6G,message,2,274,278,
F6L,W4Z,gift,2,132,258,0
F6L,W7Q,gift,2,140,246,0
F6V,B2S,gift,2,192,198,0
F6V,C7W,gift,2,272,286,0
F6V,L9C,message,2,149,151,
F6Z,C6T,gift,2,152,323,0
F6Z,T4D,gift,2,176,232,0
F7B,L6G,message,2,201,248,
F7B,R3P,gift,2,242,257,0
F7B,Z3P,message,2,196,198,
F7X,D9G,gift,2,207,208,10
F9C,D2G,gift,2,153,189,4
F9C,Z2X,message,2,212,214,
G2K,V6L,gift,2,194,195,0
G2K,W4Z,gift,2,290,304,0
G3W,C6T,message,2,44,47,
G3W,Q7P,message,2,116,132,
G3W,X4R,message,2,200,214,
G3W,X6X,message,2,63,78,
G3W,X7J,message,2,216,217,
G7P,Q2X,message,2,107,108,
G7P,W6B,message,2,92,99,
J3D,Z3B,gift,2,389,397,0
J4V,B9B,message,2,77,79,
J4V,F6V,message,2,163,170,
J4V,G3W,gift,2,40,41,10
J4V,L9P,message,2,150,238,
J4V,S7D,message,2,76,83,
J4V,W4Z,message,2,171,290,
J6L,C9V,message,2,95,102,
J6L,D6W,gift,2,320,323,0
J6L,K7X,message,2,26,43,
J6L,Q2X,gift,2,114,127,0
J6L,Q6X,gift,2,324,331,0
J6L,T2B,gift,2,285,288,0
J7F,S2N,message,2,245,260,
J7F,S7D,message,2,248,255,
J7F,T4L,gift,2,303,309,0
J7F,W6B,message,2,93,256,
J7F,X6J,gift,2,91,131,5
J7V,C7D,gift,2,88,123,3
J7V,G7P,message,2,87,103,
J7V,M7Z,message,2,354,359,
J7V,R3P,message,2,81,340,
J7V,V7S,message,2,302,346,
J7V,Z2X,message,2,358,398,
J9D,G3W,gift,2,42,69,15
J9D,T4D,message,2,232,235,
J9D,V2B,message,2,28,29,
K4Q,L9P,message,2,173,191,
K4Q,P9W,gift,2,63,79,0
K4Q,Q2X,message,2,107,108,
K4Q,S2V,message,2,204,205,
K4Q,X6J,message,2,197,199,
K7F,G7P,message,2,235,236,
K7F,L9P,message,2,238,240,
K7F,V3Q,message,2,262,270,
K7F,Z4F,message,2,290,300,
K7V,Q4W,gift,2,208,234,0
K7V,X4J,gift,2,214,285,0
K7V,Z2X,gift,2,212,219,0
K7X,L9K,message,2,89,105,
L3X,S4X,harm,2,119,120,
L3X,X4R,message,2,130,149,
L6G,C6Q,message,2,103,220,
L6G,G7P,message,2,217,275,
L6G,J9D,message,2,141,390,
L6G,L9C,message,2,114,115,
L6G,T2N,message,2,270,274,
L6G,X4R,message,2,171,184,
L7C,V3Q,message,2,101,102,
L9C,G3W,gift,2,39,40,30
L9K,G3W,gift,2,42,126,20
L9K,P9W,message,2,243,244,
L9P,B7N,message,2,288,301,
L9P,D6W,message,2,152,398,
M2P,C6Q,message,2,147,150,
M2P,F9S,message,2,85,102,
M2P,P4F,message,2,259,266,
M2P,Q4S,message,2,226,227,
M4D,C6Q,message,2,102,148,
M4D,D2G,gift,2,163,178,10
M4D,S7W,message,2,250,258,
M4D,T2B,message,2,309,317,
M4D,T2N,message,2,323,328,
M7Z,C6Q,message,2,251,252,
M7Z,G3W,gift,2,96,111,7
M7Z,G7P,message,2,235,275,
M7Z,J7V,message,2,353,355,
M7Z,Q4D,gift,2,284,285,15
M7Z,S2V,message,2,254,256,
M7Z,S9L,message,2,134,336,
M9P,T7F,gift,2,17,41,30
M9P,X4R,gift,2,201,380,0
N2J,D7K,gift,2,391,395,0
N2J,W4Z,message,2,254,259,
N2J,Z2G,message,2,275,281,
N6P,L9P,message,2,181,183,
N9X,D7K,gift,2,275,344,0
N9X,V2Z,gift,2,316,327,0
N9X,W4Z,gift,2,305,306,0
P4F,B2F,message,2,74,257,
P4F,D4J,message,2,224,329,
P4F,V4N,harm,2,345,346,
P6X,D6W,message,2,283,291,
P6X,G2K,gift,2,306,307,0
P6X,S2V,message,2,228,229,
P6X,V6L,gift,2,63,76,0
P6X,Z2X,message,2,257,258,
P7X,W9F,message,2,266,268,
P9Q,C9V,message,2,208,210,
P9Q,Z2X,message,2,109,110,
P9W,C9V,message,2,103,138,
P9W,D6W,gift,2,144,145,10
P9W,D6W,message,2,148,217,
P9W,S4X,message,2,58,60,
P9W,S7D,message,2,273,274,
P9W,T7F,gift,2,141,154,15
Q2M,G3W,gift,2,44,69,15
Q2M,M4D,message,2,114,253,
Q2M,W6B,gift,2,70,211,5
Q2M,W9F,gift,2,255,266,0
Q2M,X3C,message,2,121,139,
Q2X,T7F,gift,2,41,154,15
Q3D,T4D,gift,2,256,257,0
Q3D,W4Z,gift,2,290,302,0
Q3N,D6W,message,2,336,340,
Q3N,D7K,gift,2,310,324,0
Q3N,D7K,message,2,308,322,
Q3N,K4Q,message,2,344,346,
Q3N,S2V,message,2,69,205,
Q3N,V2Z,message,2,68,372,
Q3N,W7Q,message,2,231,239,
Q4D,B2S,message,2,198,300,
Q4D,D7K,message,2,348,356,
Q4D,G3W,harm,2,111,118,
Q4D,Q7P,message,2,189,345,
Q4D,T7V,harm,2,106,107,
Q4S,V2B,message,2,221,222,
Q4S,W4Z,gift,2,174,302,0
Q4S,Z9T,message,2,249,250,
Q4W,C9V,message,2,122,136,
Q4W,J6L,message,2,104,109,
Q6J,L9C,message,2,354,356,
Q6J,S4X,message,2,9,59,
Q6J,X4R,gift,2,239,380,0
Q6X,C9V,gift,2,257,258,0
Q6X,T3Q,gift,2,268,306,5
Q6X,T4L,gift,2,284,308,0
Q6X,V4N,gift,2,307,328,0
Q6X,V6L,gift,2,203,207,0
Q6X,X3C,message,2,333,336,
Q7P,D7J,message,2,68,76,
Q7P,V7S,message,2,54,313,
Q7P,X4G,message,2,81,151,
R3P,D3X,gift,2,330,343,10
R3P,J9D,message,2,122,323,
R3P,S4X,message,2,8,211,
R4N,D4J,gift,2,312,316,0
R4V,W9R,gift,2,234,243,200
R4V,X6J,gift,2,143,185,0
R7J,G2K,message,2,254,258,
R7N,C9V,message,2,334,336,
R7N,X4R,gift,2,368,383,0
S2N,G2K,gift,2,300,306,0
S2N,J6L,message,2,172,326,
S2N,M7Z,message,2,376,378,
S2N,T4L,message,2,299,316,
S2N,Z2G,message,2,10,297,
S2P,D6W,gift,2,146,147,7
S2P,D6W,message,2,144,145,
S2V,V6L,message,2,179,185,
S2X,N6P,message,2,342,343,
S4V,R7N,message,2,356,357,
S4V,V6L,gift,2,180,194,0
S4V,X4G,message,2,373,374,
S4X,K7X,message,2,37,38,
S7D,J4V,gift,2,79,82,20
S7D,J4V,message,2,77,78,
S7D,L9P,message,2,14,173,
S7D,N6P,gift,2,157,163,0
S7D,T4J,message,2,356,362,
S9L,D4J,message,2,330,336,
S9L,M7Z,message,2,219,337,
S9L,T2N,message,2,111,277,
S9T,F6V,message,2,234,235,
T2B,Z2X,message,2,257,375,
T2N,D4J,gift,2,186,252,10
T2N,L9K,message,2,94,107,
T2N,S4X,message,2,9,14,
T2N,X4R,message,2,255,257,
T2N,X7J,message,2,285,287,
T3K,D7J,harm,2,327,338,
T3K,Q2M,message,2,268,269,
T3K,V6L,gift,2,175,211,0
T3Q,D9G,gift,2,64,79,9
T3Q,L6G,message,2,212,238,
T3Q,M4D,gift,2,114,308,5
T3Q,Q7P,message,2,177,269,
T3Q,V4N,message,2,132,265,
T4D,C6T,message,2,151,152,
T4D,M6C,message,2,235,236,
T4J,C9V,gift,2,248,351,0
T4J,D3B,message,2,338,340,
T4J,X4G,message,2,373,374,
T4J,X4R,message,2,368,369,
T4L,Q4W,message,2,234,238,
T4L,T2N,gift,2,277,327,0
T4S,C9V,gift,2,192,201,0
T7F,D4J,gift,2,47,157,0
T7F,D6W,gift,2,145,151,10
T7F,D6W,message,2,144,149,
T7F,F7X,message,2,50,59,
T7F,M4D,message,2,31,143,
T7F,P4F,message,2,10,13,
T7F,S7W,message,2,32,33,
T7F,T9V,message,2,49,60,
T7F,W2F,message,2,23,24,
T7S,V2V,message,2,79,80,
T7S,X6X,message,2,65,68,
T9J,P9W,gift,2,84,85,0
T9J,P9W,message,2,78,86,
T9J,X4R,message,2,129,131,
T9N,Q7P,harm,2,222,223,
T9V,F4Z,message,2,282,284,
T9V,F9C,message,2,362,363,
T9V,T7F,gift,2,50,61,0
V2B,J6L,message,2,104,106,
V2B,Q2X,gift,2,71,74,0
V2Z,C6T,message,2,83,84,
V2Z,D7J,gift,2,229,235,0
V2Z,Q4D,gift,2,136,140,2
V2Z,T4L,gift,2,283,316,0
V2Z,T4S,gift,2,377,387,0
V3N,D6W,message,2,22,23,
V3N,Z2G,message,2,33,34,
V3Q,C9V,message,2,171,363,
V3Q,D6W,gift,2,149,152,0
V3Q,J7F,gift,2,160,247,6
V3Q,L9P,gift,2,99,138,10
V3Q,Q3N,gift,2,334,346,0
V3Q,S2N,gift,2,253,285,0
V3Q,T4D,gift,2,98,257,5
V3Q,T4L,gift,2,245,316,5
V3Q,T9V,gift,2,121,134,0
V3Q,T9V,message,2,115,119,
V3Q,X4G,message,2,106,162,
V3Q,X6J,gift,2,131,246,0
V3Q,Z2X,gift,2,141,335,0
V4N,P9Q,harm,2,56,57,
V6G,P9W,gift,2,165,166,0
V6G,P9W,message,2,148,224,
V6G,T7F,gift,2,13,154,20
V6G,X6J,message,2,241,252,
V6L,D4J,gift,2,186,187,0
V6L,K4Q,message,2,204,340,
V6L,P6X,message,2,75,80,
V6L,X4J,message,2,195,196,
V7S,F7G,message,2,57,71,
V7S,K7X,message,2,236,316,
V7S,X6X,message,2,331,332,
W2F,P4F,gift,2,33,39,4
W4Z,D7K,gift,2,369,370,0
W4Z,L9P,message,2,288,290,
W4Z,P9W,message,2,224,231,
W4Z,V2Z,gift,2,247,327,0
W4Z,V2Z,message,2,238,246,
W4Z,X3C,message,2,146,168,
W6B,D7K,gift,2,261,308,0
W6B,K4Q,gift,2,226,227,0
W6B,Q4S,gift,2,52,86,20
W6B,S2N,gift,2,294,300,0
W6B,S7W,message,2,33,34,
W6B,V6L,gift,2,63,200,0
W6B,Z9T,harm,2,75,76,
W7Q,B2S,gift,2,192,307,0
W7Q,B2S,harm,2,311,326,
W7Q,B6N,gift,2,180,183,15
W7Q,D3X,gift,2,262,361,0
W7Q,D4J,message,2,186,204,
W7Q,J9D,gift,2,55,59,0
W7Q,S7D,gift,2,49,147,20
W7Q,V3N,gift,2,57,62,0
W7Q,V6L,gift,2,65,87,0
W7Q,W4Z,gift,2,141,174,0
W7Q,X4R,gift,2,177,184,0
W7Q,X4R,message,2,175,201,
W7Q,Z9T,message,2,80,81,
W9F,V6L,message,2,377,379,
X3C,D6W,gift,2,144,320,5
X3C,V6L,message,2,269,299,
X3C,W4Z,message,2,264,266,
X4G,C4D,message,2,99,101,
X4G,L9P,message,2,14,238,
X4G,T3Q,message,2,265,271,
X4G,T7F,gift,2,151,154,5
X4J,S2V,message,2,169,205,
X4R,B6N,gift,2,217,224,2
X4R,X6J,message,2,373,374,
X6J,C9V,message,2,131,248,
X6J,Q4S,message,2,71,72,
X6J,R4V,message,2,142,185,
X6J,S4X,message,2,114,115,
X6J,S7D,gift,2,133,319,0
X6J,V2B,message,2,122,123,
X6J,X7J,message,2,117,244,
X6X,L6G,gift,2,235,236,10
X6X,L6G,message,2,233,241,
X6X,X3C,message,2,78,243,
X7D,B7N,gift,2,279,286,0
X7J,D2G,gift,2,153,301,9
X7J,D4J,message,2,231,242,
X7J,G3W,gift,2,41,44,4
X7J,S7W,message,2,187,193,
Z2G,F4Z,message,2,23,282,
Z2G,X3C,message,2,268,271,
Z2X,B6N,gift,2,221,243,15
Z2X,D4J,message,2,312,364,
Z2X,K7F,message,2,283,294,
Z2X,N2J,message,2,365,380,
Z2X,Q3N,gift,2,253,359,0
Z2X,X4R,message,2,325,361,
Z3B,C9V,message,2,349,365,
Z3B,D4J,gift,2,316,351,0
Z3P,F7B,message,2,197,206,
Z3P,T4D,gift,2,176,232,0
Z3P,T7F,gift,2,155,160,25
Z3P,V6L,gift,2,162,175,5
Z3P,W4Z,gift,2,164,166,0
Z3P,Z2X,gift,2,193,219,0
Z3P,Z2X,message,2,141,214,
Z6N,V6L,gift,2,247,257,0
Z9T,B2S,message,2,300,316,
Z9T,N6P,message,2,222,229,
Z9T,S2V,message,2,228,232,
Z9T,S4X,message,2,8,9,
B2F,C4D,message,1,23,23,
B2F,C7W,message,1,67,67,
B2F,D6W,message,1,295,295,
B2F,G7P,gift,1,235,235,5
B2F,J7V,gift,1,338,338,8
B2F,J7V,message,1,335,335,
B2F,M7Z,message,1,219,219,
B2F,P9W,message,1,251,251,
B2F,Q2X,message,1,98,98,
B2F,Q4S,message,1,62,62,
B2F,S2P,gift,1,168,168,2
B2F,T2N,gift,1,270,270,5
B2F,T3Q,gift,1,234,234,5
B2F,T3Q,message,1,233,233,
B2F,T4D,message,1,257,257,
B2F,T4L,gift,1,289,289,0
B2F,V3Q,harm,1,138,138,
B2F,V4N,message,1,277,277,
B2F,W4Z,gift,1,266,266,0
B2F,X6X,gift,1,63,63,5
B2F,Z2X,message,1,212,212,
B2P,C9V,message,1,135,135,
B2P,G3W,gift,1,114,114,15
B2P,G7P,gift,1,103,103,2
B2P,L9P,message,1,14,14,
B2P,P6X,message,1,128,128,
B2S,C7D,gift,1,186,186,0
B2S,C7W,message,1,193,193,
B2S,D7K,message,1,308,308,
B2S,D9G,gift,1,313,313,0
B2S,J4V,gift,1,280,280,0
B2S,J6L,gift,1,185,185,0
B2S,J7F,message,1,303,303,
B2S,J7V,gift,1,240,240,0
B2S,K4Q,gift,1,261,261,0
B2S,K7X,gift,1,218,218,0
B2S,M9P,gift,1,345,345,0
B2S,M9P,message,1,199,199,
B2S,P9Q,message,1,203,203,
B2S,P9W,message,1,196,196,
B2S,Q3N,gift,1,347,347,0
B2S,Q3N,message,1,200,200,
B2S,Q6J,gift,1,369,369,0
B2S,S2V,message,1,205,205,
B2S,T2B,gift,1,309,309,0
B2S,T7V,gift,1,223,223,10
B2S,W4Z,gift,1,305,305,0
B2S,W9F,gift,1,243,243,0
B2S,X4J,gift,1,285,285,0
B2S,X4R,gift,1,385,385,0
B2S,Z2G,gift,1,343,343,0
B2S,Z2X,gift,1,212,212,0
B2S,Z4F,gift,1,357,357,0
B3D,R3P,gift,1,299,299,0
B4B,C9Q,message,1,211,211,
B4B,D2G,gift,1,145,145,5
B4B,J7F,message,1,160,160,
B4B,J7V,message,1,60,60,
B4B,Q6J,message,1,82,82,
B4B,R3P,message,1,68,68,
B4B,V3Q,message,1,156,156,
B4B,X4G,message,1,194,194,
B4B,X4R,message,1,184,184,
B4B,X7J,gift,1,214,214,5
B4B,Z2X,message,1,159,159,
B6N,B2F,gift,1,335,335,5
B6N,B4B,gift,1,158,158,10
B6N,C2V,gift,1,134,134,5
B6N,C6Q,message,1,181,181,
B6N,D4J,message,1,352,352,
B6N,D4Z,message,1,157,157,
B6N,D6W,message,1,206,206,
B6N,D9G,gift,1,201,201,5
B6N,P4F,message,1,159,159,
B6N,Q4D,gift,1,189,189,5
B6N,Q4S,gift,1,154,154,5
B6N,Q4S,message,1,167,167,
B6N,Q6J,message,1,153,153,
B6N,Q7P,message,1,190,190,
B6N,T2N,gift,1,333,333,8
B6N,V3Q,message,1,156,156,
B6N,X4R,harm,1,236,236,
B6Z,C2V,gift,1,134,134,5
B6Z,C6T,gift,1,152,152,0
B6Z,C6T,message,1,151,151,
B6Z,F2K,message,1,95,95,
B6Z,F4Z,message,1,89,89,
B6Z,F6L,message,1,142,142,
B6Z,F7X,gift,1,128,128,8
B6Z,J6L,gift,1,110,110,0
B6Z,J6L,message,1,104,104,
B6Z,L9P,gift,1,138,138,10
B6Z,N6P,message,1,158,158,
B6Z,P9Q,message,1,49,49,
B6Z,P9W,gift,1,140,140,0
B6Z,P9W,harm,1,159,159,
B6Z,Q2X,gift,1,109,109,30
B6Z,Q2X,message,1,107,107,
B6Z,T2B,gift,1,144,144,0
B6Z,T2B,message,1,145,145,
B6Z,V6G,message,1,147,147,
B6Z,X6J,gift,1,131,131,10
B6Z,Z2X,gift,1,141,141,20
B7N,D4Z,gift,1,157,157,6
B7N,D7J,gift,1,246,246,0
B7N,D7K,gift,1,277,277,0
B7N,F6Z,gift,1,97,97,0
B7N,K7F,message,1,258,258,
B7N,Q3N,message,1,367,367,
B7N,Q6J,message,1,288,288,
B7N,T2N,message,1,293,293,
B7N,T4L,message,1,269,269,
B7N,T7V,gift,1,223,223,10
B7N,V2Z,message,1,268,268,
B7N,V6L,message,1,286,286,
B7N,X4R,gift,1,164,164,0
B7N,Z2G,message,1,294,294,
B9B,B2F,message,1,91,91,
B9B,C9V,gift,1,233,233,5
B9B,D9G,gift,1,79,79,0
B9B,J4V,message,1,78,78,
B9B,K7X,harm,1,249,249,
B9B,K7X,message,1,248,248,
B9B,L6G,message,1,232,232,
B9B,L9P,message,1,218,218,
B9B,M4D,gift,1,190,190,3
B9B,M4D,message,1,140,140,
B9B,M7Z,message,1,219,219,
B9B,Q2X,message,1,71,71,
B9B,Q4D,gift,1,189,189,5
B9B,Q6J,message,1,226,226,
B9B,Q7P,gift,1,175,175,5
B9B,S2V,gift,1,69,69,5
B9B,S4X,message,1,123,123,
B9B,T2F,message,1,109,109,
B9B,T2N,message,1,171,171,
B9B,T9J,message,1,119,119,
B9B,V3N,gift,1,45,45,0
B9B,V4N,message,1,132,132,
B9B,W6B,gift,1,93,93,5
B9B,W6B,message,1,92,92,
B9B,X6J,message,1,131,131,
B9B,X6X,gift,1,74,74,5
B9B,Z2G,message,1,133,133,
B9B,Z2X,message,1,170,170,
C2V,C7W,message,1,27,27,
C2V,D6W,gift,1,174,174,0
C2V,D7J,gift,1,98,98,10
C2V,D7K,gift,1,101,101,0
C2V,F7X,gift,1,135,135,0
C2V,L6G,gift,1,161,161,0
C2V,L9P,gift,1,99,99,20
C2V,S7W,message,1,25,25,
C2V,T4D,gift,1,130,130,0
C2V,X4R,gift,1,380,380,0
C2V,X6J,gift,1,131,131,0
C4D,B9B,message,1,86,86,
C4D,V2Z,message,1,82,82,
C4D,W6B,gift,1,93,93,5
C4D,W6B,message,1,92,92,
C4D,X6J,gift,1,94,94,0
C4D,X6X,message,1,70,70,
C4N,K4Q,harm,1,344,344,
C4N,L2X,gift,1,338,338,0
C4N,L2X,harm,1,340,340,
C4N,M6C,message,1,339,339,
C4N,R7N,message,1,356,356,
C4N,S2X,message,1,353,353,
C4N,Z2X,message,1,399,399,
C4X,B6Z,gift,1,138,138,0
C4X,C9V,message,1,122,122,
C4X,D6K,gift,1,356,356,0
C4X,J4V,message,1,96,96,
C4X,K4Q,gift,1,124,124,0
C4X,Q2X,message,1,125,125,
C4X,S4X,gift,1,60,60,0
C4X,T2B,gift,1,144,144,0
C4X,X4G,gift,1,103,103,0
C4X,Z9T,gift,1,123,123,0
C6Q,B6N,gift,1,182,182,5
C6Q,B6N,message,1,180,180,
C6Q,B9B,message,1,77,77,
C6Q,C4D,message,1,92,92,
C6Q,C7D,message,1,88,88,
C6Q,D2G,message,1,98,98,
C6Q,D4J,message,1,196,196,
C6Q,G3W,message,1,181,181,
C6Q,G7P,message,1,103,103,
C6Q,K7X,message,1,259,259,
C6Q,L9P,message,1,248,248,
C6Q,M2P,message,1,151,151,
C6Q,P4F,message,1,159,159,
C6Q,Q6J,message,1,167,167,
C6Q,S4K,message,1,93,93,
C6Q,S7D,message,1,91,91,
C6Q,T3Q,message,1,218,218,
C6Q,X6X,gift,1,86,86,5
C6Q,X7J,gift,1,117,117,5
C6Q,Z2X,message,1,108,108,
C6S,L7C,gift,1,202,202,1
C6S,W6B,message,1,30,30,
C6S,X4R,message,1,203,203,
C6S,X6X,gift,1,308,308,2
C6T,G7P,message,1,235,235,
C6T,K7X,message,1,38,38,
C6T,L9P,gift,1,150,150,0
C6T,M7Z,message,1,219,219,
C6T,P9W,gift,1,153,153,0
C6T,P9W,message,1,152,152,
C6T,S2N,message,1,71,71,
C6T,S4X,message,1,64,64,
C6T,T2N,message,1,323,323,
C6T,T9V,gift,1,111,111,5
C6T,X7J,gift,1,211,211,5
C6T,Z2G,gift,1,102,102,0
C6T,Z2G,message,1,81,81,
C7D,B2P,message,1,126,126,
C7D,B6N,message,1,123,123,
C7D,C6Q,gift,1,89,89,5
C7D,C6Q,message,1,77,77,
C7D,C6T,message,1,83,83,
C7D,D2Q,gift,1,121,121,0
C7D,G3W,gift,1,69,69,5
C7D,J7F,message,1,160,160,
C7D,L9C,message,1,115,115,
C7D,P4F,message,1,159,159,
C7D,Q4S,message,1,86,86,
C7D,V2B,message,1,153,153,
C7D,V3N,message,1,80,80,
C7D,V4N,gift,1,120,120,0
C7D,V6G,message,1,147,147,
C7D,V6L,message,1,162,162,
C7D,X6X,message,1,78,78,
C7G,V2R,gift,1,343,343,10
C7N,R7N,gift,1,356,356,10
C7N,V2Z,gift,1,372,372,0
C7W,C2V,message,1,27,27,
C7W,C9V,gift,1,111,111,0
C7W,D4J,message,1,343,343,
C7W,D6K,gift,1,261,261,10
C7W,F4Z,message,1,282,282,
C7W,F6Z,message,1,342,342,
C7W,L7C,message,1,105,105,
C7W,L9K,message,1,137,137,
C7W,Q2X,gift,1,115,115,15
C7W,Q4S,message,1,174,174,
C7W,S7W,gift,1,262,262,0
C7W,T4L,message,1,295,295,
C7W,V2B,message,1,110,110,
C7W,V3N,gift,1,45,45,0
C7W,V6G,gift,1,164,164,0
C7W,V6L,message,1,171,171,
C7W,X3C,message,1,113,113,
C7W,X4J,gift,1,285,285,0
C7W,X7D,message,1,289,289,
C9N,D4J,gift,1,327,327,0
C9N,D4J,message,1,384,384,
C9N,D7K,harm,1,344,344,
C9N,M9P,gift,1,325,325,0
C9N,T4J,harm,1,335,335,
C9Q,B2S,gift,1,198,198,0
C9Q,D4J,harm,1,330,330,
C9Q,D4Z,harm,1,173,173,
C9Q,F7B,gift,1,213,213,5
C9Q,F7Q,gift,1,254,254,0
C9Q,G7P,gift,1,235,235,5
C9Q,J4V,gift,1,249,249,0
C9Q,M4D,gift,1,264,264,5
C9Q,P9W,harm,1,251,251,
C9Q,T2N,message,1,270,270,
C9Q,T3Q,message,1,306,306,
C9Q,T4L,harm,1,245,245,
C9Q,V6G,gift,1,278,278,0
C9Q,W4Z,gift,1,305,305,0
C9Q,W9F,gift,1,266,266,0
C9Q,X4J,gift,1,285,285,0
C9Q,Z2X,gift,1,212,212,0
C9Q,Z9T,gift,1,202,202,5
C9V,B2S,gift,1,226,226,0
C9V,B2S,message,1,257,257,
C9V,B3D,gift,1,297,297,0
C9V,B9B,gift,1,77,77,0
C9V,C7D,gift,1,89,89,0
C9V,C7W,message,1,110,110,
C9V,D2Q,message,1,119,119,
C9V,D3X,gift,1,79,79,0
C9V,D4J,gift,1,194,194,0
C9V,D9G,message,1,345,345,
C9V,F9C,gift,1,225,225,0
C9V,G7P,message,1,270,270,
C9V,J4V,message,1,116,116,
C9V,L6G,message,1,299,299,
C9V,L7C,gift,1,78,78,0
C9V,M9P,message,1,301,301,
C9V,P4F,message,1,372,372,
C9V,P4T,message,1,262,262,
C9V,P9W,message,1,104,104,
C9V,Q2M,gift,1,183,183,0
C9V,Q2X,gift,1,125,125,0
C9V,Q3D,message,1,313,313,
C9V,Q3N,message,1,126,126,
C9V,Q4D,message,1,348,348,
C9V,Q4S,message,1,95,95,
C9V,Q6X,gift,1,224,224,0
C9V,Q7P,gift,1,197,197,0
C9V,R4V,message,1,254,254,
C9V,R4X,gift,1,70,70,0
C9V,R7N,gift,1,335,335,0
C9V,S4V,gift,1,206,206,0
C9V,S9L,gift,1,241,241,0
C9V,T4J,gift,1,283,283,0
C9V,T4L,message,1,306,306,
C9V,V2B,message,1,122,122,
C9V,V3N,gift,1,45,45,0
C9V,X7J,gift,1,127,127,0
C9V,Z4F,message,1,189,189,
C9V,Z9T,gift,1,292,292,0
D2G,B2S,gift,1,307,307,5
D2G,C6T,message,1,73,73,
D2G,D4Z,gift,1,144,144,5
D2G,F2M,message,1,149,149,
D2G,J7F,message,1,303,303,
D2G,J7V,message,1,394,394,
D2G,L6G,message,1,118,118,
D2G,M2P,message,1,264,264,
D2G,P9Q,gift,1,145,145,5
D2G,Q3N,message,1,262,262,
D2G,Q6J,message,1,226,226,
D2G,Q6X,gift,1,228,228,0
D2G,Q6X,message,1,227,227,
D2G,R3P,message,1,105,105,
D2G,S2V,message,1,169,169,
D2G,T7S,message,1,65,65,
D2G,V4N,message,1,111,111,
D2G,V6G,gift,1,147,147,5
D2G,V7S,message,1,346,346,
D2G,X4R,message,1,372,372,
D2Q,B2F,gift,1,90,90,5
D2Q,C6Q,message,1,243,243,
D2Q,C9N,message,1,375,375,
D2Q,D4Z,message,1,157,157,
D2Q,D9G,gift,1,217,217,5
D2Q,F2M,message,1,280,280,
D2Q,F4Z,message,1,152,152,
D2Q,F7B,message,1,312,312,
D2Q,G7P,message,1,278,278,
D2Q,K7V,gift,1,292,292,5
D2Q,L3X,gift,1,155,155,0
D2Q,L9K,gift,1,89,89,5
D2Q,Q4S,gift,1,226,226,0
D2Q,Q7P,message,1,346,346,
D2Q,R3P,message,1,141,141,
D2Q,S4X,message,1,340,340,
D2Q,S7D,message,1,133,133,
D2Q,S7W,message,1,260,260,
D2Q,T4J,gift,1,225,225,5
D2Q,T4L,message,1,245,245,
D2Q,Z2G,message,1,297,297,
D2Q,Z2X,message,1,161,161,
D2Q,Z9T,gift,1,67,67,5
D2R,C9V,gift,1,122,122,0
D2R,G7P,gift,1,112,112,5
D2R,J6L,gift,1,104,104,0
D2R,J7F,gift,1,400,400,0
D2R,P6X,gift,1,100,100,0
D2R,Q4S,gift,1,150,150,0
D2R,Q4W,harm,1,108,108,
D2R,T2B,gift,1,144,144,0
D2R,T7F,gift,1,154,154,6
D2R,Z2X,gift,1,110,110,0
D3B,F7B,message,1,362,362,
D3B,M9P,gift,1,374,374,0
D3B,T4J,gift,1,341,341,8
D3X,B6N,gift,1,180,180,5
D3X,C7D,gift,1,186,186,5
D3X,D2G,gift,1,147,147,5
D3X,D2Q,gift,1,115,115,5
D3X,F2M,message,1,314,314,
D3X,F7X,message,1,207,207,
D3X,G3W,gift,1,43,43,4
D3X,G3W,message,1,110,110,
D3X,J7V,gift,1,80,80,0
D3X,J7V,message,1,326,326,
D3X,K7X,message,1,221,221,
D3X,L3X,gift,1,154,154,0
D3X,L6G,message,1,313,313,
D3X,L9P,gift,1,238,238,0
D3X,M2P,gift,1,111,111,5
D3X,M7Z,gift,1,250,250,0
D3X,P6X,message,1,146,146,
D3X,Q3N,message,1,262,262,
D3X,Q7P,message,1,179,179,
D3X,S2P,message,1,168,168,
D3X,S4V,gift,1,194,194,5
D3X,S4X,gift,1,57,57,0
D3X,T2N,message,1,306,306,
D3X,T7S,message,1,30,30,
D3X,V2Z,gift,1,82,82,6
D3X,V7S,message,1,42,42,
D3X,W6B,gift,1,92,92,5
D3X,X4G,message,1,373,373,
D3X,X6J,message,1,136,136,
D3X,Z2G,gift,1,81,81,5
D3X,Z2G,message,1,10,10,
D3X,Z2X,message,1,170,170,
D3X,Z9T,message,1,202,202,
D4J,B2S,gift,1,198,198,0
D4J,B6N,gift,1,180,180,5
D4J,B6N,message,1,353,353,
D4J,B9B,gift,1,166,166,2
D4J,C9N,message,1,383,383,
D4J,C9V,gift,1,249,249,0
D4J,D2Q,message,1,312,312,
D4J,D3B,harm,1,329,329,
D4J,D3X,message,1,254,254,
D4J,D6W,gift,1,320,320,0
D4J,F6L,message,1,142,142,
D4J,F6V,message,1,163,163,
D4J,F7B,gift,1,229,229,5
D4J,F7Q,message,1,323,323,
D4J,G7P,gift,1,235,235,5
D4J,G7P,message,1,188,188,
D4J,J7F,message,1,303,303,
D4J,J9D,message,1,390,390,
D4J,K4Q,gift,1,227,227,0
D4J,K4Q,message,1,204,204,
D4J,L6G,gift,1,232,232,5
D4J,L7C,gift,1,78,78,5
D4J,L9C,gift,1,240,240,0
D4J,M7Z,gift,1,219,219,3
D4J,M9P,message,1,199,199,
D4J,N2J,message,1,374,374,
D4J,P4F,message,1,128,128,
D4J,P9Q,gift,1,158,158,0
D4J,P9W,gift,1,243,243,0
D4J,Q3N,gift,1,200,200,0
D4J,Q4D,gift,1,253,253,0
D4J,Q4S,gift,1,230,230,0
D4J,Q4S,message,1,83,83,
D4J,Q6X,message,1,236,236,
D4J,Q7P,message,1,182,182,
D4J,R7N,gift,1,386,386,0
D4J,S2N,gift,1,250,250,0
D4J,S2V,gift,1,169,169,6
D4J,S7W,gift,1,187,187,10
D4J,T2B,gift,1,145,145,0
D4J,T2B,message,1,144,144,
D4J,V2Z,message,1,127,127,
D4J,V3N,gift,1,62,62,0
D4J,V4N,gift,1,328,328,0
D4J,V6L,gift,1,322,322,0
D4J,W4S,gift,1,360,360,0
D4J,W4Z,gift,1,305,305,0
D4J,W7Q,gift,1,205,205,0
D4J,X3C,gift,1,179,179,5
D4J,X4J,gift,1,197,197,0
D4J,X4R,message,1,246,246,
D4J,X6J,gift,1,65,65,0
D4J,X7D,message,1,395,395,
D4P,C6S,gift,1,70,70,5
D4P,D9G,message,1,64,64,
D4P,G3W,gift,1,41,41,2
D4P,G3W,harm,1,118,118,
D4Z,B6N,message,1,123,123,
D4Z,C4N,gift,1,349,349,6
D4Z,C6T,harm,1,44,44,
D4Z,C6T,message,1,83,83,
D4Z,D2Q,message,1,387,387,
D4Z,D2R,message,1,149,149,
D4Z,F2M,message,1,369,369,
D4Z,G3W,gift,1,95,95,5
D4Z,J4V,message,1,137,137,
D4Z,J7F,gift,1,219,219,5
D4Z,J7F,message,1,160,160,
D4Z,J7V,gift,1,138,138,3
D4Z,L9C,message,1,124,124,
D4Z,M7Z,message,1,136,136,
D4Z,M9P,message,1,264,264,
D4Z,P9W,message,1,251,251,
D4Z,Q2X,message,1,104,104,
D4Z,Q4D,harm,1,119,119,
D4Z,Q4W,message,1,59,59,
D4Z,Q6J,gift,1,226,226,5
D4Z,Q6J,message,1,368,368,
D4Z,S4X,message,1,145,145,
D4Z,S7W,message,1,259,259,
D4Z,V2B,message,1,122,122,
D4Z,V2Z,message,1,96,96,
D4Z,V4N,message,1,205,205,
D4Z,V6G,message,1,147,147,
D4Z,X4G,message,1,162,162,
D4Z,Z2X,message,1,398,398,
D6K,F7Q,message,1,238,238,
D6K,Q3N,message,1,262,262,
D6K,W9F,gift,1,263,263,0
D6K,W9F,message,1,261,261,
D6W,C2V,message,1,276,276,
D6W,D4J,gift,1,327,327,0
D6W,D4Z,message,1,149,149,
D6W,D7J,message,1,329,329,
D6W,D9G,message,1,242,242,
D6W,G2K,gift,1,298,298,0
D6W,G3W,gift,1,114,114,15
D6W,G7P,message,1,188,188,
D6W,J6L,message,1,189,189,
D6W,L9P,gift,1,274,274,0
D6W,M7Z,gift,1,144,144,0
D6W,Q2X,gift,1,115,115,15
D6W,Q4W,gift,1,305,305,0
D6W,Q6X,message,1,341,341,
D6W,S2P,message,1,145,145,
D6W,S7D,message,1,324,324,
D6W,S7W,message,1,172,172,
D6W,T4D,gift,1,314,314,0
D6W,V3Q,gift,1,148,148,0
D6W,V4N,message,1,328,328,
D6W,W4Z,message,1,174,174,
D6W,W6B,gift,1,209,209,0
D6W,X4R,message,1,176,176,
D7J,B6Z,message,1,126,126,
D7J,B7N,gift,1,63,63,0
D7J,C4N,gift,1,343,343,0
D7J,D7K,gift,1,344,344,0
D7J,J4V,gift,1,96,96,0
D7J,K7X,gift,1,130,130,0
D7J,M7Z,gift,1,336,336,0
D7J,M9P,gift,1,345,345,0
D7J,P6X,gift,1,100,100,0
D7J,Q2M,gift,1,129,129,0
D7J,R4V,message,1,143,143,
D7J,S4V,gift,1,337,337,0
D7J,S7D,gift,1,54,54,0
D7J,T2B,gift,1,144,144,0
D7J,T2B,message,1,104,104,
D7J,T3K,gift,1,326,326,0
D7J,T4D,message,1,131,131,
D7J,T7F,gift,1,141,141,10
D7J,V2B,message,1,111,111,
D7J,V2Z,gift,1,95,95,0
D7J,V3N,gift,1,62,62,0
D7J,W4Z,gift,1,140,140,5
D7J,W4Z,message,1,149,149,
D7J,W6B,gift,1,93,93,0
D7J,X4G,gift,1,107,107,0
D7J,Z6J,message,1,113,113,
D7K,C2V,message,1,273,273,
D7K,D2G,gift,1,201,201,0
D7K,D4J,gift,1,242,242,0
D7K,D4P,gift,1,133,133,1
D7K,F6Z,message,1,342,342,
D7K,F9C,message,1,243,243,
D7K,J6L,message,1,104,104,
D7K,K4Q,message,1,340,340,
D7K,L9K,message,1,92,92,
D7K,L9P,message,1,332,332,
D7K,M9P,message,1,347,347,
D7K,Q6J,message,1,364,364,
D7K,Q6X,message,1,344,344,
D7K,T9V,gift,1,249,249,0
D7K,V2Z,gift,1,330,330,0
D7K,W7Q,message,1,373,373,
D7K,W9R,gift,1,247,247,0
D7K,X3C,message,1,271,271,
D7K,Z2X,message,1,358,358,
D9G,B2F,gift,1,98,98,5
D9G,B2S,gift,1,319,319,0
D9G,D2G,gift,1,321,321,0
D9G,D2Q,message,1,215,215,
D9G,D6W,message,1,222,222,
D9G,F7X,message,1,207,207,
D9G,L3K,gift,1,249,249,0
D9G,M2P,gift,1,230,230,10
D9G,P4F,message,1,209,209,
D9G,Q4D,gift,1,208,208,5
D9G,Q7P,message,1,311,311,
D9G,S2V,gift,1,251,251,5
D9G,S4X,message,1,9,9,
D9G,S7W,message,1,250,250,
D9G,T7V,gift,1,68,68,5
D9G,V2B,message,1,48,48,
D9G,V3N,message,1,56,56,
D9G,X4R,message,1,243,243,
F2K,D6K,gift,1,253,253,0
F2K,G9B,harm,1,369,369,
F2M,B4B,message,1,213,213,
F2M,C9V,gift,1,241,241,6
F2M,D2G,gift,1,165,165,0
F2M,D2R,message,1,149,149,
F2M,D4J,gift,1,242,242,5
F2M,D4Z,message,1,368,368,
F2M,D9G,gift,1,343,343,6
F2M,F7B,message,1,268,268,
F2M,J7V,gift,1,236,236,5
F2M,J7V,message,1,366,366,
F2M,M7Z,gift,1,250,250,6
F2M,P4F,gift,1,263,263,5
F2M,Q4S,message,1,373,373,
F2M,Q6X,message,1,399,399,
F2M,S2X,message,1,398,398,
F2M,T7F,gift,1,19,19,5
F2M,T9J,message,1,108,108,
F2M,V4N,message,1,32,32,
F2M,X3C,message,1,243,243,
F2M,X4G,message,1,374,374,
F2M,X4R,message,1,365,365,
F4Z,C4N,gift,1,352,352,0
F4Z,D4J,gift,1,252,252,0
F4Z,D6W,message,1,23,23,
F4Z,F9C,gift,1,210,210,0
F4Z,L7C,gift,1,81,81,5
F4Z,L9P,gift,1,248,248,0
F4Z,M4D,gift,1,322,322,0
F4Z,Q7P,gift,1,346,346,0
F4Z,S7W,message,1,15,15,
F4Z,T2B,gift,1,343,343,0
F4Z,T2N,gift,1,150,150,5
F4Z,T4L,gift,1,284,284,0
F4Z,T7F,gift,1,143,143,0
F4Z,V2Z,message,1,82,82,
F6L,B2S,gift,1,248,248,0
F6L,B7N,gift,1,279,279,0
F6L,C2V,gift,1,134,134,0
F6L,C6T,gift,1,151,151,0
F6L,C9V,gift,1,116,116,0
F6L,D3X,message,1,135,135,
F6L,D4J,gift,1,143,143,0
F6L,D6K,gift,1,261,261,0
F6L,D6W,gift,1,152,152,0
F6L,D7K,gift,1,363,363,0
F6L,F7Q,gift,1,254,254,0
F6L,J4V,gift,1,249,249,0
F6L,J6L,message,1,113,113,
F6L,J7F,gift,1,247,247,0
F6L,K4Q,gift,1,124,124,0
F6L,K7V,gift,1,136,136,5
F6L,L9K,gift,1,126,126,0
F6L,L9P,gift,1,150,150,0
F6L,P6X,gift,1,128,128,5
F6L,Q2X,gift,1,125,125,0
F6L,Q4S,gift,1,277,277,0
F6L,S7W,gift,1,259,259,0
F6L,T4D,gift,1,256,256,0
F6L,T9V,gift,1,115,115,0
F6L,V2B,message,1,111,111,
F6L,V6G,gift,1,263,263,0
F6L,W9F,gift,1,255,255,0
F6L,Z2X,message,1,360,360,
F6V,B7N,gift,1,300,300,0
F6V,B7N,message,1,279,279,
F6V,B9B,message,1,166,166,
F6V,C9V,gift,1,183,183,0
F6V,D2G,gift,1,189,189,0
F6V,D2G,harm,1,190,190,
F6V,D4J,harm,1,319,319,
F6V,F7Q,gift,1,254,254,0
F6V,G7P,gift,1,265,265,0
F6V,J4V,message,1,175,175,
F6V,L2X,gift,1,262,262,0
F6V,M9P,gift,1,199,199,0
F6V,P6X,gift,1,238,238,0
F6V,Q3N,gift,1,253,253,0
F6V,Q4S,message,1,277,277,
F6V,S2N,gift,1,297,297,0
F6V,S2N,harm,1,299,299,
F6V,T2B,gift,1,145,145,0
F6V,T3Q,gift,1,268,268,5
F6V,T4L,gift,1,284,284,0
F6V,T4L,harm,1,285,285,
F6V,T4L,message,1,283,283,
F6V,V6G,gift,1,260,260,0
F6V,V6L,gift,1,194,194,0
F6V,W4Z,gift,1,287,287,0
F6V,W7Q,gift,1,237,237,0
F6V,W7Q,message,1,314,314,
F6V,Z2X,gift,1,141,141,0
F6V,Z3P,message,1,164,164,
F6V,Z9T,gift,1,267,267,0
F6Z,C6T,message,1,151,151,
F6Z,D3X,gift,1,324,324,0
F6Z,F2M,message,1,168,168,
F6Z,F7B,gift,1,294,294,0
F6Z,F9C,harm,1,90,90,
F6Z,J6L,gift,1,331,331,0
F6Z,J7V,gift,1,326,326,0
F6Z,J9D,gift,1,313,313,0
F6Z,K4Q,gift,1,345,345,0
F6Z,K7F,gift,1,300,300,0
F6Z,L6G,gift,1,161,161,5
F6Z,L9K,gift,1,89,89,5
F6Z,L9P,gift,1,182,182,0
F6Z,Q6X,message,1,354,354,
F6Z,S2V,gift,1,169,169,6
F6Z,S7D,gift,1,304,304,0
F6Z,T4L,gift,1,245,245,0
F6Z,V2Z,gift,1,327,327,0
F6Z,V4N,gift,1,328,328,0
F6Z,V6L,gift,1,180,180,0
F6Z,W7Q,gift,1,231,231,0
F6Z,X4G,gift,1,162,162,0
F6Z,Z2G,gift,1,264,264,0
F6Z,Z2X,message,1,357,357,
F6Z,Z4F,gift,1,301,301,0
F7B,C4N,gift,1,344,344,0
F7B,C6S,gift,1,337,337,0
F7B,C6T,message,1,238,238,
F7B,D3X,gift,1,204,204,10
F7B,D4J,gift,1,322,322,0
F7B,D4J,harm,1,312,312,
F7B,D4Z,gift,1,349,349,0
F7B,F2M,gift,1,342,342,0
F7B,F6L,gift,1,318,318,0
F7B,F6Z,message,1,188,188,
F7B,G2K,gift,1,308,308,0
F7B,G3W,gift,1,169,169,5
F7B,J6L,message,1,189,189,
F7B,J9D,gift,1,313,313,0
F7B,L2X,gift,1,281,281,0
F7B,L6G,gift,1,213,213,5
F7B,L9P,gift,1,182,182,0
F7B,Q2X,gift,1,338,338,0
F7B,Q3N,gift,1,334,334,0
F7B,S2P,gift,1,168,168,2
F7B,S7W,message,1,187,187,
F7B,S9L,gift,1,310,310,0
F7B,T2N,gift,1,333,333,0
F7B,T3Q,message,1,234,234,
F7B,T7V,gift,1,223,223,10
F7B,V3Q,gift,1,270,270,0
F7B,V7S,gift,1,261,261,0
F7B,Z2X,gift,1,214,214,0
F7G,C6Q,message,1,77,77,
F7G,G3W,gift,1,42,42,2
F7G,L9C,message,1,116,116,
F7G,Q4S,message,1,86,86,
F7Q,D4J,harm,1,326,326,
F7Q,D4J,message,1,322,322,
F7Q,D9G,gift,1,242,242,0
F7Q,L2X,message,1,248,248,
F7Q,P9W,gift,1,251,251,0
F7Q,R7N,gift,1,380,380,0
F7Q,T4L,gift,1,245,245,0
F7Q,V2Z,gift,1,252,252,0
F7Q,W9F,gift,1,255,255,0
F7Q,Z2X,message,1,371,371,
F7Q,Z3B,gift,1,365,365,0
F7X,C2V,message,1,134,134,
F7X,C6S,message,1,71,71,
F7X,C6T,gift,1,150,150,0
F7X,D2R,message,1,149,149,
F7X,F6L,message,1,148,148,
F7X,L9K,message,1,126,126,
F7X,P6X,gift,1,128,128,5
F7X,T9N,gift,1,108,108,0
F7X,V4N,message,1,132,132,
F7X,X3C,message,1,121,121,
F7X,X4R,harm,1,237,237,
F7X,X6X,gift,1,176,176,2
F7X,X7J,message,1,211,211,
F7X,Z2X,gift,1,159,159,6
F9C,B3X,gift,1,266,266,0
F9C,D4J,gift,1,163,163,15
F9C,D4J,message,1,352,352,
F9C,D4Z,gift,1,241,241,0
F9C,D4Z,message,1,157,157,
F9C,J7V,gift,1,240,240,0
F9C,L9P,gift,1,248,248,0
F9C,Q2X,gift,1,104,104,0
F9C,Q3N,gift,1,253,253,0
F9C,Q4D,gift,1,249,249,0
F9C,T7F,gift,1,154,154,10
F9C,W9R,gift,1,341,341,0
F9C,X4G,gift,1,162,162,5
F9S,B2F,gift,1,85,85,5
F9S,B2F,message,1,79,79,
F9S,D4J,gift,1,127,127,5
F9S,D4Z,gift,1,173,173,3
F9S,J6L,gift,1,172,172,5
F9S,L6G,gift,1,161,161,5
F9S,L9C,message,1,183,183,
F9S,P4F,gift,1,128,128,5
F9S,R3P,gift,1,58,58,5
F9S,V2B,gift,1,46,46,0
F9S,V2B,message,1,191,191,
F9S,W4Z,message,1,199,199,
G2K,B2S,gift,1,307,307,0
G2K,D9G,gift,1,319,319,0
G2K,F6Z,message,1,327,327,
G2K,J7F,gift,1,303,303,0
G2K,L9P,gift,1,301,301,0
G2K,P9W,gift,1,196,196,0
G2K,Q4D,gift,1,285,285,5
G2K,V6G,gift,1,278,278,0
G2K,Z2X,gift,1,193,193,0
G3W,B9B,message,1,86,86,
G3W,C9V,message,1,196,196,
G3W,D4J,message,1,177,177,
G3W,D4Z,message,1,94,94,
G3W,D9G,message,1,55,55,
G3W,F9C,message,1,191,191,
G3W,J6L,gift,1,187,187,0
G3W,J6L,message,1,185,185,
G3W,J9D,message,1,59,59,
G3W,L9K,message,1,89,89,
G3W,P4F,message,1,128,128,
G3W,Q2X,message,1,98,98,
G3W,Q4D,gift,1,67,67,5
G3W,Q4W,message,1,93,93,
G3W,Q6J,message,1,146,146,
G3W,Q6X,message,1,192,192,
G3W,R3P,gift,1,81,81,5
G3W,R3P,message,1,58,58,
G3W,R4X,message,1,70,70,
G3W,T3Q,gift,1,99,99,0
G3W,T3Q,message,1,97,97,
G3W,V2Z,message,1,80,80,
G3W,W6B,message,1,35,35,
G3W,X4G,message,1,69,69,
G3W,X4R,gift,1,184,184,0
G3W,X6J,gift,1,92,92,5
G6G,M7Z,gift,1,170,170,5
G6G,Q6J,gift,1,167,167,10
G6G,S2P,gift,1,168,168,2
G6G,S2V,gift,1,169,169,6
G7P,C6T,message,1,237,237,
G7P,D6W,message,1,188,188,
G7P,F4Z,message,1,152,152,
G7P,J7V,message,1,86,86,
G7P,L7C,gift,1,78,78,5
G7P,L9C,message,1,124,124,
G7P,M7Z,gift,1,276,276,0
G7P,S4X,message,1,178,178,
G7P,S9L,message,1,134,134,
G7P,W6B,gift,1,93,93,5
G7P,X3C,message,1,222,222,
G9B,G7W,harm,1,363,363,
J3D,B7N,gift,1,286,286,0
J3D,V3Q,gift,1,388,388,0
J3D,X4J,gift,1,285,285,0
J4V,C6T,message,1,152,152,
J4V,F2K,message,1,232,232,
J4V,F4Z,message,1,285,285,
J4V,J7F,message,1,258,258,
J4V,M4D,message,1,138,138,
J4V,P6X,message,1,291,291,
J4V,S2N,message,1,172,172,
J4V,S4X,gift,1,64,64,0
J4V,S7D,gift,1,78,78,10
J4V,S7W,message,1,276,276,
J4V,T4L,gift,1,289,289,0
J4V,T4L,message,1,283,283,
J4V,T7F,gift,1,43,43,5
J4V,T7V,message,1,281,281,
J4V,V3N,gift,1,45,45,0
J4V,W9R,gift,1,86,86,0
J4V,Z2X,message,1,96,96,
J6L,C6S,gift,1,196,196,0
J6L,D2G,gift,1,301,301,0
J6L,D4Z,gift,1,44,44,10
J6L,D9G,gift,1,319,319,0
J6L,G3W,message,1,186,186,
J6L,G7P,message,1,101,101,
J6L,M4D,gift,1,322,322,0
J6L,P4F,gift,1,128,128,5
J6L,P6X,gift,1,100,100,0
J6L,Q4W,message,1,108,108,
J6L,S2N,message,1,172,172,
J6L,V2B,gift,1,111,111,0
J7F,D6W,gift,1,323,323,0
J7F,F9C,message,1,243,243,
J7F,G2K,gift,1,307,307,0
J7F,J4V,message,1,259,259,
J7F,L9C,message,1,154,154,
J7F,L9K,gift,1,92,92,8
J7F,N3F,message,1,328,328,
J7F,Q3N,message,1,221,221,
J7F,S2N,gift,1,52,52,0
J7F,S4V,gift,1,308,308,0
J7F,T7F,gift,1,155,155,6
J7F,V4N,gift,1,132,132,5
J7F,Z2X,message,1,258,258,
J7V,B2F,message,1,334,334,
J7V,B2S,message,1,215,215,
J7V,B7N,gift,1,288,288,0
J7V,B9B,gift,1,86,86,3
J7V,C6Q,message,1,148,148,
J7V,C7D,message,1,80,80,
J7V,D2Q,message,1,387,387,
J7V,D3X,message,1,79,79,
J7V,F2M,message,1,365,365,
J7V,F4Z,message,1,240,240,
J7V,F9S,message,1,197,197,
J7V,G3W,gift,1,40,40,2
J7V,L2X,message,1,216,216,
J7V,L9P,message,1,238,238,
J7V,M2P,message,1,355,355,
J7V,M7Z,gift,1,250,250,0
J7V,Q4D,gift,1,284,284,5
J7V,Q6X,message,1,399,399,
J7V,Q7P,gift,1,202,202,5
J7V,S4V,message,1,183,183,
J7V,S9L,message,1,327,327,
J7V,T2F,message,1,72,72,
J7V,T2N,gift,1,171,171,5
J7V,T2N,message,1,333,333,
J7V,V6G,message,1,147,147,
J7V,W2M,gift,1,51,51,0
J7V,W6B,message,1,214,214,
J7V,W7Q,message,1,61,61,
J7V,X3C,message,1,290,290,
J7V,X4G,message,1,177,177,
J7V,X4J,gift,1,285,285,0
J9D,B4B,message,1,158,158,
J9D,B9B,message,1,228,228,
J9D,D4J,gift,1,163,163,0
J9D,D4J,message,1,169,169,
J9D,D7K,gift,1,76,76,0
J9D,K4Q,message,1,227,227,
J9D,P6X,gift,1,100,100,0
J9D,P9W,message,1,236,236,
J9D,Q2X,gift,1,115,115,15
J9D,Q3N,message,1,200,200,
J9D,Q4W,message,1,234,234,
J9D,Q6J,message,1,56,56,
J9D,S7W,gift,1,287,287,0
J9D,V6L,message,1,211,211,
J9D,V7S,message,1,313,313,
J9D,W6B,gift,1,93,93,0
J9D,W7Q,gift,1,201,201,0
J9D,X4G,gift,1,75,75,5
J9D,X6J,message,1,142,142,
K4Q,C2V,message,1,387,387,
K4Q,D2Q,gift,1,200,200,5
K4Q,F7Q,message,1,254,254,
K4Q,G3W,gift,1,110,110,20
K4Q,J6L,gift,1,172,172,5
K4Q,J9D,gift,1,313,313,0
K4Q,L9K,message,1,228,228,
K4Q,M9P,message,1,340,340,
K4Q,N9X,gift,1,175,175,5
K4Q,Q4S,message,1,154,154,
K4Q,R4V,gift,1,262,262,0
K4Q,R4X,message,1,20,20,
K4Q,R7N,message,1,386,386,
K4Q,S2X,message,1,384,384,
K4Q,V2B,message,1,122,122,
K4Q,V6L,message,1,203,203,
K4Q,W4Z,message,1,174,174,
K4Q,W6B,message,1,88,88,
K4Q,X3C,message,1,121,121,
K4Q,X4J,message,1,196,196,
K4Q,Z3P,message,1,389,389,
K4Q,Z9T,message,1,192,192,
K7F,C6T,gift,1,199,199,0
K7F,C9V,gift,1,176,176,0
K7F,D2G,gift,1,241,241,0
K7F,D9G,gift,1,242,242,0
K7F,F6V,message,1,261,261,
K7F,F6Z,message,1,276,276,
K7F,J7F,gift,1,247,247,0
K7F,L9P,gift,1,244,244,0
K7F,Q4D,gift,1,249,249,5
K7F,Q6J,gift,1,364,364,0
K7F,S2V,gift,1,251,251,0
K7F,S7W,harm,1,250,250,
K7F,V6G,gift,1,212,212,0
K7F,X4J,message,1,253,253,
K7V,B2S,gift,1,218,218,0
K7V,B6Z,gift,1,138,138,0
K7V,C6T,gift,1,217,217,10
K7V,C6T,harm,1,151,151,
K7V,C7D,message,1,136,136,
K7V,C7W,message,1,193,193,
K7V,D2G,gift,1,189,189,0
K7V,D2Q,gift,1,199,199,0
K7V,D2Q,message,1,291,291,
K7V,D2R,gift,1,149,149,0
K7V,D4J,gift,1,204,204,0
K7V,D4Z,gift,1,281,281,0
K7V,G7P,gift,1,235,235,5
K7V,J4V,gift,1,202,202,0
K7V,K4Q,gift,1,227,227,0
K7V,K4Q,message,1,226,226,
K7V,N6P,gift,1,222,222,0
K7V,N9X,gift,1,171,171,0
K7V,P6X,message,1,238,238,
K7V,Q3N,gift,1,287,287,0
K7V,Q4D,message,1,284,284,
K7V,S2N,gift,1,172,172,0
K7V,S7W,gift,1,286,286,0
K7V,T7V,gift,1,223,223,10
K7V,V2B,gift,1,221,221,0
K7V,V6G,gift,1,229,229,0
K7V,V6L,gift,1,203,203,0
K7V,W4Z,gift,1,290,290,0
K7V,W6B,gift,1,211,211,0
K7V,W7Q,message,1,239,239,
K7V,X4G,gift,1,194,194,0
K7V,X6J,harm,1,197,197,
K7V,Z9T,gift,1,278,278,0
K7X,B2F,message,1,85,85,
K7X,B9B,gift,1,249,249,10
K7X,D2R,message,1,149,149,
K7X,D4J,message,1,111,111,
K7X,J6L,message,1,44,44,
K7X,Q2M,gift,1,137,137,0
K7X,Q4S,message,1,86,86,
K7X,R7N,message,1,386,386,
K7X,T4D,gift,1,130,130,0
K7X,V2B,message,1,26,26,
K7X,X4G,message,1,150,150,
K7X,Z2X,message,1,24,24,
L2X,B2S,gift,1,218,218,0
L2X,C6T,message,1,217,217,
L2X,D2G,gift,1,241,241,0
L2X,D9G,gift,1,242,242,0
L2X,F7Q,message,1,247,247,
L2X,G7P,gift,1,235,235,0
L2X,K4Q,gift,1,226,226,0
L2X,M6C,gift,1,336,336,0
L2X,N6P,message,1,275,275,
L2X,P9W,gift,1,243,243,0
L2X,Q3N,gift,1,225,225,0
L2X,Q4S,gift,1,230,230,0
L2X,Q4W,gift,1,234,234,0
L2X,R7N,message,1,326,326,
L2X,T2N,gift,1,339,339,0
L2X,W7Q,gift,1,239,239,0
L2X,Z2X,gift,1,214,214,0
L3K,D4Z,gift,1,241,241,0
L3K,D9G,gift,1,242,242,0
L3K,G7P,gift,1,235,235,5
L3K,J7F,gift,1,247,247,0
L3K,P6X,message,1,238,238,
L3K,P9W,message,1,243,243,
L3K,Q6X,gift,1,236,236,0
L3K,T4L,gift,1,245,245,5
L3K,W7Q,gift,1,246,246,0
L3K,W7Q,harm,1,239,239,
L3X,B2P,harm,1,125,125,
L3X,D3X,gift,1,204,204,0
L3X,D4Z,message,1,157,157,
L3X,F4Z,message,1,152,152,
L3X,M4D,harm,1,65,65,
L3X,P4F,gift,1,159,159,0
L3X,Q4S,message,1,154,154,
L3X,Q6J,harm,1,60,60,
L3X,R3P,gift,1,172,172,2
L3X,S4V,gift,1,195,195,10
L3X,T7V,message,1,158,158,
L3X,V2V,harm,1,78,78,
L3X,V3N,message,1,57,57,
L3X,X7J,message,1,151,151,
L6G,B9B,message,1,121,121,
L6G,C2V,message,1,276,276,
L6G,C4D,gift,1,92,92,0
L6G,C9Q,message,1,190,190,
L6G,D4J,gift,1,316,316,0
L6G,D4J,message,1,138,138,
L6G,D4Z,gift,1,162,162,0
L6G,D4Z,message,1,261,261,
L6G,F4Z,gift,1,241,241,0
L6G,F4Z,message,1,240,240,
L6G,F6V,message,1,163,163,
L6G,K7X,message,1,173,173,
L6G,L9K,message,1,89,89,
L6G,L9P,gift,1,248,248,5
L6G,M4D,message,1,389,389,
L6G,M7Z,message,1,239,239,
L6G,P4F,harm,1,119,119,
L6G,P4F,message,1,159,159,
L6G,Q6J,gift,1,167,167,10
L6G,R3P,gift,1,81,81,3
L6G,R3P,message,1,105,105,
L6G,S7W,message,1,193,193,
L6G,S9L,message,1,328,328,
L6G,S9T,message,1,161,161,
L6G,T9J,message,1,108,108,
L6G,V2B,message,1,122,122,
L6G,V3N,message,1,80,80,
L6G,V6G,message,1,278,278,
L6G,X3C,message,1,168,168,
L6G,X4G,gift,1,258,258,5
L6G,X4G,message,1,75,75,
L6G,X7J,message,1,216,216,
L6G,Z3P,message,1,377,377,
L7C,B6N,message,1,123,123,
L7C,B7N,message,1,13,13,
L7C,C6Q,message,1,148,148,
L7C,C9V,gift,1,185,185,0
L7C,D6W,message,1,145,145,
L7C,F4Z,gift,1,80,80,6
L7C,G7P,message,1,103,103,
L7C,L9P,message,1,14,14,
L7C,P6X,message,1,146,146,
L7C,Q7P,message,1,65,65,
L7C,R3P,gift,1,79,79,4
L7C,S7W,message,1,17,17,
L7C,T9V,message,1,67,67,
L7C,V2V,message,1,98,98,
L7C,V6G,message,1,147,147,
L7C,X6X,message,1,78,78,
L7C,Z2G,gift,1,81,81,5
L9C,C6T,message,1,152,152,
L9C,C9V,gift,1,217,217,0
L9C,D2G,gift,1,201,201,0
L9C,D6W,message,1,23,23,
L9C,F9C,gift,1,200,200,0
L9C,J7V,gift,1,240,240,0
L9C,J7V,message,1,354,354,
L9C,K4Q,gift,1,228,228,0
L9C,L6G,gift,1,116,116,1
L9C,Q6J,gift,1,357,357,0
L9C,Q6J,message,1,355,355,
L9C,T2B,message,1,144,144,
L9C,V2Z,gift,1,127,127,5
L9C,V6L,gift,1,203,203,0
L9C,Z2X,message,1,212,212,
L9K,C6T,message,1,59,59,
L9K,D4Z,gift,1,58,58,10
L9K,F6Z,message,1,371,371,
L9K,K4Q,message,1,227,227,
L9K,L2X,message,1,246,246,
L9K,L9C,message,1,240,240,
L9K,Q4D,message,1,66,66,
L9K,Q6J,message,1,368,368,
L9K,R4X,message,1,19,19,
L9K,S4X,message,1,60,60,
L9K,T2N,gift,1,93,93,10
L9K,X4G,message,1,69,69,
L9K,X4R,message,1,220,220,
L9K,X6X,message,1,71,71,
L9K,Z9T,gift,1,213,213,0
L9P,B2S,message,1,218,218,
L9P,B9B,gift,1,219,219,5
L9P,D2G,message,1,153,153,
L9P,D4P,gift,1,133,133,1
L9P,D7J,gift,1,135,135,0
L9P,D9G,gift,1,207,207,5
L9P,F9C,message,1,90,90,
L9P,J7V,gift,1,354,354,0
L9P,K4Q,gift,1,174,174,0
L9P,K4Q,message,1,232,232,
L9P,L7C,gift,1,105,105,0
L9P,M9P,message,1,355,355,
L9P,N6P,message,1,182,182,
L9P,P6X,message,1,100,100,
L9P,Q2M,gift,1,136,136,0
L9P,Q7P,gift,1,178,178,5
L9P,R4X,message,1,17,17,
L9P,V2B,gift,1,221,221,0
L9P,V2B,message,1,191,191,
L9P,V2Z,gift,1,327,327,0
L9P,W2F,gift,1,126,126,1
L9P,W4Z,gift,1,290,290,0
L9P,W4Z,message,1,289,289,
L9P,W7Q,gift,1,352,352,0
L9P,X3C,message,1,222,222,
L9P,X4G,gift,1,150,150,5
L9P,X4J,message,1,190,190,
L9P,X4R,gift,1,239,239,0
L9P,Z2G,message,1,23,23,
L9P,Z3B,gift,1,353,353,0
L9P,Z3P,message,1,370,370,
M2P,C6Q,gift,1,152,152,4
M2P,C9V,gift,1,361,361,1
M2P,D3X,message,1,110,110,
M2P,D4J,gift,1,177,177,5
M2P,D6K,message,1,261,261,
M2P,F4Z,message,1,245,245,
M2P,J7V,message,1,354,354,
M2P,K7X,message,1,363,363,
M2P,L6G,message,1,260,260,
M2P,M9P,message,1,355,355,
M2P,Q3N,message,1,262,262,
M2P,Q4D,message,1,67,67,
M2P,Q4S,gift,1,228,228,10
M2P,R3P,message,1,367,367,
M2P,S4V,gift,1,205,205,0
M2P,T3Q,message,1,176,176,
M2P,V2B,message,1,122,122,
M2P,V3Q,message,1,114,114,
M2P,W7Q,message,1,172,172,
M2P,X3C,message,1,121,121,
M2P,X4G,gift,1,75,75,5
M2P,X6J,message,1,131,131,
M2P,Z2G,gift,1,133,133,5
M3S,J7F,harm,1,303,303,
M3S,Z2G,gift,1,302,302,0
M4D,B2F,message,1,56,56,
M4D,B7N,message,1,308,308,
M4D,C2V,message,1,276,276,
M4D,C6Q,gift,1,198,198,5
M4D,C7D,message,1,136,136,
M4D,C7W,gift,1,287,287,5
M4D,D2Q,gift,1,199,199,5
M4D,F2M,gift,1,206,206,5
M4D,F2M,message,1,262,262,
M4D,G7P,gift,1,188,188,1
M4D,G7P,message,1,103,103,
M4D,J4V,message,1,137,137,
M4D,J7V,gift,1,60,60,5
M4D,J7V,message,1,59,59,
M4D,L7C,gift,1,78,78,5
M4D,L9C,message,1,124,124,
M4D,L9K,message,1,89,89,
M4D,R3P,message,1,58,58,
M4D,R7N,message,1,320,320,
M4D,S2V,message,1,251,251,
M4D,S4V,message,1,205,205,
M4D,S7W,gift,1,274,274,7
M4D,T2N,gift,1,324,324,7
M4D,T9J,gift,1,108,108,1
M4D,T9N,gift,1,173,173,4
M4D,V3N,message,1,57,57,
M4D,V3Q,message,1,114,114,
M4D,W6B,message,1,54,54,
M4D,X3C,gift,1,126,126,0
M4D,X3C,message,1,322,322,
M4D,X7J,message,1,117,117,
M4D,Z4F,gift,1,375,375,0
M4D,Z9T,message,1,249,249,
M6C,C9V,gift,1,224,224,0
M6C,D4J,gift,1,316,316,0
M6C,D6W,harm,1,336,336,
M6C,D7J,gift,1,226,226,0
M6C,M9P,harm,1,338,338,
M6C,P9W,gift,1,223,223,0
M6C,S4V,harm,1,340,340,
M6C,T4D,gift,1,236,236,0
M6C,T4D,message,1,235,235,
M6C,X3C,harm,1,334,334,
M7Z,B2P,message,1,125,125,
M7Z,C2V,message,1,276,276,
M7Z,D2G,message,1,144,144,
M7Z,D2Q,message,1,337,337,
M7Z,D4Z,gift,1,157,157,0
M7Z,G2K,gift,1,300,300,0
M7Z,L9K,message,1,92,92,
M7Z,M4D,message,1,359,359,
M7Z,M9P,message,1,360,360,
M7Z,P4F,message,1,259,259,
M7Z,Q2X,message,1,16,16,
M7Z,Q4D,message,1,283,283,
M7Z,Q4S,gift,1,155,155,5
M7Z,S3C,message,1,364,364,
M7Z,S4X,message,1,8,8,
M7Z,S7D,message,1,91,91,
M7Z,S7W,message,1,293,293,
M7Z,T2N,message,1,274,274,
M7Z,T4L,gift,1,295,295,0
M7Z,V7S,message,1,273,273,
M7Z,W7Q,message,1,282,282,
M7Z,X3C,message,1,113,113,
M7Z,X4G,message,1,258,258,
M7Z,X7J,message,1,189,189,
M7Z,Z2G,message,1,133,133,
M7Z,Z9T,message,1,70,70,
M9P,B4B,gift,1,223,223,1
M9P,C9V,gift,1,315,315,0
M9P,D4J,gift,1,200,200,0
M9P,G3W,gift,1,69,69,5
M9P,J7V,message,1,284,284,
M9P,K4Q,gift,1,341,341,0
M9P,M7Z,gift,1,336,336,0
M9P,R4X,message,1,18,18,
M9P,S4X,gift,1,64,64,0
M9P,S4X,message,1,58,58,
M9P,V2B,message,1,221,221,
M9P,V6L,gift,1,63,63,0
M9P,W4Z,gift,1,290,290,0
M9P,X3C,message,1,351,351,
N2J,D4J,message,1,252,252,
N2J,P9W,message,1,251,251,
N2J,W4Z,gift,1,261,261,0
N2J,X4R,message,1,380,380,
N3F,B7N,gift,1,279,279,0
N3F,W9F,gift,1,280,280,0
N6D,Z2X,gift,1,193,193,0
N6P,B6Z,gift,1,159,159,0
N6P,G3W,gift,1,42,42,30
N6P,K7X,message,1,38,38,
N6P,M4D,gift,1,264,264,5
N6P,Q4D,gift,1,267,267,0
N6P,Q6X,message,1,399,399,
N6P,S2V,message,1,220,220,
N6P,S4X,message,1,8,8,
N6P,X3C,gift,1,222,222,0
N6P,Z9T,message,1,230,230,
N9X,B6N,gift,1,334,334,0
N9X,B7N,gift,1,288,288,0
N9X,C9N,gift,1,337,337,0
N9X,D6W,gift,1,320,320,0
N9X,F6V,gift,1,163,163,0
N9X,F6V,message,1,170,170,
N9X,G7P,message,1,164,164,
N9X,J7F,message,1,160,160,
N9X,K4Q,message,1,174,174,
N9X,M6C,gift,1,336,336,0
N9X,P6X,gift,1,276,276,0
N9X,P9Q,gift,1,178,178,0
N9X,P9W,message,1,159,159,
N9X,Q6J,message,1,167,167,
N9X,S2N,gift,1,172,172,0
N9X,S2P,message,1,168,168,
N9X,S2V,message,1,169,169,
N9X,S7D,gift,1,273,273,0
N9X,S7W,gift,1,286,286,0
N9X,S9T,message,1,161,161,
N9X,V6G,gift,1,278,278,0
N9X,V6L,gift,1,176,176,0
N9X,V6L,message,1,175,175,
N9X,W7Q,gift,1,282,282,0
N9X,W9F,gift,1,280,280,0
N9X,X4G,message,1,162,162,
N9X,X4R,gift,1,179,179,0
N9X,X4R,message,1,177,177,
N9X,X6X,message,1,166,166,
N9X,Z4F,gift,1,372,372,0
P3P,Q4W,gift,1,256,256,0
P3P,W7Q,gift,1,239,239,0
P4F,B9B,gift,1,228,228,5
P4F,C6Q,message,1,218,218,
P4F,D4J,gift,1,129,129,5
P4F,D4Z,message,1,157,157,
P4F,D9G,gift,1,299,299,5
P4F,F2M,gift,1,63,63,5
P4F,F2M,message,1,262,262,
P4F,F4Z,gift,1,112,112,2
P4F,G3W,message,1,181,181,
P4F,G7P,gift,1,103,103,2
P4F,G7P,message,1,217,217,
P4F,L6G,gift,1,118,118,3
P4F,L6G,message,1,328,328,
P4F,M2P,message,1,265,265,
P4F,M4D,message,1,322,322,
P4F,Q2X,gift,1,104,104,5
P4F,Q2X,message,1,331,331,
P4F,Q4D,message,1,267,267,
P4F,Q4S,gift,1,226,226,10
P4F,Q4S,harm,1,229,229,
P4F,Q6J,message,1,380,380,
P4F,R7N,message,1,320,320,
P4F,S7W,message,1,259,259,
P4F,S9L,message,1,174,174,
P4F,T2N,message,1,327,327,
P4F,T3Q,message,1,61,61,
P4F,T7F,message,1,11,11,
P4F,V4N,gift,1,132,132,5
P4F,V6G,message,1,264,264,
P4F,Z3P,message,1,377,377,
P4T,B7N,gift,1,279,279,0
P4T,L9P,message,1,274,274,
P4T,P6X,gift,1,276,276,0
P4T,Q3N,gift,1,271,271,0
P4T,Q4S,gift,1,265,265,0
P4T,W4Z,gift,1,266,266,0
P6X,B6Z,message,1,130,130,
P6X,C2V,message,1,276,276,
P6X,C7D,gift,1,125,125,0
P6X,D2Q,message,1,312,312,
P6X,D3B,message,1,333,333,
P6X,F9C,message,1,246,246,
P6X,G3W,gift,1,41,41,10
P6X,K7V,message,1,239,239,
P6X,L6G,message,1,313,313,
P6X,N9X,message,1,305,305,
P6X,Q4S,gift,1,116,116,0
P6X,Q4S,message,1,304,304,
P6X,Q6X,message,1,328,328,
P6X,S7D,message,1,157,157,
P6X,T3K,gift,1,172,172,0
P6X,T3K,message,1,174,174,
P6X,T4L,message,1,311,311,
P6X,T7V,gift,1,112,112,1
P6X,V2R,message,1,339,339,
P6X,V2Z,message,1,332,332,
P6X,V6G,message,1,298,298,
P6X,V7S,message,1,129,129,
P6X,W4Z,message,1,327,327,
P6X,Z2G,message,1,294,294,
P6X,Z3B,message,1,334,334,
P7X,V6G,gift,1,264,264,0
P7X,W9F,gift,1,270,270,0
P7X,Z9T,message,1,267,267,
P9Q,C6Q,gift,1,269,269,1
P9Q,C6Q,message,1,218,218,
P9Q,D2G,gift,1,145,145,0
P9Q,D2G,message,1,144,144,
P9Q,D6W,message,1,22,22,
P9Q,D9G,message,1,207,207,
P9Q,G2K,gift,1,307,307,0
P9Q,G7P,message,1,20,20,
P9Q,K4Q,gift,1,107,107,0
P9Q,L9P,message,1,272,272,
P9Q,M2P,gift,1,370,370,1
P9Q,P9W,message,1,16,16,
P9Q,Q2X,message,1,71,71,
P9Q,Q7P,gift,1,178,178,5
P9Q,Q7P,message,1,21,21,
P9Q,R4V,gift,1,143,143,0
P9Q,T4L,gift,1,283,283,0
P9Q,V2B,message,1,111,111,
P9Q,X3C,gift,1,126,126,0
P9Q,Z3P,message,1,179,179,
P9W,B2S,message,1,197,197,
P9W,C7D,message,1,168,168,
P9W,D2R,gift,1,149,149,0
P9W,D4J,message,1,157,157,
P9W,F9C,message,1,90,90,
P9W,J4V,message,1,96,96,
P9W,J7F,message,1,160,160,
P9W,J9D,message,1,237,237,
P9W,L9K,message,1,89,89,
P9W,L9P,gift,1,234,234,0
P9W,M7Z,message,1,282,282,
P9W,Q3N,message,1,271,271,
P9W,R4V,message,1,143,143,
P9W,R4X,message,1,19,19,
P9W,S4X,gift,1,61,61,0
P9W,S7W,message,1,127,127,
P9W,V2B,message,1,27,27,
P9W,V6G,gift,1,240,240,0
P9W,V6G,message,1,147,147,
P9W,W4Z,message,1,225,225,
P9W,W9R,gift,1,102,102,0
P9W,X4G,message,1,150,150,
Q2M,B6Z,gift,1,122,122,0
Q2M,C2V,message,1,270,270,
Q2M,C9V,gift,1,96,96,0
Q2M,D2G,gift,1,144,144,5
Q2M,D2R,gift,1,133,133,0
Q2M,D4J,message,1,252,252,
Q2M,D4Z,gift,1,58,58,5
Q2M,D9G,gift,1,207,207,0
Q2M,F9C,gift,1,232,232,0
Q2M,G7P,message,1,235,235,
Q2M,J6L,gift,1,66,66,5
Q2M,L3X,gift,1,195,195,0
Q2M,L9C,message,1,154,154,
Q2M,M7Z,message,1,264,264,
Q2M,P9W,gift,1,140,140,0
Q2M,P9W,message,1,120,120,
Q2M,Q2X,message,1,71,71,
Q2M,Q4D,message,1,256,256,
Q2M,Q7P,gift,1,65,65,5
Q2M,R3P,message,1,142,142,
Q2M,S7W,gift,1,127,127,0
Q2M,S7W,message,1,259,259,
Q2M,V2B,harm,1,117,117,
Q2M,V3N,message,1,62,62,
Q2M,V6L,gift,1,63,63,0
Q2M,X4G,message,1,258,258,
Q2M,X4J,gift,1,265,265,5
Q2M,X4J,message,1,263,263,
Q2M,X7J,gift,1,216,216,0
Q2M,Z9T,gift,1,67,67,5
Q2X,B2S,message,1,192,192,
Q2X,B6Z,message,1,108,108,
Q2X,C7W,message,1,193,193,
Q2X,C9V,gift,1,91,91,0
Q2X,D2G,gift,1,153,153,0
Q2X,D2G,message,1,201,201,
Q2X,D6W,message,1,206,206,
Q2X,D7J,gift,1,98,98,10
Q2X,D9G,message,1,207,207,
Q2X,F9C,message,1,363,363,
Q2X,G3W,gift,1,40,40,5
Q2X,G3W,message,1,99,99,
Q2X,J4V,gift,1,152,152,0
Q2X,J6L,message,1,113,113,
Q2X,K4Q,message,1,107,107,
Q2X,M9P,message,1,199,199,
Q2X,P4F,message,1,209,209,
Q2X,Q3N,message,1,200,200,
Q2X,R3P,message,1,105,105,
Q2X,T3K,gift,1,333,333,0
Q2X,V2B,gift,1,224,224,0
Q2X,V3Q,gift,1,102,102,20
Q2X,V6L,message,1,211,211,
Q2X,X3C,gift,1,121,121,0
Q2X,X3C,message,1,222,222,
Q2X,X4G,gift,1,75,75,5
Q2X,X4R,message,1,366,366,
Q2X,Z2X,message,1,367,367,
Q2X,Z3B,message,1,365,365,
Q3D,J7F,gift,1,303,303,0
Q3D,M4D,message,1,264,264,
Q3D,Q3N,gift,1,253,253,0
Q3D,Q3N,message,1,262,262,
Q3D,Q4S,message,1,265,265,
Q3D,S4V,message,1,311,311,
Q3D,T3Q,message,1,306,306,
Q3D,W4Z,harm,1,304,304,
Q3D,W9F,gift,1,255,255,0
Q3D,W9F,harm,1,266,266,
Q3N,C9V,gift,1,134,134,0
Q3N,D4J,message,1,334,334,
Q3N,F9C,message,1,367,367,
Q3N,G3W,gift,1,40,40,10
Q3N,G7P,message,1,273,273,
Q3N,J6L,gift,1,189,189,0
Q3N,J7F,message,1,220,220,
Q3N,L9P,gift,1,187,187,0
Q3N,L9P,message,1,182,182,
Q3N,M9P,message,1,355,355,
Q3N,P6X,message,1,100,100,
Q3N,P9W,message,1,272,272,
Q3N,Q4D,message,1,66,66,
Q3N,Q4S,message,1,304,304,
Q3N,Q4W,gift,1,281,281,0
Q3N,T4L,gift,1,305,305,0
Q3N,T4L,message,1,242,242,
Q3N,T7F,gift,1,44,44,10
Q3N,V2B,gift,1,222,222,0
Q3N,V2B,message,1,221,221,
Q3N,V3Q,message,1,101,101,
Q3N,W4Z,gift,1,307,307,0
Q3N,W4Z,message,1,306,306,
Q3N,X4G,message,1,374,374,
Q3N,X7J,message,1,117,117,
Q3N,Z2X,gift,1,219,219,0
Q3N,Z6J,gift,1,283,283,0
Q3N,Z9T,gift,1,70,70,5
Q3N,Z9T,message,1,67,67,
Q4D,B4B,message,1,213,213,
Q4D,C2V,message,1,341,341,
Q4D,C6Q,message,1,77,77,
Q4D,C7D,message,1,186,186,
Q4D,C9V,gift,1,349,349,0
Q4D,D2G,message,1,313,313,
Q4D,D4J,gift,1,344,344,0
Q4D,D9G,message,1,207,207,
Q4D,G3W,gift,1,169,169,5
Q4D,L6G,gift,1,212,212,3
Q4D,L7C,gift,1,78,78,5
Q4D,L9K,message,1,67,67,
Q4D,M4D,gift,1,253,253,0
Q4D,M4D,message,1,289,289,
Q4D,M7Z,gift,1,254,254,10
Q4D,P9Q,harm,1,360,360,
Q4D,P9W,message,1,274,274,
Q4D,Q2M,message,1,255,255,
Q4D,Q2X,message,1,331,331,
Q4D,Q3N,gift,1,287,287,0
Q4D,R3P,gift,1,72,72,5
Q4D,S2V,message,1,69,69,
Q4D,T7F,harm,1,128,128,
Q4D,T9V,harm,1,114,114,
Q4D,V2B,harm,1,122,122,
Q4D,V2B,message,1,132,132,
Q4D,X3C,gift,1,119,119,0
Q4D,X4R,harm,1,153,153,
Q4D,X6J,message,1,243,243,
Q4D,Z2X,message,1,372,372,
Q4S,B2S,gift,1,300,300,0
Q4S,B9B,gift,1,166,166,0
Q4S,C6Q,message,1,148,148,
Q4S,D2G,gift,1,301,301,5
Q4S,D2R,message,1,149,149,
Q4S,F9C,message,1,79,79,
Q4S,J7V,gift,1,138,138,0
Q4S,J9D,gift,1,154,154,0
Q4S,M2P,gift,1,228,228,10
Q4S,M2P,message,1,227,227,
Q4S,P4F,gift,1,226,226,6
Q4S,P4F,message,1,224,224,
Q4S,P6X,message,1,146,146,
Q4S,R3P,gift,1,142,142,0
Q4S,S4V,message,1,230,230,
Q4S,T3K,message,1,211,211,
Q4S,V2B,gift,1,223,223,0
Q4S,V2Z,message,1,80,80,
Q4S,V4N,gift,1,277,277,0
Q4S,V6G,gift,1,147,147,5
Q4S,X6J,gift,1,73,73,30
Q4S,Z2X,gift,1,141,141,0
Q4W,B2S,message,1,208,208,
Q4W,C7W,message,1,105,105,
Q4W,F7Q,message,1,392,392,
Q4W,G3W,gift,1,91,91,5
Q4W,J9D,message,1,59,59,
Q4W,Q2X,message,1,71,71,
Q4W,S7D,message,1,321,321,
Q4W,W4Z,message,1,210,210,
Q4W,W6B,gift,1,249,249,0
Q4W,X4J,gift,1,235,235,0
Q6J,B6N,gift,1,180,180,5
Q6J,B7N,gift,1,289,289,0
Q6J,B7N,message,1,288,288,
Q6J,C9V,gift,1,56,56,0
Q6J,D9G,gift,1,130,130,5
Q6J,D9G,message,1,76,76,
Q6J,F4Z,message,1,245,245,
Q6J,F9C,message,1,246,246,
Q6J,G3W,gift,1,147,147,10
Q6J,G7P,message,1,235,235,
Q6J,J7F,message,1,220,220,
Q6J,J9D,message,1,55,55,
Q6J,K7X,message,1,26,26,
Q6J,L9C,gift,1,358,358,0
Q6J,M9P,message,1,345,345,
Q6J,P9W,message,1,236,236,
Q6J,Q7P,gift,1,179,179,0
Q6J,S4X,gift,1,53,53,0
Q6J,S7D,gift,1,320,320,0
Q6J,S7W,message,1,286,286,
Q6J,V3N,message,1,57,57,
Q6J,V3Q,gift,1,316,316,0
Q6J,W4Z,gift,1,161,161,0
Q6J,Z2X,message,1,167,167,
Q6P,B7N,message,1,13,13,
Q6P,G3W,gift,1,37,37,2
Q6P,K7X,message,1,38,38,
Q6P,L9P,message,1,14,14,
Q6P,R4X,message,1,20,20,
Q6P,T9J,message,1,108,108,
Q6P,X4G,gift,1,90,90,5
Q6P,Z2G,gift,1,81,81,5
Q6X,C6T,gift,1,217,217,10
Q6X,D2Q,gift,1,316,316,0
Q6X,D2Q,message,1,312,312,
Q6X,F2M,gift,1,299,299,0
Q6X,F6Z,harm,1,366,366,
Q6X,F6Z,message,1,353,353,
Q6X,G2K,gift,1,303,303,0
Q6X,G3W,message,1,191,191,
Q6X,J4V,message,1,202,202,
Q6X,L9C,harm,1,354,354,
Q6X,M9P,gift,1,199,199,0
Q6X,Q3N,gift,1,204,204,0
Q6X,Q3N,message,1,200,200,
Q6X,Q4D,message,1,189,189,
Q6X,Q4W,gift,1,187,187,0
Q6X,Q4W,message,1,186,186,
Q6X,Q7P,gift,1,322,322,0
Q6X,T2N,gift,1,324,324,0
Q6X,W4Z,gift,1,329,329,0
Q6X,Z2X,gift,1,335,335,0
Q6X,Z3B,gift,1,365,365,0
Q6X,Z6J,message,1,188,188,
Q7P,B6N,gift,1,192,192,0
Q7P,B6N,message,1,191,191,
Q7P,C6Q,message,1,77,77,
Q7P,C6T,message,1,237,237,
Q7P,D2G,gift,1,139,139,5
Q7P,F9C,message,1,210,210,
Q7P,J4V,message,1,175,175,
Q7P,M4D,message,1,190,190,
Q7P,Q2M,gift,1,263,263,0
Q7P,Q2M,message,1,235,235,
Q7P,Q4D,gift,1,346,346,5
Q7P,Q4S,message,1,62,62,
Q7P,R3P,message,1,153,153,
Q7P,S4X,gift,1,70,70,5
Q7P,S7D,gift,1,133,133,10
Q7P,T2N,gift,1,270,270,5
Q7P,T3Q,gift,1,324,324,5
Q7P,T9N,message,1,173,173,
Q7P,V4N,gift,1,132,132,5
Q7P,V4N,message,1,36,36,
Q7P,Z3P,message,1,199,199,
R3P,B2F,gift,1,82,82,3
R3P,B2F,message,1,177,177,
R3P,B9B,message,1,166,166,
R3P,C6Q,message,1,77,77,
R3P,D4Z,gift,1,294,294,2
R3P,D4Z,message,1,281,281,
R3P,D7K,message,1,348,348,
R3P,D9G,message,1,68,68,
R3P,F2M,gift,1,365,365,10
R3P,F2M,message,1,299,299,
R3P,G3W,message,1,64,64,
R3P,L7C,message,1,78,78,
R3P,L9C,message,1,124,124,
R3P,M7Z,gift,1,258,258,0
R3P,Q2X,gift,1,107,107,12
R3P,Q2X,message,1,154,154,
R3P,R4X,gift,1,72,72,5
R3P,R4X,message,1,70,70,
R3P,T3Q,gift,1,176,176,0
R3P,T7F,gift,1,10,10,1
R3P,T9J,message,1,76,76,
R3P,W6B,message,1,92,92,
R3P,X4G,message,1,162,162,
R3P,X4R,message,1,304,304,
R3P,X7J,message,1,151,151,
R3P,Z2G,gift,1,81,81,5
R4D,X7D,harm,1,392,392,
R4N,C4N,gift,1,344,344,0
R4N,C9V,harm,1,346,346,
R4N,M9P,message,1,345,345,
R4N,W7Q,message,1,330,330,
R4V,F6L,gift,1,142,142,0
R4V,G3W,gift,1,181,181,5
R4V,K4Q,message,1,261,261,
R4V,P9W,gift,1,251,251,0
R4V,Q3N,gift,1,262,262,0
R4V,S7W,gift,1,259,259,0
R4V,S7W,message,1,250,250,
R4V,T2B,gift,1,144,144,0
R4V,T4D,gift,1,256,256,0
R4V,W4Z,gift,1,258,258,0
R4V,W9F,gift,1,255,255,0
R4V,W9R,message,1,233,233,
R4V,X6J,message,1,184,184,
R4X,B7N,message,1,13,13,
R4X,C2V,message,1,27,27,
R4X,C6Q,gift,1,77,77,5
R4X,C6T,message,1,73,73,
R4X,L7C,gift,1,78,78,0
R4X,L9P,message,1,66,66,
R4X,R3P,message,1,71,71,
R4X,S7D,message,1,76,76,
R4X,W6B,message,1,70,70,
R4X,W9R,message,1,72,72,
R4X,X6X,gift,1,74,74,5
R7J,C9V,gift,1,208,208,0
R7J,D4J,gift,1,352,352,0
R7N,C2V,gift,1,382,382,0
R7N,F6Z,gift,1,349,349,0
R7N,F9C,message,1,341,341,
R7N,J4K,gift,1,346,346,0
R7N,Q3N,gift,1,352,352,0
R7N,Q4W,gift,1,363,363,0
R7N,Q6X,gift,1,367,367,0
R7N,W7Q,gift,1,359,359,0
R7N,Z3B,gift,1,365,365,0
S2N,B3X,message,1,400,400,
S2N,C7W,gift,1,272,272,0
S2N,D4J,message,1,249,249,
S2N,D6W,message,1,388,388,
S2N,D7K,message,1,308,308,
S2N,F4Z,message,1,324,324,
S2N,J9D,message,1,390,390,
S2N,L6G,message,1,379,379,
S2N,L9P,gift,1,248,248,0
S2N,L9P,message,1,384,384,
S2N,M9P,message,1,290,290,
S2N,Q6X,message,1,294,294,
S2N,R4D,message,1,391,391,
S2N,R7N,message,1,380,380,
S2N,S7W,message,1,193,193,
S2N,S9T,gift,1,260,260,0
S2N,T4J,message,1,385,385,
S2N,V6L,message,1,269,269,
S2N,W4Z,gift,1,264,264,0
S2N,X3C,message,1,271,271,
S2N,X4R,message,1,382,382,
S2N,Z2X,message,1,371,371,
S2N,Z3P,message,1,396,396,
S2P,B4B,harm,1,165,165,
S2P,F2M,gift,1,83,83,5
S2P,G3W,gift,1,77,77,2
S2P,L7C,gift,1,78,78,5
S2P,S7D,message,1,157,157,
S2P,T3Q,gift,1,97,97,5
S2P,T9J,message,1,108,108,
S2P,X4R,harm,1,161,161,
S2P,X6J,message,1,170,170,
S2V,B2S,gift,1,215,215,0
S2V,C6Q,gift,1,218,218,0
S2V,G3W,gift,1,39,39,10
S2V,M7Z,message,1,255,255,
S2V,Q3N,gift,1,253,253,0
S2V,Q3N,message,1,70,70,
S2V,T2N,message,1,171,171,
S2V,T4L,gift,1,289,289,0
S2V,T7V,gift,1,223,223,5
S2V,T9J,gift,1,76,76,5
S2V,T9N,gift,1,225,225,1
S2V,V4N,message,1,32,32,
S2V,X4J,gift,1,170,170,0
S2V,Z9T,gift,1,213,213,0
S2V,Z9T,message,1,123,123,
S2X,C4N,harm,1,357,357,
S2X,C9V,message,1,345,345,
S2X,F7B,message,1,362,362,
S2X,K4Q,message,1,344,344,
S2X,L9P,message,1,347,347,
S2X,X4R,message,1,369,369,
S3C,C9V,message,1,361,361,
S3C,F4Z,gift,1,368,368,0
S3C,F6Z,gift,1,371,371,0
S3C,F7B,gift,1,362,362,0
S3C,M7Z,gift,1,365,365,0
S3C,M7Z,message,1,363,363,
S3C,M9P,gift,1,366,366,0
S3C,X7D,gift,1,395,395,0
S3C,Z3B,gift,1,370,370,0
S4K,B2F,message,1,91,91,
S4K,J6L,message,1,104,104,
S4K,L9K,gift,1,89,89,0
S4K,V2Z,message,1,96,96,
S4K,W6B,message,1,88,88,
S4K,Z2X,message,1,106,106,
S4V,B6N,gift,1,185,185,10
S4V,B6N,message,1,183,183,
S4V,C4N,gift,1,353,353,0
S4V,C4N,message,1,352,352,
S4V,C7D,message,1,186,186,
S4V,C9V,gift,1,226,226,0
S4V,D3B,message,1,350,350,
S4V,D4J,harm,1,317,317,
S4V,F6Z,message,1,345,345,
S4V,F7B,message,1,200,200,
S4V,G7P,gift,1,235,235,5
S4V,G7P,message,1,188,188,
S4V,J7F,message,1,307,307,
S4V,J7V,message,1,354,354,
S4V,J9D,gift,1,313,313,0
S4V,J9D,message,1,366,366,
S4V,K7F,message,1,341,341,
S4V,L6G,gift,1,379,379,0
S4V,M6C,message,1,339,339,
S4V,M9P,message,1,199,199,
S4V,P9Q,message,1,201,201,
S4V,Q2X,message,1,337,337,
S4V,Q3D,gift,1,312,312,0
S4V,Q3D,message,1,310,310,
S4V,Q4S,gift,1,230,230,0
S4V,Q4W,gift,1,321,321,0
S4V,Q6J,gift,1,369,369,0
S4V,R7N,gift,1,362,362,0
S4V,T3Q,gift,1,306,306,5
S4V,V2B,gift,1,221,221,0
S4V,V6L,message,1,203,203,
S4V,W4Z,gift,1,309,309,0
S4V,X3C,gift,1,222,222,0
S4V,X4R,gift,1,184,184,0
S4V,X4R,message,1,382,382,
S4V,Z2X,gift,1,212,212,0
S4V,Z2X,message,1,335,335,
S4X,C9V,gift,1,56,56,0
S4X,G3W,gift,1,69,69,5
S4X,J4V,message,1,58,58,
S4X,J6L,message,1,189,189,
S4X,J7F,message,1,54,54,
S4X,L7C,gift,1,136,136,1
S4X,P9W,message,1,61,61,
S4X,Q6J,message,1,60,60,
S4X,T4D,message,1,177,177,
S4X,W4Z,gift,1,166,166,0
S4X,Z2X,gift,1,64,64,0
S4X,Z2X,message,1,170,170,
S7D,C6S,message,1,23,23,
S7D,C6T,message,1,59,59,
S7D,C9V,gift,1,269,269,0
S7D,D6W,message,1,323,323,
S7D,G3W,gift,1,39,39,10
S7D,J7F,message,1,247,247,
S7D,K7X,message,1,38,38,
S7D,P6X,gift,1,158,158,0
S7D,P9W,gift,1,277,277,0
S7D,P9W,message,1,274,274,
S7D,R4X,message,1,17,17,
S7D,S4X,message,1,60,60,
S7D,T2N,gift,1,111,111,1
S7D,T3K,message,1,321,321,
S7D,T9J,gift,1,76,76,5
S7D,T9V,gift,1,376,376,0
S7D,V3N,message,1,62,62,
S7D,V3Q,gift,1,131,131,10
S7D,V6G,message,1,147,147,
S7D,W4Z,message,1,258,258,
S7D,W6B,gift,1,88,88,0
S7D,X6J,message,1,317,317,
S7D,Z2X,message,1,322,322,
S7W,D6W,message,1,188,188,
S7W,D7J,gift,1,157,157,0
S7W,F6Z,gift,1,159,159,0
S7W,J6L,message,1,172,172,
S7W,J9D,message,1,287,287,
S7W,P6X,gift,1,276,276,0
S7W,P9W,message,1,128,128,
S7W,Q4W,gift,1,103,103,0
S7W,S2P,gift,1,120,120,0
S7W,S4X,gift,1,57,57,0
S7W,X4J,gift,1,214,214,0
S7W,Z9T,gift,1,67,67,5
S9L,B6N,message,1,123,123,
S9L,B9B,message,1,86,86,
S9L,C2V,message,1,276,276,
S9L,D2G,gift,1,158,158,5
S9L,D7K,message,1,338,338,
S9L,G3W,gift,1,39,39,2
S9L,J7V,message,1,326,326,
S9L,L9K,message,1,89,89,
S9L,L9P,message,1,90,90,
S9L,M4D,message,1,322,322,
S9L,N6P,message,1,342,342,
S9L,Q3N,message,1,100,100,
S9L,Q7P,gift,1,179,179,5
S9L,S4X,message,1,9,9,
S9L,T4J,message,1,225,225,
S9L,V2Z,message,1,130,130,
S9L,V4N,message,1,329,329,
S9T,G2K,message,1,241,241,
S9T,L6G,gift,1,161,161,5
S9T,M7Z,gift,1,151,151,0
S9T,N6P,gift,1,158,158,0
S9T,T4D,gift,1,256,256,0
S9T,T4D,message,1,257,257,
S9T,V6G,gift,1,389,389,0
S9T,W4Z,gift,1,258,258,0
T2B,C6T,message,1,59,59,
T2B,D3X,gift,1,117,117,0
T2B,F6L,gift,1,142,142,0
T2B,G2K,gift,1,307,307,0
T2B,L9C,gift,1,145,145,0
T2B,Q4S,gift,1,116,116,0
T2B,Q6J,message,1,369,369,
T2B,R3P,message,1,68,68,
T2B,S4X,gift,1,118,118,0
T2B,S7D,gift,1,147,147,0
T2B,T4L,gift,1,305,305,0
T2B,V6L,message,1,377,377,
T2B,W4Z,gift,1,235,235,0
T2B,X3C,message,1,146,146,
T2F,B9B,message,1,110,110,
T2F,F9C,message,1,91,91,
T2F,G3W,harm,1,96,96,
T2F,Q7P,gift,1,65,65,5
T2F,S4X,gift,1,53,53,0
T2F,V4N,message,1,34,34,
T2F,X4R,message,1,127,127,
T2N,B7N,message,1,292,292,
T2N,B9B,gift,1,228,228,5
T2N,C6S,message,1,337,337,
T2N,D2G,gift,1,278,278,5
T2N,D2G,message,1,325,325,
T2N,D9G,gift,1,207,207,5
T2N,G3W,gift,1,42,42,2
T2N,J4V,message,1,275,275,
T2N,L2X,message,1,338,338,
T2N,L6G,gift,1,238,238,5
T2N,L9K,gift,1,227,227,5
T2N,M2P,message,1,309,309,
T2N,M7Z,gift,1,219,219,3
T2N,Q6X,message,1,399,399,
T2N,R3P,harm,1,379,379,
T2N,S7W,message,1,274,274,
T2N,T4L,gift,1,245,245,5
T2N,V4N,gift,1,328,328,0
T3K,B4B,gift,1,158,158,10
T3K,B6N,message,1,333,333,
T3K,C6T,gift,1,151,151,0
T3K,D2G,gift,1,153,153,4
T3K,D6W,gift,1,152,152,0
T3K,D7J,message,1,325,325,
T3K,F6V,gift,1,292,292,0
T3K,J7F,gift,1,160,160,6
T3K,L9P,gift,1,150,150,0
T3K,P6X,gift,1,157,157,0
T3K,P9W,gift,1,223,223,0
T3K,Q2X,message,1,332,332,
T3K,Q4S,gift,1,212,212,0
T3K,Q4S,message,1,210,210,
T3K,S7W,gift,1,191,191,0
T3K,S9T,message,1,161,161,
T3K,T2B,gift,1,145,145,0
T3K,T4D,gift,1,177,177,0
T3K,T4D,message,1,176,176,
T3K,T7F,gift,1,154,154,5
T3K,V2Z,message,1,329,329,
T3K,V3Q,gift,1,146,146,6
T3K,X3C,gift,1,222,222,0
T3K,X4J,gift,1,190,190,0
T3K,X4R,gift,1,385,385,0
T3K,Z2X,gift,1,159,159,6
T3K,Z2X,message,1,336,336,
T3Q,B2F,gift,1,234,234,5
T3Q,B2F,message,1,232,232,
T3Q,B2S,message,1,307,307,
T3Q,B9B,gift,1,86,86,3
T3Q,C6Q,gift,1,219,219,5
T3Q,C6Q,message,1,217,217,
T3Q,C7D,message,1,136,136,
T3Q,D2G,message,1,133,133,
T3Q,D3X,message,1,135,135,
T3Q,D4Z,message,1,157,157,
T3Q,D6W,message,1,145,145,
T3Q,D9G,message,1,319,319,
T3Q,F2M,gift,1,262,262,5
T3Q,F2M,message,1,321,321,
T3Q,F4Z,message,1,241,241,
T3Q,F7B,message,1,233,233,
T3Q,G3W,message,1,98,98,
T3Q,G7P,message,1,235,235,
T3Q,J4V,gift,1,138,138,10
T3Q,J4V,message,1,137,137,
T3Q,L6G,gift,1,213,213,3
T3Q,M2P,gift,1,109,109,0
T3Q,M7Z,message,1,345,345,
T3Q,P6X,message,1,318,318,
T3Q,P9Q,gift,1,192,192,2
T3Q,P9Q,harm,1,144,144,
T3Q,Q3D,message,1,309,309,
T3Q,Q6J,message,1,55,55,
T3Q,R3P,gift,1,58,58,5
T3Q,R4X,message,1,19,19,
T3Q,S4X,message,1,252,252,
T3Q,T4L,message,1,242,242,
T3Q,T7F,gift,1,186,186,5
T3Q,V2Z,gift,1,127,127,5
T3Q,V7S,harm,1,139,139,
T3Q,X7J,message,1,211,211,
T4D,C6Q,message,1,259,259,
T4D,D2G,message,1,153,153,
T4D,F4Z,message,1,282,282,
T4D,J9D,message,1,233,233,
T4D,L9C,message,1,154,154,
T4D,L9P,message,1,150,150,
T4D,P6X,message,1,283,283,
T4D,S7W,gift,1,260,260,0
T4D,T7F,gift,1,43,43,10
T4D,T7S,message,1,30,30,
T4D,V2Z,gift,1,95,95,0
T4D,W6B,message,1,258,258,
T4D,X4R,gift,1,378,378,0
T4D,X6J,gift,1,94,94,5
T4D,Z3P,gift,1,370,370,0
T4J,C2V,message,1,295,295,
T4J,C9N,message,1,336,336,
T4J,D3X,message,1,324,324,
T4J,D4J,harm,1,327,327,
T4J,F4Z,message,1,360,360,
T4J,F7B,message,1,362,362,
T4J,G7P,gift,1,265,265,5
T4J,J6L,message,1,330,330,
T4J,J9D,gift,1,313,313,0
T4J,K7F,message,1,231,231,
T4J,L9C,gift,1,354,354,0
T4J,L9P,message,1,256,256,
T4J,M4D,message,1,322,322,
T4J,M9P,message,1,366,366,
T4J,P6X,message,1,332,332,
T4J,P9W,gift,1,251,251,0
T4J,Q2M,gift,1,255,255,5
T4J,Q3N,message,1,262,262,
T4J,Q4D,message,1,249,249,
T4J,R7N,gift,1,386,386,0
T4J,R7N,message,1,356,356,
T4J,S7D,message,1,355,355,
T4J,S7W,gift,1,253,253,0
T4J,S7W,message,1,250,250,
T4J,S9L,message,1,226,226,
T4J,T4D,gift,1,257,257,0
T4J,V2Z,message,1,329,329,
T4J,V6G,gift,1,264,264,0
T4J,W7Q,message,1,359,359,
T4J,W9F,gift,1,268,268,0
T4J,W9F,message,1,266,266,
T4J,X4G,gift,1,258,258,0
T4J,X7D,gift,1,396,396,0
T4J,Z9T,gift,1,325,325,0
T4L,B4B,gift,1,158,158,10
T4L,B7N,gift,1,279,279,0
T4L,D2Q,gift,1,316,316,0
T4L,D4Z,gift,1,157,157,6
T4L,D6W,gift,1,152,152,0
T4L,D9G,message,1,242,242,
T4L,G2K,gift,1,303,303,0
T4L,G7P,harm,1,235,235,
T4L,L9P,gift,1,272,272,0
T4L,Q4D,gift,1,284,284,0
T4L,Q4S,gift,1,230,230,0
T4L,Q6X,gift,1,331,331,0
T4L,R7N,gift,1,334,334,0
T4L,T3Q,message,1,243,243,
T4L,T9V,gift,1,335,335,0
T4L,V4N,gift,1,328,328,0
T4L,W7Q,gift,1,237,237,0
T4L,W7Q,message,1,239,239,
T4L,Z2X,message,1,159,159,
T4S,J6L,message,1,189,189,
T4S,L9P,message,1,182,182,
T4S,Q4W,message,1,186,186,
T4S,S2N,gift,1,172,172,0
T4S,S2V,gift,1,169,169,6
T4S,V2Z,message,1,395,395,
T4S,X4G,gift,1,194,194,0
T4S,Z4F,gift,1,187,187,0
T7F,C2V,gift,1,174,174,0
T7F,C6Q,message,1,148,148,
T7F,C6T,gift,1,152,152,0
T7F,C6T,harm,1,45,45,
T7F,C6T,message,1,237,237,
T7F,D2G,gift,1,241,241,0
T7F,D2G,message,1,139,139,
T7F,F2M,gift,1,168,168,0
T7F,G3W,gift,1,44,44,5
T7F,G3W,message,1,39,39,
T7F,G7P,gift,1,235,235,5
T7F,J6L,message,1,172,172,
T7F,L9P,message,1,238,238,
T7F,N6P,message,1,34,34,
T7F,Q2X,message,1,15,15,
T7F,Q7P,message,1,173,173,
T7F,R3P,message,1,242,242,
T7F,T7S,message,1,30,30,
T7F,V3N,message,1,14,14,
T7F,V3Q,gift,1,146,146,0
T7F,W6B,message,1,35,35,
T7F,X4G,gift,1,162,162,5
T7F,X6J,message,1,42,42,
T7F,Z2G,message,1,79,79,
T7V,B9B,gift,1,68,68,5
T7V,B9B,message,1,166,166,
T7V,D2Q,gift,1,291,291,0
T7V,D4Z,message,1,164,164,
T7V,F7Q,gift,1,247,247,0
T7V,J4V,gift,1,281,281,0
T7V,J4V,message,1,280,280,
T7V,J7V,gift,1,236,236,2
T7V,P6X,message,1,283,283,
T7V,Q6J,message,1,167,167,
T7V,S2V,message,1,169,169,
T7V,S7W,message,1,293,293,
T7V,V2B,harm,1,191,191,
T7V,V3N,gift,1,45,45,0
T7V,V4N,message,1,33,33,
T7V,W9R,gift,1,72,72,0
T7V,X3C,message,1,243,243,
T7V,X4R,harm,1,95,95,
T7V,X7J,message,1,285,285,
T9J,G3W,gift,1,39,39,2
T9J,L9K,message,1,89,89,
T9J,Q2X,message,1,104,104,
T9J,W6B,message,1,93,93,
T9J,Z2G,message,1,10,10,
T9M,B7N,gift,1,288,288,0
T9M,W9F,gift,1,292,292,0
T9N,B9B,gift,1,166,166,2
T9N,C6T,message,1,162,162,
T9N,D2G,message,1,133,133,
T9N,D4J,gift,1,156,156,5
T9N,D4Z,gift,1,157,157,5
T9N,D4Z,message,1,149,149,
T9N,J9D,message,1,141,141,
T9N,K7X,harm,1,218,218,
T9N,L9C,message,1,124,124,
T9N,Q7P,message,1,175,175,
T9N,V4N,message,1,132,132,
T9N,V6G,gift,1,110,110,10
T9N,X6J,message,1,129,129,
T9V,B6Z,gift,1,128,128,0
T9V,C9V,gift,1,244,244,0
T9V,D2G,gift,1,139,139,0
T9V,J4V,gift,1,280,280,0
T9V,J6L,message,1,113,113,
T9V,L9K,message,1,126,126,
T9V,M3S,message,1,313,313,
T9V,N9X,message,1,327,327,
T9V,P6X,message,1,283,283,
T9V,P7X,message,1,304,304,
T9V,V3Q,message,1,120,120,
T9V,X6J,gift,1,243,243,0
T9V,Z9T,message,1,267,267,
V2B,C6Q,gift,1,77,77,5
V2B,D2G,message,1,223,223,
V2B,D3X,gift,1,79,79,10
V2B,D6W,gift,1,323,323,0
V2B,F7B,message,1,194,194,
V2B,F9C,gift,1,210,210,0
V2B,K4Q,message,1,24,24,
V2B,L9C,message,1,183,183,
V2B,P9W,gift,1,66,66,0
V2B,Q2M,gift,1,113,113,0
V2B,Q2X,message,1,222,222,
V2B,T9J,message,1,76,76,
V2B,V3N,message,1,73,73,
V2B,W6B,gift,1,95,95,0
V2B,W6B,message,1,93,93,
V2B,X3C,message,1,78,78,
V2V,T7F,gift,1,52,52,3
V2Z,B2S,gift,1,218,218,0
V2Z,B7N,gift,1,237,237,0
V2Z,C6Q,message,1,77,77,
V2Z,D7K,message,1,253,253,
V2Z,F9C,gift,1,372,372,0
V2Z,G3W,gift,1,43,43,5
V2Z,G7P,message,1,21,21,
V2Z,J9D,gift,1,75,75,0
V2Z,P4F,gift,1,131,131,0
V2Z,P6X,gift,1,227,227,0
V2Z,R4X,message,1,20,20,
V2Z,S4K,message,1,97,97,
V2Z,S7D,gift,1,76,76,10
V2Z,S7W,message,1,25,25,
V2Z,T3K,gift,1,330,330,0
V2Z,T4J,message,1,334,334,
V2Z,W4S,gift,1,389,389,0
V3N,C7D,message,1,81,81,
V3N,C7W,message,1,193,193,
V3N,D4J,gift,1,204,204,5
V3N,D6W,gift,1,203,203,0
V3N,J4V,message,1,202,202,
V3N,J6L,message,1,192,192,
V3N,T7F,gift,1,13,13,10
V3N,V6L,message,1,194,194,
V3Q,B6N,gift,1,157,157,10
V3Q,C6T,gift,1,150,150,0
V3Q,C7W,gift,1,105,105,0
V3Q,D2G,gift,1,139,139,5
V3Q,D4J,gift,1,343,343,0
V3Q,D4Z,gift,1,164,164,6
V3Q,D7J,gift,1,329,329,0
V3Q,D7K,gift,1,332,332,0
V3Q,D9G,gift,1,242,242,0
V3Q,F4Z,gift,1,112,112,2
V3Q,F6L,gift,1,142,142,0
V3Q,F6V,gift,1,163,163,0
V3Q,G3W,gift,1,111,111,1
V3Q,J4V,gift,1,96,96,0
V3Q,J6L,gift,1,110,110,0
V3Q,K4Q,gift,1,107,107,20
V3Q,K7V,gift,1,136,136,5
V3Q,L3X,gift,1,154,154,6
V3Q,L7C,gift,1,102,102,20
V3Q,L9C,gift,1,354,354,0
V3Q,M2P,gift,1,165,165,5
V3Q,M9P,gift,1,338,338,0
V3Q,P6X,gift,1,128,128,5
V3Q,P9W,gift,1,159,159,0
V3Q,Q2X,gift,1,337,337,0
V3Q,Q2X,message,1,101,101,
V3Q,Q4W,gift,1,125,125,0
V3Q,Q6J,message,1,315,315,
V3Q,R7N,gift,1,356,356,0
V3Q,S2X,harm,1,369,369,
V3Q,S7W,gift,1,127,127,0
V3Q,S7W,message,1,276,276,
V3Q,T2B,gift,1,144,144,0
V3Q,T3K,gift,1,265,265,0
V3Q,V2B,gift,1,122,122,0
V3Q,V2Z,gift,1,95,95,0
V3Q,V2Z,harm,1,372,372,
V3Q,V4N,gift,1,132,132,5
V3Q,W7Q,gift,1,140,140,0
V3Q,X3C,gift,1,129,129,0
V3Q,X3C,message,1,146,146,
V3Q,Z6J,gift,1,114,114,0
V3Q,Z6J,message,1,118,118,
V4N,B2F,message,1,25,25,
V4N,B2S,gift,1,307,307,0
V4N,B9B,gift,1,228,228,5
V4N,C2V,message,1,148,148,
V4N,C6T,message,1,237,237,
V4N,D6W,gift,1,330,330,0
V4N,D6W,message,1,329,329,
V4N,L6G,gift,1,118,118,3
V4N,L9P,message,1,238,238,
V4N,Q2X,gift,1,104,104,5
V4N,Q2X,message,1,98,98,
V4N,Q3N,message,1,100,100,
V4N,R7N,message,1,386,386,
V4N,S9L,message,1,328,328,
V4N,T4L,gift,1,316,316,0
V4N,T9J,gift,1,108,108,1
V4N,W4Z,message,1,142,142,
V4N,W6B,message,1,99,99,
V4N,X4R,gift,1,385,385,0
V4N,Z2G,message,1,321,321,
V4N,Z2X,message,1,165,165,
V6G,B2S,message,1,283,283,
V6G,C6T,gift,1,152,152,4
V6G,C6T,message,1,151,151,
V6G,C9V,gift,1,105,105,0
V6G,D2G,gift,1,171,171,0
V6G,D4Z,gift,1,157,157,0
V6G,F4Z,message,1,282,282,
V6G,G3W,gift,1,44,44,10
V6G,J7F,gift,1,219,219,5
V6G,Q3N,message,1,225,225,
V6G,R4X,message,1,19,19,
V6G,S4X,gift,1,60,60,0
V6G,S7D,gift,1,275,275,0
V6G,S7D,message,1,274,274,
V6G,T3K,gift,1,273,273,0
V6G,T9N,gift,1,110,110,10
V6G,T9N,message,1,108,108,
V6G,V2B,message,1,221,221,
V6G,V3N,gift,1,80,80,6
V6G,W4Z,message,1,156,156,
V6G,W9F,message,1,240,240,
V6G,X3C,gift,1,222,222,0
V6G,X3C,message,1,271,271,
V6L,B2S,message,1,288,288,
V6L,D2R,gift,1,102,102,0
V6L,D4J,message,1,185,185,
V6L,D6W,gift,1,320,320,0
V6L,F6Z,message,1,342,342,
V6L,J7F,message,1,258,258,
V6L,J9D,message,1,371,371,
V6L,L9P,gift,1,99,99,0
V6L,M4D,gift,1,322,322,0
V6L,N9X,message,1,176,176,
V6L,Q2M,gift,1,263,263,0
V6L,Q2X,gift,1,101,101,0
V6L,Q6J,message,1,369,369,
V6L,Q6X,gift,1,207,207,0
V6L,Q6X,message,1,206,206,
V6L,S7D,gift,1,88,88,0
V6L,T4L,gift,1,316,316,0
V6L,T7F,gift,1,167,167,0
V6L,W4Z,message,1,171,171,
V6L,W6B,message,1,199,199,
V6L,X7J,message,1,205,205,
V6L,Z3P,gift,1,370,370,0
V6L,Z6J,gift,1,190,190,0
V6L,Z6J,message,1,188,188,
V6L,Z6N,gift,1,120,120,0
V6L,Z9T,message,1,213,213,
V7S,B2F,message,1,251,251,
V7S,C4D,message,1,23,23,
V7S,C7W,message,1,287,287,
V7S,C9V,message,1,310,310,
V7S,D2Q,message,1,75,75,
V7S,D4J,message,1,127,127,
V7S,D6K,message,1,261,261,
V7S,D6W,message,1,22,22,
V7S,D9G,gift,1,266,266,5
V7S,M4D,message,1,84,84,
V7S,P4F,gift,1,134,134,5
V7S,P6X,message,1,128,128,
V7S,P9Q,harm,1,159,159,
V7S,Q4D,gift,1,249,249,5
V7S,Q4D,message,1,285,285,
V7S,Q7P,message,1,311,311,
V7S,R4X,message,1,17,17,
V7S,S7W,message,1,286,286,
W2F,D3X,gift,1,79,79,10
W2F,G3W,gift,1,44,44,5
W2F,T3Q,message,1,75,75,
W2F,Z2G,gift,1,81,81,5
W2M,F7X,message,1,47,47,
W2M,J7V,message,1,50,50,
W4S,V2Z,message,1,388,388,
W4Z,B7N,message,1,283,283,
W4Z,B9B,gift,1,166,166,0
W4Z,C6T,gift,1,151,151,0
W4Z,C6T,message,1,152,152,
W4Z,C7W,message,1,294,294,
W4Z,C9V,gift,1,207,207,0
W4Z,D4J,gift,1,305,305,0
W4Z,D7J,gift,1,364,364,0
W4Z,F6L,gift,1,267,267,0
W4Z,F6L,message,1,142,142,
W4Z,J4V,message,1,202,202,
W4Z,J6L,message,1,172,172,
W4Z,K7X,harm,1,130,130,
W4Z,N2J,gift,1,255,255,0
W4Z,N2J,message,1,260,260,
W4Z,N6P,gift,1,158,158,0
W4Z,P4F,gift,1,270,270,0
W4Z,P4T,gift,1,362,362,0
W4Z,P9W,gift,1,226,226,0
W4Z,S2V,gift,1,169,169,6
W4Z,S2V,message,1,205,205,
W4Z,S4V,gift,1,306,306,0
W4Z,S7W,gift,1,271,271,0
W4Z,T2B,message,1,234,234,
W4Z,T4L,gift,1,295,295,0
W4Z,T7V,gift,1,223,223,20
W4Z,V6G,gift,1,264,264,0
W4Z,V6G,message,1,157,157,
W4Z,V6L,message,1,203,203,
W4Z,W7Q,message,1,140,140,
W4Z,X3C,gift,1,222,222,0
W4Z,X4R,gift,1,175,175,0
W4Z,X4R,message,1,164,164,
W4Z,Z2G,message,1,133,133,
W4Z,Z2X,gift,1,212,212,0
W6B,B2S,gift,1,307,307,0
W6B,B7N,gift,1,288,288,0
W6B,C2V,message,1,30,30,
W6B,C6S,message,1,31,31,
W6B,C7D,gift,1,80,80,5
W6B,D2G,message,1,241,241,
W6B,D4J,gift,1,82,82,0
W6B,D7J,gift,1,88,88,0
W6B,D9G,gift,1,242,242,0
W6B,D9G,message,1,250,250,
W6B,F2M,gift,1,218,218,0
W6B,F9C,message,1,233,233,
W6B,J4V,gift,1,96,96,0
W6B,J7V,gift,1,215,215,0
W6B,K4Q,message,1,89,89,
W6B,L6G,message,1,313,313,
W6B,L9C,gift,1,240,240,0
W6B,M6C,message,1,235,235,
W6B,M9P,gift,1,199,199,0
W6B,P4F,gift,1,224,224,6
W6B,Q3N,message,1,253,253,
W6B,Q4D,gift,1,66,66,5
W6B,Q4W,gift,1,238,238,0
W6B,Q6J,message,1,55,55,
W6B,R3P,gift,1,93,93,0
W6B,R4X,gift,1,71,71,0
W6B,S2V,gift,1,251,251,0
W6B,S7D,message,1,321,321,
W6B,T2N,gift,1,333,333,8
W6B,T4D,gift,1,259,259,0
W6B,T4D,message,1,257,257,
W6B,T7V,gift,1,223,223,10
W6B,V2B,gift,1,221,221,0
W6B,V2Z,gift,1,95,95,0
W6B,V3N,message,1,62,62,
W6B,V6L,message,1,198,198,
W6B,W4Z,gift,1,304,304,0
W6B,W4Z,harm,1,325,325,
W6B,X3C,gift,1,222,222,0
W6B,X4R,gift,1,239,239,0
W6B,X6J,gift,1,65,65,0
W6B,X6J,message,1,327,327,
W6B,X7J,gift,1,216,216,0
W6B,Z2X,gift,1,219,219,0
W6B,Z2X,message,1,335,335,
W6B,Z9T,gift,1,67,67,0
W7Q,C6T,gift,1,84,84,0
W7Q,C7D,harm,1,136,136,
W7Q,D2G,harm,1,144,144,
W7Q,D4Z,gift,1,157,157,0
W7Q,D6W,gift,1,148,148,0
W7Q,F4Z,message,1,244,244,
W7Q,G2K,gift,1,298,298,0
W7Q,G7P,message,1,188,188,
W7Q,J4V,gift,1,50,50,0
W7Q,J6L,gift,1,189,189,0
W7Q,J7V,gift,1,354,354,0
W7Q,J9D,message,1,200,200,
W7Q,K4Q,gift,1,261,261,0
W7Q,K7V,gift,1,240,240,0
W7Q,L6G,gift,1,161,161,5
W7Q,L6G,message,1,260,260,
W7Q,L9K,gift,1,231,231,0
W7Q,L9P,gift,1,272,272,0
W7Q,M7Z,message,1,283,283,
W7Q,M9P,gift,1,271,271,0
W7Q,N6P,gift,1,51,51,0
W7Q,P9Q,message,1,203,203,
W7Q,Q2X,message,1,71,71,
W7Q,Q4S,message,1,86,86,
W7Q,Q7P,gift,1,346,346,0
W7Q,R3P,gift,1,153,153,0
W7Q,S2N,gift,1,172,172,0
W7Q,S2N,message,1,285,285,
W7Q,S2P,gift,1,168,168,2
W7Q,S4X,message,1,53,53,
W7Q,T2B,gift,1,145,145,0
W7Q,V6L,message,1,63,63,
W7Q,W6B,message,1,54,54,
W7Q,X4G,gift,1,241,241,0
W7Q,X4G,harm,1,150,150,
W7Q,X4G,message,1,75,75,
W7Q,X4J,gift,1,234,234,0
W7Q,Z2X,gift,1,195,195,0
W7Q,Z2X,harm,1,159,159,
W9F,B2S,message,1,242,242,
W9F,D6K,message,1,262,262,
W9F,D6W,gift,1,257,257,0
W9F,F6V,gift,1,281,281,0
W9F,F9C,message,1,376,376,
W9F,L6G,gift,1,238,238,0
W9F,P7X,message,1,269,269,
W9F,S7D,gift,1,255,255,0
W9F,T4J,message,1,267,267,
W9F,T4L,gift,1,276,276,0
W9F,V6G,gift,1,240,240,0
W9F,V6G,message,1,241,241,
W9F,X4J,gift,1,246,246,0
W9F,X7D,gift,1,395,395,0
W9F,Z4F,gift,1,256,256,0
W9R,B3X,message,1,391,391,
W9R,C6Q,message,1,77,77,
W9R,J4V,message,1,96,96,
W9R,J9D,message,1,390,390,
W9R,L7C,gift,1,105,105,0
W9R,Q2X,gift,1,115,115,15
W9R,Q3N,message,1,119,119,
W9R,Q4S,message,1,86,86,
W9R,T2B,gift,1,120,120,0
W9R,V2B,message,1,110,110,
W9R,V2Z,gift,1,95,95,0
W9R,V3N,gift,1,45,45,0
W9R,W6B,message,1,92,92,
W9R,Z2X,message,1,376,376,
W9R,Z9T,gift,1,291,291,0
X3C,B7N,message,1,231,231,
X3C,C7W,gift,1,272,272,0
X3C,D2Q,gift,1,133,133,0
X3C,D3X,gift,1,135,135,0
X3C,D4J,gift,1,178,178,0
X3C,F7X,message,1,109,109,
X3C,J6L,gift,1,104,104,0
X3C,J6L,message,1,110,110,
X3C,J7F,message,1,247,247,
X3C,Q2X,message,1,115,115,
X3C,Q6J,gift,1,319,319,0
X3C,Q6J,message,1,369,369,
X3C,Q6X,message,1,334,334,
X3C,R3P,gift,1,142,142,0
X3C,S4X,gift,1,58,58,0
X3C,T4L,gift,1,301,301,0
X3C,T7F,gift,1,141,141,10
X3C,X4R,gift,1,164,164,0
X3C,X7J,gift,1,124,124,5
X3C,Z2X,gift,1,102,102,0
X4G,B6N,gift,1,280,280,1
X4G,B9B,message,1,228,228,
X4G,C4D,gift,1,102,102,1
X4G,C9V,gift,1,58,58,0
X4G,C9V,message,1,231,231,
X4G,D2Q,gift,1,291,291,5
X4G,D7J,message,1,107,107,
X4G,G3W,gift,1,37,37,10
X4G,G3W,message,1,114,114,
X4G,L9P,gift,1,288,288,0
X4G,N9X,gift,1,163,163,0
X4G,Q2M,gift,1,259,259,0
X4G,Q2M,message,1,263,263,
X4G,Q2X,gift,1,115,115,0
X4G,Q4S,message,1,230,230,
X4G,S4X,gift,1,56,56,0
X4G,T4J,message,1,375,375,
X4G,T4S,message,1,208,208,
X4G,V2Z,gift,1,127,127,0
X4G,V2Z,message,1,211,211,
X4G,V3N,message,1,57,57,
X4G,W4Z,message,1,258,258,
X4G,X4R,gift,1,239,239,0
X4G,X4R,message,1,245,245,
X4G,X6J,message,1,229,229,
X4G,Z9T,message,1,207,207,
X4J,B2S,gift,1,215,215,0
X4J,B2S,message,1,198,198,
X4J,B7N,gift,1,247,247,0
X4J,C9V,harm,1,191,191,
X4J,D3X,gift,1,239,239,0
X4J,D4Z,message,1,281,281,
X4J,D7K,gift,1,261,261,0
X4J,F6L,gift,1,269,269,0
X4J,F6V,message,1,163,163,
X4J,F7X,message,1,207,207,
X4J,G7P,gift,1,235,235,0
X4J,J4V,message,1,202,202,
X4J,L9P,message,1,238,238,
X4J,M9P,gift,1,199,199,0
X4J,P3P,gift,1,241,241,0
X4J,P6X,message,1,276,276,
X4J,P9Q,gift,1,178,178,0
X4J,Q2M,message,1,264,264,
X4J,Q3N,gift,1,253,253,0
X4J,Q3N,message,1,200,200,
X4J,Q4S,gift,1,230,230,0
X4J,Q4W,gift,1,400,400,0
X4J,Q4W,message,1,234,234,
X4J,Q6J,message,1,167,167,
X4J,T7V,gift,1,280,280,0
X4J,V6L,message,1,194,194,
X4J,W7Q,message,1,233,233,
X4J,X4G,message,1,162,162,
X4J,X4R,message,1,164,164,
X4J,X7J,gift,1,193,193,0
X4J,Z2X,gift,1,214,214,0
X4R,B9B,gift,1,301,301,1
X4R,C7D,message,1,197,197,
X4R,C9V,gift,1,231,231,0
X4R,C9V,message,1,239,239,
X4R,D2G,message,1,241,241,
X4R,D2Q,gift,1,199,199,0
X4R,D6W,message,1,177,177,
X4R,D7K,gift,1,308,308,0
X4R,D9G,message,1,242,242,
X4R,F7X,gift,1,227,227,1
X4R,F9S,gift,1,223,223,1
X4R,G2K,gift,1,307,307,0
X4R,G7P,gift,1,235,235,5
X4R,J7V,gift,1,240,240,0
X4R,L3X,gift,1,131,131,0
X4R,N9X,message,1,178,178,
X4R,Q2X,message,1,107,107,
X4R,Q4W,message,1,108,108,
X4R,S2N,gift,1,246,246,0
X4R,S2X,message,1,370,370,
X4R,T2N,message,1,256,256,
X4R,T4J,message,1,369,369,
X4R,T4S,message,1,182,182,
X4R,T7F,message,1,249,249,
X4R,T7V,gift,1,215,215,5
X4R,T7V,message,1,315,315,
X4R,T9J,message,1,130,130,
X4R,T9N,gift,1,190,190,1
X4R,W7Q,message,1,176,176,
X4R,Z2X,message,1,326,326,
X4R,Z4F,message,1,375,375,
X6J,C6Q,message,1,218,218,
X6J,D2G,message,1,241,241,
X6J,D2R,message,1,129,129,
X6J,D3X,gift,1,137,137,0
X6J,D3X,message,1,135,135,
X6J,D4J,gift,1,315,315,0
X6J,D6W,message,1,22,22,
X6J,G3W,message,1,91,91,
X6J,J9D,gift,1,143,143,0
X6J,J9D,message,1,141,141,
X6J,L7C,message,1,105,105,
X6J,L9K,gift,1,126,126,0
X6J,M4D,message,1,74,74,
X6J,P9W,message,1,243,243,
X6J,Q2M,gift,1,136,136,0
X6J,Q6J,message,1,226,226,
X6J,Q6X,message,1,324,324,
X6J,S7W,message,1,25,25,
X6J,T4J,message,1,225,225,
X6J,V2Z,message,1,127,127,
X6J,V3N,gift,1,45,45,0
X6J,V4N,message,1,132,132,
X6J,V6G,gift,1,253,253,0
X6J,W7Q,message,1,140,140,
X6J,X4R,message,1,374,374,
X6J,X7J,gift,1,119,119,5
X6J,Z2X,message,1,214,214,
X6X,B2F,gift,1,74,74,5
X6X,B7N,message,1,13,13,
X6X,C4D,message,1,71,71,
X6X,C6Q,message,1,77,77,
X6X,D3X,message,1,204,204,
X6X,D9G,gift,1,79,79,4
X6X,J6L,message,1,66,66,
X6X,L9K,message,1,70,70,
X6X,Q4D,message,1,67,67,
X6X,S4V,gift,1,195,195,0
X6X,T4D,message,1,232,232,
X6X,T7F,gift,1,183,183,4
X6X,V7S,gift,1,332,332,3
X7D,C7W,message,1,288,288,
X7D,F6Z,gift,1,371,371,0
X7D,J4V,gift,1,280,280,0
X7D,P6X,message,1,276,276,
X7D,Q4D,gift,1,285,285,5
X7D,Q4D,message,1,284,284,
X7D,Q4S,gift,1,277,277,0
X7D,T2N,gift,1,274,274,0
X7D,V6G,message,1,278,278,
X7D,W4Z,gift,1,290,290,0
X7J,B4B,message,1,213,213,
X7J,B9B,message,1,228,228,
X7J,C9Q,message,1,211,211,
X7J,D3X,gift,1,227,227,0
X7J,D4J,gift,1,224,224,0
X7J,D7J,message,1,98,98,
X7J,D9G,gift,1,214,214,0
X7J,D9G,message,1,212,212,
X7J,F2M,message,1,149,149,
X7J,F4Z,message,1,244,244,
X7J,F9S,message,1,163,163,
X7J,J7F,message,1,184,184,
X7J,J9D,message,1,122,122,
X7J,M4D,gift,1,308,308,5
X7J,Q2X,message,1,107,107,
X7J,Q7P,message,1,182,182,
X7J,T2N,gift,1,286,286,5
X7J,T7V,message,1,174,174,
X7J,V6G,gift,1,147,147,5
X7J,V6L,message,1,204,204,
X7J,X3C,gift,1,124,124,5
X7J,Z2G,gift,1,81,81,5
Z2G,B2S,message,1,303,303,
Z2G,C6T,gift,1,82,82,0
Z2G,G3W,gift,1,91,91,2
Z2G,J7F,gift,1,215,215,0
Z2G,L9C,message,1,154,154,
Z2G,L9P,message,1,22,22,
Z2G,N2J,message,1,276,276,
Z2G,P9W,gift,1,147,147,0
Z2G,P9W,message,1,14,14,
Z2G,Q2X,gift,1,115,115,15
Z2G,Q4D,gift,1,113,113,0
Z2G,R4X,message,1,18,18,
Z2G,S4V,gift,1,364,364,0
Z2G,S7W,message,1,25,25,
Z2G,T2B,gift,1,93,93,10
Z2G,T3Q,message,1,38,38,
Z2G,T7F,gift,1,155,155,5
Z2G,T7V,gift,1,112,112,5
Z2G,X6X,gift,1,218,218,0
Z2X,B2S,message,1,378,378,
Z2X,C6T,gift,1,217,217,0
Z2X,D2G,gift,1,139,139,0
Z2X,D2Q,message,1,162,162,
Z2X,D4Z,gift,1,157,157,0
Z2X,D7J,gift,1,76,76,0
Z2X,G2K,message,1,373,373,
Z2X,J7V,gift,1,240,240,0
Z2X,L7C,gift,1,78,78,5
Z2X,L9P,message,1,238,238,
Z2X,M6C,message,1,376,376,
Z2X,Q6J,message,1,168,168,
Z2X,Q6X,message,1,356,356,
Z2X,Q7P,message,1,311,311,
Z2X,R3P,gift,1,335,335,0
Z2X,R7N,message,1,372,372,
Z2X,S4V,gift,1,336,336,0
Z2X,S4X,gift,1,57,57,0
Z2X,S7W,gift,1,193,193,0
Z2X,T4L,message,1,160,160,
Z2X,T7V,gift,1,223,223,5
Z2X,T9N,message,1,246,246,
Z2X,V3Q,gift,1,138,138,0
Z2X,W6B,gift,1,237,237,0
Z2X,W7Q,message,1,194,194,
Z2X,W9F,message,1,255,255,
Z2X,W9R,gift,1,207,207,0
Z2X,W9R,message,1,72,72,
Z2X,X3C,message,1,52,52,
Z2X,X4G,message,1,215,215,
Z2X,X4J,message,1,226,226,
Z2X,Z4F,message,1,377,377,
Z3B,L9P,message,1,352,352,
Z3B,N6P,message,1,342,342,
Z3B,Q7P,gift,1,311,311,5
Z3B,S7W,gift,1,286,286,0
Z3B,T4L,gift,1,305,305,0
Z3B,W4Z,gift,1,306,306,0
Z3B,X3C,gift,1,333,333,0
Z3B,X4J,harm,1,285,285,
Z3B,X4R,gift,1,382,382,0
Z3B,Z4F,message,1,357,357,
Z3P,B4B,message,1,213,213,
Z3P,C2V,gift,1,134,134,5
Z3P,C6T,gift,1,150,150,0
Z3P,C7D,gift,1,136,136,5
Z3P,C9V,gift,1,173,173,0
Z3P,D2G,gift,1,189,189,0
Z3P,D2R,gift,1,149,149,0
Z3P,D4J,gift,1,177,177,5
Z3P,D4Z,gift,1,157,157,6
Z3P,D6W,gift,1,152,152,0
Z3P,F6L,message,1,142,142,
Z3P,F6V,gift,1,165,165,0
Z3P,F6V,message,1,163,163,
Z3P,F7B,gift,1,199,199,0
Z3P,G7P,message,1,235,235,
Z3P,J4V,message,1,137,137,
Z3P,L9P,gift,1,182,182,0
Z3P,P4F,gift,1,159,159,5
Z3P,P9Q,message,1,178,178,
Z3P,Q4S,gift,1,154,154,5
Z3P,Q6J,gift,1,167,167,10
Z3P,S2N,gift,1,172,172,0
Z3P,S2P,gift,1,168,168,2
Z3P,S2V,gift,1,169,169,6
Z3P,S4V,gift,1,205,205,0
Z3P,S4V,message,1,183,183,
Z3P,S9L,message,1,135,135,
Z3P,T2B,gift,1,145,145,0
Z3P,T2B,message,1,144,144,
Z3P,V2B,gift,1,221,221,0
Z3P,V2Z,message,1,130,130,
Z3P,V3Q,gift,1,148,148,0
Z3P,V3Q,message,1,138,138,
Z3P,V6G,gift,1,147,147,5
Z3P,V6L,message,1,185,185,
Z3P,W6B,message,1,207,207,
Z3P,W7Q,gift,1,140,140,0
Z3P,X3C,message,1,139,139,
Z3P,X4R,gift,1,184,184,0
Z3P,X4R,harm,1,180,180,
Z3P,X6J,message,1,131,131,
Z3P,X7J,message,1,151,151,
Z3P,Z6J,gift,1,188,188,0
Z4F,C4N,message,1,364,364,
Z4F,D4J,gift,1,353,353,0
Z4F,D6W,gift,1,320,320,0
Z4F,D7K,gift,1,332,332,0
Z4F,F6V,gift,1,163,163,0
Z4F,F7Q,gift,1,254,254,0
Z4F,L6G,gift,1,328,328,0
Z4F,T4D,gift,1,256,256,0
Z4F,V3Q,gift,1,298,298,0
Z4F,W4Z,gift,1,164,164,0
Z4F,W9F,message,1,255,255,
Z4F,X3C,gift,1,333,333,0
Z4F,X4G,gift,1,162,162,5
Z4F,Z6J,gift,1,188,188,5
Z6J,C6T,message,1,152,152,
Z6J,D6W,message,1,400,400,
Z6J,D7J,message,1,114,114,
Z6J,F6Z,message,1,378,378,
Z6J,F7Q,message,1,390,390,
Z6J,G7P,message,1,188,188,
Z6J,K4Q,gift,1,261,261,0
Z6J,P4T,message,1,392,392,
Z6J,Q2M,message,1,135,135,
Z6J,R4D,message,1,395,395,
Z6J,R4N,message,1,387,387,
Z6J,S2X,message,1,389,389,
Z6J,S3C,message,1,386,386,
Z6J,V6L,message,1,189,189,
Z9T,C4X,gift,1,102,102,0
Z9T,C6T,message,1,217,217,
Z9T,C9V,gift,1,325,325,0
Z9T,D3X,message,1,203,203,
Z9T,D6W,message,1,400,400,
Z9T,F6V,message,1,87,87,
Z9T,J4V,message,1,202,202,
Z9T,J7F,message,1,247,247,
Z9T,K4Q,message,1,227,227,
Z9T,M9P,message,1,199,199,
Z9T,N6P,gift,1,231,231,0
Z9T,P7X,message,1,268,268,
Z9T,Q6X,message,1,399,399,
Z9T,R4X,gift,1,70,70,0
Z9T,S2X,message,1,389,389,
Z9T,S7D,message,1,251,251,
Z9T,T4L,gift,1,289,289,0
Z9T,T7V,gift,1,68,68,0
Z9T,X3C,message,1,243,243,
Z9T,X4G,gift,1,194,194,5
Z9T,X7J,message,1,216,216,
